date,CB_apparent_temperature_mean,CB_apparent_temperature_max,CB_apparent_temperature_min,CB_precipitation_sum,CB_rain_sum,CB_pressure_msl_mean,CB_cloud_cover_max,CB_dew_point_2m_mean,NB_apparent_temperature_mean,NB_apparent_temperature_max,NB_apparent_temperature_min,NB_precipitation_sum,NB_rain_sum,NB_pressure_msl_mean,NB_cloud_cover_max,NB_dew_point_2m_mean,SB_apparent_temperature_mean,SB_apparent_temperature_max,SB_apparent_temperature_min,SB_precipitation_sum,SB_rain_sum,SB_pressure_msl_mean,SB_cloud_cover_max,SB_dew_point_2m_mean,SM_apparent_temperature_mean,SM_apparent_temperature_max,SM_apparent_temperature_min,SM_precipitation_sum,SM_rain_sum,SM_pressure_msl_mean,SM_cloud_cover_max,SM_dew_point_2m_mean,NM_apparent_temperature_mean,NM_apparent_temperature_max,NM_apparent_temperature_min,NM_precipitation_sum,NM_rain_sum,NM_pressure_msl_mean,NM_cloud_cover_max,NM_dew_point_2m_mean
2022-07-01,21.279676,27.19886,15.525938,11.999999,11.999999,1014.70844,100.0,17.239584,22.750711,28.18446,16.304008,13.7,13.7,1014.94147,100.0,17.288248,19.707254,25.459244,11.768038,3.1,3.1,1015.50397,100.0,15.606251,26.50191,32.718216,18.86459,1.4,1.4,1012.98755,100.0,17.929165,27.065804,33.55667,19.16716,13.2,13.2,1012.51666,100.0,17.710417
2022-07-02,17.763597,24.123472,11.58126,0.1,0.1,1023.89594,100.0,11.585418,18.72832,23.565058,11.789192,0.2,0.2,1023.7708,61.0,12.532001,15.978771,22.318373,9.464572,0.0,0.0,1024.1542,61.0,10.272917,18.189972,22.336664,13.380283,0.3,0.3,1023.01245,100.0,12.2854185,17.055246,20.577526,14.812275,0.8000001,0.8000001,1023.17914,100.0,13.466667
2022-07-03,20.364752,27.68843,11.545122,0.0,0.0,1019.17914,100.0,13.306251,20.916094,28.12413,12.332468,0.0,0.0,1019.2791,65.0,14.619499,20.792519,28.942207,12.843452,0.0,0.0,1019.41675,87.0,14.327085,21.438078,29.044605,13.523487,0.0,0.0,1019.35834,76.0,13.360417,20.344542,27.040209,13.583359,0.2,0.2,1019.7708,100.0,14.358333
2022-07-04,21.989183,28.043358,16.418526,0.0,0.0,1017.09174,100.0,14.902084,23.008224,27.580536,16.478706,0.0,0.0,1017.37085,100.0,14.594499,21.744165,28.572945,14.8571,0.0,0.0,1017.53326,100.0,15.429168,23.47746,32.544964,15.71673,0.0,0.0,1016.84576,100.0,13.845834,23.421219,30.814987,15.075514,0.0,0.0,1016.7542,100.0,14.64375
2022-07-05,20.775162,25.069527,17.277628,0.0,0.0,1018.41254,100.0,13.652083,21.039637,25.427895,16.956684,0.0,0.0,1018.9416,100.0,12.098666,19.101284,24.075453,15.995575,12.400001,12.400001,1018.6958,100.0,15.310417,20.059626,22.565151,15.757483,10.400001,10.400001,1017.325,100.0,16.054167,19.762907,21.468506,17.402197,17.7,17.7,1017.53754,100.0,16.529165
2022-07-06,17.52408,20.456661,13.581295,0.3,0.3,1020.4959,100.0,10.7375,17.309595,21.425833,13.271511,0.2,0.2,1020.9499,100.0,10.450749,17.106848,22.588737,12.073727,0.3,0.3,1020.41254,100.0,11.968751,18.204035,24.22827,14.04003,0.0,0.0,1019.1291,100.0,11.039584,18.106558,23.764122,14.294773,4.0,4.0,1019.0791,100.0,13.677082
2022-07-07,14.388283,17.394121,11.736422,0.9000001,0.9000001,1019.5623,100.0,10.04375,15.013496,18.592049,11.034066,8.099999,8.099999,1019.40424,100.0,11.66325,13.883639,16.082119,10.867223,5.7999997,5.7999997,1020.05426,100.0,10.516667,16.30684,20.352621,12.052841,0.8,0.8,1018.696,100.0,10.764584,16.211678,20.778196,10.105619,0.5,0.5,1018.5999,100.0,10.89375
2022-07-08,13.91739,17.036983,11.131842,2.9999995,2.9999995,1025.2167,100.0,10.804166,14.542882,17.506706,11.768593,1.0000001,1.0000001,1025.3793,100.0,11.5007515,12.159665,14.870081,9.847894,7.799999,7.799999,1025.6626,100.0,10.327085,15.576675,18.337393,13.016987,0.8000001,0.8000001,1022.72076,100.0,11.308333,15.841813,19.209908,13.300997,2.2,2.2,1021.94586,100.0,12.060417
2022-07-09,15.615258,21.342382,11.5519495,1.5000001,1.5000001,1023.71246,100.0,11.900001,15.635956,18.531403,11.106379,2.8999999,2.8999999,1023.69586,100.0,12.563251,14.499036,19.02218,10.184081,4.5999994,4.5999994,1024.4958,100.0,10.758334,16.309473,21.496567,11.679274,1.2,1.2,1022.59595,100.0,10.0125,16.245285,21.344992,11.9771805,0.9000001,0.9000001,1021.7458,100.0,10.293751
2022-07-10,12.241548,13.623371,10.891087,0.8000001,0.8000001,1020.4834,100.0,8.522917,13.019525,15.898064,10.606239,0.3,0.3,1020.4709,100.0,9.421585,12.19891,14.581055,11.19144,1.6000001,1.6000001,1020.7249,100.0,9.13125,12.805782,15.778818,10.656365,0.0,0.0,1018.8376,100.0,7.9500003,12.9845085,15.819799,11.151021,2.2,2.2,1017.84174,100.0,9.177084
2022-07-11,14.010814,17.991112,10.27664,0.0,0.0,1021.0542,100.0,7.527084,15.004506,20.28812,9.118836,0.0,0.0,1021.1084,100.0,8.702833,12.779873,16.800922,8.343805,0.3,0.3,1021.56244,100.0,7.954167,13.593598,17.805244,9.383205,0.2,0.2,1020.2334,100.0,6.479166,13.181576,17.321085,9.037013,1.5,1.5,1019.4583,100.0,8.608334
2022-07-12,15.550495,20.464382,9.666759,0.1,0.1,1022.7959,100.0,8.722917,16.6132,21.564503,10.379194,0.0,0.0,1022.81665,100.0,10.211167,15.1896105,18.557308,10.1623125,0.2,0.2,1023.2126,100.0,9.052084,15.142728,20.83098,9.140027,0.0,0.0,1021.76666,100.0,7.5416665,14.969964,18.37672,10.189642,0.3,0.3,1020.5042,100.0,9.008332
2022-07-13,20.209759,27.007708,12.538881,0.0,0.0,1020.38324,100.0,10.1125,21.160028,28.70385,11.752125,0.0,0.0,1020.25006,100.0,12.148667,18.726076,26.270924,9.084174,0.0,0.0,1021.82495,100.0,10.825001,20.159073,27.41395,12.229574,0.0,0.0,1020.4084,99.0,8.752082,20.00992,26.668377,12.568089,0.0,0.0,1018.9915,100.0,9.8875
2022-07-14,21.916344,26.61308,18.125824,0.5,0.5,1016.35004,100.0,12.704167,21.910246,26.212662,17.444347,3.7,3.7,1016.71246,100.0,15.119502,22.25678,28.870941,14.982063,0.5,0.5,1016.72485,100.0,12.654167,24.260065,30.76728,17.726793,0.2,0.2,1015.7334,100.0,11.4645815,22.045881,27.576164,16.647953,2.6,2.6,1015.35834,100.0,12.752083
2022-07-15,15.3672905,18.212202,10.757111,0.0,0.0,1019.5667,100.0,8.822917,14.72667,17.83533,9.562123,0.1,0.1,1019.81244,100.0,8.759085,16.616133,19.838196,13.051197,0.70000005,0.70000005,1019.3957,100.0,10.729167,17.17888,21.196768,12.95285,2.0,2.0,1018.1208,100.0,8.947917,17.490908,19.97222,14.165714,1.5,1.5,1017.4917,100.0,10.545832
2022-07-16,15.199005,18.076427,11.082956,0.0,0.0,1020.45416,100.0,7.8374996,15.438451,19.090551,11.146094,0.0,0.0,1020.53754,100.0,9.132,15.535603,20.199171,10.932092,0.0,0.0,1020.7,98.0,9.379168,16.241585,21.689758,9.7741165,0.0,0.0,1019.83325,100.0,7.3645825,15.29697,19.634762,8.785468,3.6999998,3.6999998,1019.5291,100.0,8.737499
2022-07-17,15.758122,22.587784,7.258172,0.0,0.0,1026.0043,96.0,7.0916667,15.934826,23.043667,7.706155,0.0,0.0,1026.1459,90.0,7.8695006,16.28692,22.61219,8.629517,0.0,0.0,1025.921,100.0,8.635418,16.645853,23.152302,9.2345,0.0,0.0,1025.4417,100.0,5.5958333,15.415116,20.496078,9.002221,0.0,0.0,1025.2208,100.0,8.095834
2022-07-18,19.181305,27.551628,9.787327,0.0,0.0,1024.6918,100.0,9.049998,21.418821,27.97596,12.631193,0.0,0.0,1024.6918,100.0,9.50075,18.780565,26.827278,8.911096,0.0,0.0,1024.8623,100.0,9.26875,19.424217,27.850494,8.998658,0.0,0.0,1024.7916,100.0,6.4395833,18.222464,26.59065,9.039086,0.0,0.0,1025.0084,100.0,9.345834
2022-07-19,23.998634,32.920326,14.080755,0.0,0.0,1021.11676,41.0,11.664582,26.230963,33.33929,18.361767,0.0,0.0,1021.1584,94.0,12.198666,22.5544,30.629707,12.804752,0.0,0.0,1021.65826,23.0,12.720833,23.583284,31.214325,14.091843,0.0,0.0,1021.61255,40.0,9.266667,22.181335,30.619362,12.433329,0.0,0.0,1021.6667,69.0,11.529166
2022-07-20,26.08577,34.02418,16.20374,0.0,0.0,1018.6833,100.0,11.535417,27.749428,34.470192,18.876919,0.0,0.0,1019.0166,100.0,12.498668,23.47822,31.770699,15.050964,0.0,0.0,1018.7751,91.0,11.383334,26.313461,33.067158,18.826933,0.0,0.0,1019.6541,100.0,10.029166,25.005598,33.25655,15.304726,0.0,0.0,1020.1792,81.0,13.208335
2022-07-21,24.628881,32.622196,18.227385,2.6,2.6,1017.8874,100.0,13.860414,25.768747,31.826649,19.70993,3.2,3.2,1018.1416,100.0,16.446583,23.595543,30.977715,15.906889,1.5,1.5,1018.7624,100.0,14.802083,27.39829,34.550835,19.292608,0.0,0.0,1017.42084,100.0,12.668751,26.628311,34.959034,17.259817,0.0,0.0,1017.76245,100.0,15.345832
2022-07-22,25.57915,31.88535,19.32181,0.0,0.0,1017.5,100.0,14.172914,25.58568,32.105118,18.54484,0.0,0.0,1017.79596,81.0,15.3861685,25.071175,31.046417,17.529188,0.0,0.0,1018.3667,99.0,16.339582,27.755838,34.2272,21.374414,0.3,0.3,1017.2959,100.0,13.960416,26.967346,33.018177,19.397713,3.3999999,3.3999999,1017.16254,100.0,15.727084
2022-07-23,23.468855,30.10989,19.624058,9.400001,9.400001,1016.0999,100.0,15.468749,23.666624,30.532196,19.793148,0.7,0.7,1016.60834,100.0,15.904918,23.925219,29.323746,20.054619,0.90000004,0.90000004,1016.56665,100.0,15.252084,26.86971,33.319023,22.490046,0.6,0.6,1015.3,100.0,13.479167,25.581064,34.565636,19.592834,14.299999,14.299999,1015.71265,100.0,17.26875
2022-07-24,21.615377,27.368265,15.899063,0.0,0.0,1019.7293,100.0,12.777084,22.239439,29.136478,15.015596,0.0,0.0,1019.65424,100.0,11.929917,22.284286,28.179256,15.923388,0.0,0.0,1019.99585,100.0,14.345834,23.249453,26.76672,19.05636,0.0,0.0,1018.8999,100.0,11.445832,21.728294,25.562834,16.365496,0.2,0.2,1019.13324,100.0,13.331249
2022-07-25,25.145874,32.537968,15.144186,0.0,0.0,1012.95013,100.0,12.875001,25.633062,32.283684,16.482588,0.0,0.0,1013.21674,100.0,13.686166,24.395433,33.792797,15.787891,0.0,0.0,1013.57086,100.0,14.625001,24.347788,31.211464,15.371222,0.0,0.0,1014.4709,100.0,9.9875,22.116259,30.317024,13.908209,0.0,0.0,1015.17914,99.0,11.618751
2022-07-26,22.540335,25.708988,17.80817,0.3,0.3,1012.1375,100.0,10.727082,22.395454,25.20466,19.803406,0.0,0.0,1012.50415,100.0,12.05075,20.650675,23.748158,16.209154,3.3999996,3.3999996,1013.1209,100.0,13.150002,22.457453,25.337828,19.073116,8.4,8.4,1012.0625,100.0,15.752083,20.211191,22.341158,16.345469,16.900002,16.900002,1011.92487,100.0,14.943751
2022-07-27,18.130285,21.1962,14.836868,0.8000001,0.8000001,1016.53345,100.0,10.84375,16.917501,19.911798,13.663475,1.9000001,1.9000001,1017.26263,100.0,10.877834,18.594477,24.54174,14.071537,0.4,0.4,1015.67926,100.0,12.410416,20.21362,26.822056,16.425964,5.1000004,5.1000004,1015.02075,100.0,14.058334,19.085264,25.083,13.740139,1.8,1.8,1015.54175,100.0,13.539584
2022-07-28,17.657553,24.52499,9.6601,0.0,0.0,1018.01263,100.0,7.90625,17.413343,24.124083,9.154425,0.0,0.0,1018.5708,100.0,8.586167,18.661001,23.899645,11.65197,0.0,0.0,1017.19586,100.0,12.006251,19.901842,25.85998,14.260828,0.0,0.0,1017.2874,100.0,11.164584,18.705427,24.245453,14.074074,0.1,0.1,1018.34155,100.0,11.493751
2022-07-29,21.167646,26.228483,14.89045,1.0,1.0,1015.9917,100.0,12.335418,21.525423,28.288834,14.089556,0.0,0.0,1016.3499,100.0,11.144501,20.331419,25.708519,15.479654,1.1,1.1,1015.9416,100.0,14.395833,21.104254,26.55096,16.508347,3.6,3.6,1016.00836,100.0,13.856251,21.122755,28.719578,14.574158,5.2000003,5.2000003,1016.8708,100.0,15.154166
2022-07-30,18.519289,20.266825,14.759552,13.900002,13.900002,1015.18317,100.0,14.704166,18.909231,21.407576,13.9731045,2.6000001,2.6000001,1015.679,100.0,14.613251,17.89374,20.715443,14.584732,18.0,18.0,1015.6834,100.0,14.562499,19.581331,23.04332,15.412714,9.3,9.3,1013.79987,100.0,15.529166,19.91072,23.28515,16.825108,12.8,12.8,1013.15424,100.0,16.591667
2022-07-31,19.685354,24.386158,13.809635,0.4,0.4,1016.1584,90.0,12.614585,20.59036,25.85397,12.6050625,0.3,0.3,1016.16254,95.0,13.375751,18.150667,23.007523,13.26721,0.0,0.0,1017.10016,100.0,12.254167,18.399502,22.739756,13.802477,0.2,0.2,1014.16235,100.0,10.158334,15.580424,20.73501,12.854023,17.0,17.0,1013.12494,100.0,14.3395815
2022-08-01,22.158354,27.485527,17.646376,0.2,0.2,1014.8125,100.0,14.427081,23.120451,26.555283,20.111124,0.6,0.6,1015.0083,100.0,15.788249,20.643307,25.539177,16.153011,0.6,0.6,1015.6082,100.0,14.077083,22.14289,27.555117,16.313776,1.1,1.1,1014.6667,100.0,14.335416,19.33546,25.261156,12.115519,0.4,0.4,1014.5833,100.0,14.310414
2022-08-02,22.885315,27.73072,16.95549,0.0,0.0,1018.21674,100.0,14.602084,23.216349,28.646503,15.9700775,0.6,0.6,1018.30835,100.0,14.615334,21.531397,27.57453,15.347893,0.2,0.2,1018.50836,100.0,14.260419,22.494284,28.040268,17.80705,0.1,0.1,1017.87494,96.0,13.637501,20.610624,24.545488,15.536575,0.8,0.8,1018.321,97.0,15.227081
2022-08-03,24.928053,32.039864,17.729853,0.0,0.0,1017.02924,96.0,13.525001,26.025743,32.32604,18.076845,0.0,0.0,1017.15845,100.0,14.567417,23.315506,30.593513,16.37405,0.0,0.0,1017.70404,97.0,15.072915,23.755163,30.94973,15.954607,0.0,0.0,1018.0208,100.0,12.26875,22.074064,28.585793,16.090958,0.0,0.0,1018.7249,100.0,14.297917
2022-08-04,25.971918,33.912155,18.222385,0.0,0.0,1015.4875,36.0,12.252083,27.797167,34.092487,19.759682,0.0,0.0,1015.64154,96.0,13.779918,23.226675,30.741161,15.186409,0.0,0.0,1016.0667,13.0,12.845832,24.945564,32.44348,16.658432,0.0,0.0,1016.61255,42.0,10.672916,23.234848,31.364147,14.705084,0.0,0.0,1017.3582,99.0,15.235417
2022-08-05,26.476229,35.311234,18.490211,0.0,0.0,1013.4583,100.0,13.200002,27.578024,34.9792,19.8488,0.8,0.8,1013.86255,100.0,14.679917,25.529137,34.15834,16.114603,0.1,0.1,1013.98334,100.0,15.491666,27.236834,35.38353,18.305761,0.0,0.0,1013.4292,100.0,11.912501,25.863565,34.21616,15.2106,0.0,0.0,1013.99176,98.0,16.022917
2022-08-06,17.178358,21.754051,14.251541,3.4,3.4,1022.7166,100.0,10.029167,17.303095,21.503412,13.39529,2.5,2.5,1023.3542,100.0,9.6049185,17.585398,24.185621,14.07556,5.7999997,5.7999997,1022.1917,100.0,12.914582,20.656,24.531755,16.449232,6.3,6.3,1019.5166,100.0,13.852084,17.795261,24.378721,14.095978,8.900001,8.900001,1020.12494,100.0,14.754167
2022-08-07,16.501886,22.192709,10.163914,0.0,0.0,1023.72906,100.0,6.7437496,17.40035,22.924591,11.393381,0.0,0.0,1024.1874,100.0,6.60075,16.73552,22.328857,11.143748,0.0,0.0,1022.825,100.0,9.6125,17.943348,23.727688,12.705528,0.0,0.0,1022.08746,100.0,9.21875,16.288433,19.441256,12.834236,0.5,0.5,1023.0124,100.0,11.904166
2022-08-08,17.50041,24.132975,9.946979,0.0,0.0,1023.37085,100.0,7.2125,18.916285,24.19118,12.266134,0.0,0.0,1023.71655,100.0,7.692417,18.015795,23.196108,13.821608,0.0,0.0,1022.75415,100.0,9.79375,18.539549,23.741236,14.069145,1.4000001,1.4000001,1021.8875,100.0,8.722917,16.530228,20.850178,11.939737,0.0,0.0,1022.575,100.0,9.843751
2022-08-09,18.373636,23.509117,11.799906,0.0,0.0,1025.5333,100.0,8.154166,19.950468,25.534542,13.0087185,0.0,0.0,1025.75,100.0,8.259084,16.840761,21.617369,9.6622925,0.0,0.0,1025.1459,100.0,9.697916,19.11557,24.26282,13.401253,0.0,0.0,1023.7376,100.0,8.289582,18.061129,22.957384,13.158152,0.0,0.0,1024.4291,100.0,11.308333
2022-08-10,19.43585,25.102049,12.091301,0.0,0.0,1025.4791,100.0,9.154166,21.294455,26.211393,16.02311,0.0,0.0,1025.7999,100.0,9.642417,17.840986,23.101093,11.690432,0.0,0.0,1025.1207,100.0,10.329166,19.758379,24.640509,14.912527,0.0,0.0,1024.4667,100.0,9.020834,18.09104,23.316908,12.610662,0.3,0.3,1025.3793,56.0,11.489583
2022-08-11,18.76253,23.766895,12.163683,0.0,0.0,1022.95,100.0,8.935416,20.720867,25.408527,14.340208,0.0,0.0,1023.2666,94.0,9.2403345,17.354097,22.446262,11.341417,0.0,0.0,1022.39996,100.0,9.2375,18.81084,23.816652,13.890415,0.0,0.0,1021.9167,100.0,7.3229165,17.031301,21.861792,12.219769,0.3,0.3,1022.94995,74.0,10.985417
2022-08-12,18.787895,23.864368,12.392361,0.0,0.0,1020.27924,72.0,9.789582,20.254889,24.252066,13.982191,0.0,0.0,1020.7417,94.0,10.396584,17.19785,21.070469,11.858845,1.6,1.6,1019.71655,92.0,11.166665,19.278084,25.059908,13.973965,0.6,0.6,1019.2334,85.0,10.133332,17.935606,23.12203,12.573374,0.4,0.4,1020.31665,100.0,13.047917
2022-08-13,20.531363,25.501331,13.576113,1.0000001,1.0000001,1016.4167,82.0,13.537499,21.379118,25.863894,16.336483,4.4,4.4,1017.12085,100.0,15.442416,18.61567,23.3761,12.977636,2.1999998,2.1999998,1016.2751,100.0,12.820832,21.431643,27.884068,16.474743,0.4,0.4,1014.7957,100.0,13.691669,19.335611,23.057463,16.30384,8.900001,8.900001,1015.67914,100.0,16.202084
2022-08-14,23.04007,28.317085,18.187386,0.4,0.4,1011.146,100.0,16.552084,23.846766,28.328117,18.945503,0.2,0.2,1011.51666,100.0,17.113249,20.846407,25.857338,16.629494,0.3,0.3,1011.3042,100.0,15.777084,22.607841,26.968185,19.348194,0.90000004,0.90000004,1010.18756,100.0,16.197916,21.953432,26.652111,18.620089,3.5999992,3.5999992,1010.554,100.0,17.3125
2022-08-15,23.342775,29.431309,19.628204,12.000002,12.000002,1006.25006,100.0,16.864582,24.07392,29.255428,18.977804,6.0000005,6.0000005,1006.28345,100.0,18.256998,21.396013,27.811646,15.216103,0.6,0.6,1006.7417,100.0,15.272918,24.389204,30.28936,19.186832,0.7,0.7,1006.37494,93.0,16.145832,23.88871,30.037323,18.139917,0.1,0.1,1006.8916,100.0,17.706251
2022-08-16,23.378195,29.85865,17.178362,0.0,0.0,1009.39166,100.0,13.170834,24.629549,30.285793,17.505745,0.0,0.0,1009.4084,100.0,15.100753,21.736174,27.314125,15.921526,0.0,0.0,1010.4958,100.0,13.279164,24.793592,30.450466,19.139833,1.8,1.8,1009.1667,100.0,15.370833,23.928284,30.538162,17.78207,4.2000003,4.2000003,1009.0291,100.0,16.84375
2022-08-17,25.216705,31.851685,17.990353,0.0,0.0,1010.9207,100.0,12.872917,25.843416,31.794819,19.00352,0.0,0.0,1011.2668,100.0,14.275749,23.567797,31.727741,14.854134,0.0,0.0,1011.30414,100.0,13.664582,26.442167,33.54025,19.683718,0.0,0.0,1010.91675,100.0,13.60625,25.609365,31.105667,19.04528,0.0,0.0,1011.3918,32.0,16.845835
2022-08-18,26.07105,33.220585,18.271795,0.3,0.3,1009.42914,100.0,15.427085,26.931007,33.883743,20.909847,0.5,0.5,1010.05835,100.0,15.348667,24.638323,33.374187,18.74763,0.90000004,0.90000004,1009.5334,100.0,15.122916,27.397387,33.23394,21.175156,0.0,0.0,1009.8835,100.0,13.829166,26.08648,32.944504,18.616259,0.0,0.0,1011.2334,100.0,17.408333
2022-08-19,23.869118,28.658028,19.79031,8.9,8.9,1009.9333,100.0,17.227083,24.139801,28.371407,20.4315,0.5,0.5,1010.24567,100.0,17.802834,22.647612,29.739258,18.517422,0.3,0.3,1010.42084,100.0,16.277082,26.502304,32.745487,20.918242,0.1,0.1,1009.89575,100.0,15.8875,27.88034,34.169464,20.840406,0.2,0.2,1009.9583,100.0,16.827082
2022-08-20,19.243063,22.621685,16.69386,30.100002,30.100002,1013.5,100.0,16.93125,20.239325,21.978056,18.237751,10.9,10.9,1013.7959,100.0,17.07992,17.9861,20.420624,16.18442,4.5,4.5,1014.24994,100.0,15.066666,23.848112,29.59919,19.78068,3.8,3.8,1011.77094,100.0,17.070833,24.657232,28.398087,21.764387,9.0,9.0,1011.58325,100.0,18.4875
2022-08-21,17.875986,21.047747,15.146435,7.7000003,7.7000003,1015.26245,100.0,14.022916,18.896433,21.542664,14.797306,7.3,7.3,1015.5832,100.0,14.773667,16.904444,19.504232,15.131933,10.300001,10.300001,1015.42926,100.0,14.316667,16.727259,19.10493,14.694572,35.6,35.6,1012.3418,100.0,14.774999,18.76141,22.017765,14.976862,27.3,27.3,1011.3792,100.0,17.039583
2022-08-22,15.101475,16.11607,14.214504,11.400001,11.400001,1015.7166,100.0,12.999999,16.749933,18.334475,14.079462,2.8,2.8,1016.21246,100.0,13.650749,14.082227,14.971815,12.946779,14.1,14.1,1015.4458,100.0,12.745833,15.928763,18.876719,13.208855,34.0,34.0,1012.2874,100.0,14.39375,15.479253,18.49511,13.470568,24.300003,24.300003,1012.2209,100.0,15.477084
2022-08-23,16.945261,19.896763,14.343847,6.5,6.5,1016.83746,100.0,15.2,18.15713,20.994122,15.726046,5.2,5.2,1017.36664,100.0,16.004917,15.223972,18.336828,12.314547,11.099999,11.099999,1017.0376,100.0,14.077083,19.326942,23.278679,15.59145,8.700001,8.700001,1014.62085,100.0,15.789584,21.037132,25.536743,17.25513,0.70000005,0.70000005,1014.32074,100.0,16.987501
2022-08-24,21.197462,25.523468,16.446896,0.5,0.5,1019.6917,100.0,16.539583,21.957327,26.893951,16.827845,0.6,0.6,1020.0583,100.0,17.536165,19.382814,22.947615,14.818739,0.2,0.2,1019.92084,100.0,15.035416,21.631348,26.357756,16.721922,0.70000005,0.70000005,1018.3584,100.0,16.991667,21.435896,24.798483,18.370007,4.2999997,4.2999997,1018.5625,100.0,17.897919
2022-08-25,22.992212,29.566242,17.538414,0.8,0.8,1017.5542,100.0,17.93958,24.820389,31.114983,19.643179,0.6,0.6,1018.0041,100.0,19.150751,20.862183,26.012362,15.322802,3.7999997,3.7999997,1017.51245,100.0,16.918749,24.475029,29.25407,20.690788,13.500001,13.500001,1016.6709,100.0,18.402082,24.12168,30.360073,20.56389,2.4,2.4,1017.2832,100.0,19.25208
2022-08-26,22.7202,29.720703,19.413475,19.1,19.1,1013.28735,100.0,18.389585,25.02537,30.606258,21.540594,3.3999999,3.3999999,1013.4709,100.0,19.604918,21.891298,29.915524,17.022243,4.9,4.9,1013.38336,100.0,17.31875,25.240057,31.139542,19.956404,0.0,0.0,1012.70416,100.0,18.820835,25.158333,32.868046,19.564396,0.0,0.0,1012.91254,100.0,18.475
2022-08-27,21.011456,25.321018,17.816776,9.8,9.8,1012.42084,100.0,17.281252,22.587091,26.151884,20.59391,23.999998,23.999998,1012.4749,100.0,18.21325,20.609114,25.533724,15.558088,0.1,0.1,1012.8333,100.0,16.070833,23.1866,29.4775,17.571138,1.1,1.1,1011.77496,100.0,17.552084,23.070292,31.55944,17.380253,5.2000003,5.2000003,1011.7708,100.0,17.612501
2022-08-28,19.119843,20.52217,15.182137,1.8000001,1.8000001,1015.5957,100.0,15.789584,19.567123,21.138166,16.04759,0.9000001,0.9000001,1015.821,100.0,16.109085,18.599237,20.467968,17.54992,5.8999996,5.8999996,1015.82086,100.0,16.112501,20.633116,23.107302,17.97971,3.9,3.9,1014.22076,100.0,17.004166,21.373526,25.731504,18.807825,11.300001,11.300001,1013.76666,100.0,17.708334
2022-08-29,17.362888,23.067184,11.713083,0.0,0.0,1019.79584,100.0,12.452084,17.63259,24.052078,13.275715,0.0,0.0,1019.9417,100.0,12.363251,18.60561,22.562857,12.7830925,0.0,0.0,1019.7417,100.0,13.849999,19.536182,24.084255,15.944271,0.1,0.1,1018.5542,100.0,14.222917,19.058344,22.850632,16.026531,3.6,3.6,1018.60834,100.0,14.777085
2022-08-30,16.999075,21.59371,12.084103,0.0,0.0,1020.7791,100.0,12.318749,18.022343,23.497149,12.515793,0.0,0.0,1020.9543,100.0,12.677834,19.1673,24.403309,14.019461,0.0,0.0,1019.74164,100.0,13.352084,18.635084,24.293425,12.932344,0.0,0.0,1019.79156,84.0,12.218749,17.398342,22.470129,11.716011,0.0,0.0,1020.47906,82.0,12.879167
2022-08-31,16.563566,19.721926,13.220602,0.1,0.1,1020.5124,100.0,11.883334,16.337854,19.220743,13.380035,0.4,0.4,1021.2957,100.0,12.677834,16.446606,18.29732,13.400677,8.0,8.0,1019.6416,100.0,13.052085,16.93382,19.174053,15.31691,0.0,0.0,1019.31256,100.0,11.616666,15.673134,18.55892,12.772749,0.4,0.4,1020.2166,100.0,12.068749
2022-09-01,15.465283,18.893492,12.516893,0.2,0.2,1021.0041,100.0,10.060417,16.08663,19.048748,12.934715,0.0,0.0,1021.47504,100.0,10.669501,14.607117,17.482262,11.720932,1.6000001,1.6000001,1020.28754,100.0,10.222915,14.69193,17.549461,11.185172,1.3,1.3,1019.554,100.0,8.599999,13.427345,16.47805,10.835333,0.3,0.3,1020.2249,100.0,8.660417
2022-09-02,13.234109,17.821558,8.323259,0.0,0.0,1019.7334,100.0,7.6854157,14.920082,18.06068,9.710458,0.0,0.0,1020.0959,100.0,9.163249,12.1627,16.107826,6.919074,0.0,0.0,1018.83325,100.0,8.091666,13.305923,18.424742,9.141003,0.0,0.0,1018.8123,100.0,6.7479167,11.838906,15.687763,7.746073,0.0,0.0,1019.9917,100.0,7.5625
2022-09-03,13.925101,20.418476,6.9043894,0.0,0.0,1016.85425,100.0,8.7625,15.140152,20.888895,9.060291,0.0,0.0,1017.28345,100.0,9.413251,13.8936205,21.90425,6.0591784,0.5,0.5,1016.3416,100.0,9.891667,14.9907255,21.19274,8.281647,0.0,0.0,1017.0041,100.0,8.914584,13.334938,18.781702,7.633381,0.0,0.0,1018.4375,100.0,9.3125
2022-09-04,18.901003,24.42936,14.477924,2.2999997,2.2999997,1019.82074,100.0,13.881251,18.702675,25.044739,12.109203,0.1,0.1,1020.1668,100.0,13.148667,17.642706,23.203442,11.053768,1.4000001,1.4000001,1019.92914,100.0,13.068751,16.905918,20.054188,13.781605,8.3,8.3,1020.63763,100.0,13.787499,15.556045,20.435467,11.1214485,0.2,0.2,1021.32086,100.0,12.487498
2022-09-05,18.814705,25.345898,13.344654,0.0,0.0,1023.125,100.0,14.404166,19.497145,25.389921,14.906002,0.3,0.3,1023.5459,100.0,15.267417,17.209942,22.576742,12.236685,0.0,0.0,1022.9126,100.0,13.252082,17.532557,22.476439,12.110838,0.0,0.0,1024.0042,100.0,12.941667,15.960429,20.995949,11.218792,0.1,0.1,1024.7833,83.0,11.991668
2022-09-06,19.226974,25.443089,14.64012,0.0,0.0,1019.6584,100.0,13.752083,18.985067,24.835354,14.673525,2.2,2.2,1020.02924,100.0,14.709083,18.27152,24.493147,12.540207,0.0,0.0,1019.57074,100.0,13.616666,17.701944,23.159521,12.600088,0.0,0.0,1020.3376,100.0,12.025001,14.692704,20.774347,9.023033,0.0,0.0,1021.5208,100.0,9.464582
2022-09-07,19.979935,26.478556,14.532261,1.0,1.0,1015.31665,100.0,15.806251,20.465488,26.61585,14.748892,0.9,0.9,1015.4292,100.0,16.434084,19.61924,25.562193,13.756931,2.0,2.0,1015.65424,100.0,14.833332,19.8995,26.386942,13.328842,0.2,0.2,1016.4084,100.0,14.504166,17.773148,26.182274,10.788456,0.0,0.0,1017.1667,100.0,12.641666
2022-09-08,18.254074,23.510313,13.877762,1.2,1.2,1010.9416,100.0,14.516666,18.291311,22.375717,13.463039,1.2,1.2,1010.8916,100.0,15.454914,17.125784,24.233864,12.959393,6.7,6.7,1011.8125,100.0,13.970834,19.54191,25.849686,15.521706,12.099999,12.099999,1011.7751,100.0,15.527083,20.282549,27.91085,14.842773,3.2,3.2,1011.98755,100.0,15.9333315
2022-09-09,16.383615,22.519033,11.2583885,3.0,3.0,1013.62085,100.0,12.729168,16.626665,22.089605,10.347214,0.1,0.1,1013.375,100.0,13.388249,14.778213,19.137712,11.077776,0.8,0.8,1014.6125,100.0,11.962501,16.899849,22.578901,11.60751,7.4,7.4,1014.7918,100.0,13.041668,18.351183,22.730295,14.010069,0.1,0.1,1014.0876,100.0,13.925
2022-09-10,14.476157,18.511463,10.623615,0.5,0.5,1013.85004,100.0,10.720833,15.320872,19.702137,11.090469,0.2,0.2,1013.5125,100.0,11.632001,13.119903,16.685444,9.376484,3.9,3.9,1014.9875,100.0,10.16875,15.202653,20.652788,10.757882,2.7999997,2.7999997,1014.0125,100.0,11.758332,15.670284,18.856201,12.310913,12.8,12.8,1013.32513,100.0,12.73125
2022-09-11,14.318809,18.096521,11.92078,2.4,2.4,1015.5833,100.0,11.677083,14.670593,18.576729,10.986181,0.5,0.5,1015.65826,100.0,12.404919,12.939519,15.808264,10.600456,12.099999,12.099999,1016.38336,100.0,11.58125,14.323871,18.538467,10.255285,0.0,0.0,1014.479,100.0,11.295834,13.583457,17.69641,11.208458,4.0,4.0,1013.44586,100.0,11.772918
2022-09-12,14.764661,18.8107,11.222995,0.3,0.3,1017.29175,100.0,10.704166,15.324307,19.093456,10.17968,0.4,0.4,1017.325,100.0,11.367416,13.604053,17.975443,9.461109,0.2,0.2,1017.5625,100.0,10.304166,14.287059,17.87686,11.153146,0.2,0.2,1016.6584,100.0,10.6916685,12.47488,14.990328,9.779935,0.5,0.5,1016.5876,100.0,10.343751
2022-09-13,16.009802,21.965551,9.994422,0.0,0.0,1011.63745,100.0,11.243752,16.895327,22.348703,11.73431,0.0,0.0,1011.5293,100.0,13.08825,15.49628,22.666489,9.070414,0.0,0.0,1012.5749,100.0,10.98125,14.383628,20.009226,7.2082148,0.0,0.0,1013.2874,100.0,10.552083,12.788964,18.15404,6.8385906,0.0,0.0,1012.8459,100.0,9.53125
2022-09-14,17.361086,20.67248,15.184319,9.099999,9.099999,1006.05,100.0,14.795834,17.800673,20.127354,14.414043,15.199999,15.199999,1005.9333,100.0,14.998668,17.78265,22.761343,13.825554,4.4999995,4.4999995,1006.85406,100.0,14.854169,16.56483,20.533888,13.432745,7.3,7.3,1007.2791,100.0,13.858334,15.15895,16.623728,12.392984,9.900001,9.900001,1006.8582,100.0,12.952084
2022-09-15,15.321189,17.237305,12.471838,12.3,12.3,1004.5168,100.0,13.362499,15.494713,18.387032,10.430488,3.6999996,3.6999996,1004.575,100.0,12.767417,16.198977,18.865023,11.935623,8.3,8.3,1005.14996,100.0,14.270835,17.71825,22.712147,14.314869,13.400003,13.400003,1004.0417,100.0,14.856248,15.906112,18.28236,14.944866,9.0,9.0,1003.3416,100.0,14.539581
2022-09-16,10.812272,13.508324,7.375579,0.1,0.1,1007.6458,100.0,7.727083,10.979064,13.848629,7.525504,0.1,0.1,1007.29584,100.0,8.52575,10.4569845,13.430769,6.8687954,1.5000001,1.5000001,1008.98334,100.0,8.968749,12.497982,15.270784,7.268341,0.9000001,0.9000001,1007.95416,100.0,9.768751,11.946132,14.6567745,8.96709,0.6,0.6,1006.8,100.0,9.85625
2022-09-17,6.934386,9.536573,4.4684687,7.2,7.2,1008.26245,100.0,6.24375,8.615819,11.470874,6.290847,1.2,1.2,1007.56244,100.0,6.873667,6.173062,7.4079037,4.490305,1.3000001,1.3000001,1009.95013,100.0,5.6625004,7.9735312,10.405992,5.9351625,2.7,2.7,1008.0417,100.0,6.989584,9.335789,12.016333,5.8640957,2.3000002,2.3000002,1006.6958,100.0,7.6354165
2022-09-18,5.7926826,8.48051,3.6130557,8.400001,8.400001,1010.0667,100.0,5.3895836,7.306534,10.31553,4.764941,9.7,9.7,1009.3709,100.0,6.361166,5.089861,7.2616415,2.7524033,4.3999996,4.3999996,1012.5085,100.0,4.4375005,6.4796333,9.870461,4.0327806,7.0999994,7.0999994,1010.03326,100.0,4.8104167,6.8515186,9.440193,4.0679417,4.5999994,4.5999994,1007.99994,100.0,6.2041664
2022-09-19,6.060941,9.542402,2.537448,6.1,6.1,1013.28754,100.0,6.110418,7.797755,11.2532625,5.144597,3.4,3.4,1012.9375,100.0,7.5486665,5.136482,7.7992,2.4776173,15.2,15.2,1014.86255,100.0,5.3333335,6.5262833,8.875087,4.7660627,2.7,2.7,1012.64996,100.0,5.9479156,6.700723,9.382517,5.175727,9.700001,9.700001,1011.26666,100.0,6.4062505
2022-09-20,6.9220605,10.153847,4.3906755,0.70000005,0.70000005,1019.8,100.0,6.152084,7.6794906,11.069341,4.0870657,0.8,0.8,1019.74567,100.0,6.9132504,5.577307,8.392774,3.381096,3.8000002,3.8000002,1020.6292,100.0,5.4375,7.13443,10.899885,4.4096775,0.4,0.4,1018.5168,100.0,6.0645843,7.725929,11.123272,5.5847063,2.1000001,2.1000001,1017.52496,100.0,6.9833336
2022-09-21,7.0783195,11.397412,2.5716734,1.0,1.0,1025.3667,61.0,5.879167,7.5505524,12.090338,2.2774963,0.1,0.1,1025.3417,44.0,6.127833,5.477015,9.741935,1.946414,0.5,0.5,1025.675,100.0,4.683333,6.965241,11.778217,2.7605715,0.1,0.1,1023.8208,43.0,5.608333,6.892248,9.740346,4.453248,0.4,0.4,1023.0916,100.0,7.0125003
2022-09-22,7.88454,13.04928,2.5155845,0.1,0.1,1024.1417,100.0,5.9020824,8.549531,13.026987,4.242832,0.0,0.0,1024.2208,100.0,6.388249,6.3012567,11.905479,1.7712975,1.5,1.5,1024.2499,100.0,4.9895835,7.922458,13.656849,3.9934063,0.4,0.4,1023.2375,100.0,5.3229165,6.9154167,10.513328,3.4829483,0.4,0.4,1023.2375,100.0,5.5812507
2022-09-23,7.565329,14.513874,1.0426135,0.0,0.0,1020.20416,100.0,5.2666664,9.7224,13.5468025,5.52826,0.0,0.0,1020.30835,100.0,6.9257503,6.6548276,14.5829525,-1.0845098,0.0,0.0,1019.9792,100.0,3.883334,7.4693437,13.386162,0.54771376,0.0,0.0,1020.82495,100.0,3.9708335,7.103126,12.917717,1.4411745,0.2,0.2,1020.9875,100.0,5.266666
2022-09-24,9.347854,15.558489,3.4480028,0.0,0.0,1014.66254,100.0,6.385416,10.694009,15.797478,4.123769,0.0,0.0,1014.69165,100.0,7.936167,9.29214,15.967121,1.684155,0.5,0.5,1014.5667,100.0,6.8291664,8.356843,14.282383,2.4684095,0.0,0.0,1015.6916,100.0,5.879167,7.7376785,14.28269,1.8388848,0.0,0.0,1015.96674,100.0,5.483332
2022-09-25,11.605168,17.218697,6.2841587,9.4,9.4,1011.92926,100.0,10.022917,12.670764,17.958973,7.7128353,1.1,1.1,1012.0125,100.0,10.017417,11.246784,15.958082,7.422244,0.6,0.6,1012.0,100.0,9.724999,12.047065,15.745045,9.447524,4.2999997,4.2999997,1012.74585,100.0,10.214583,10.645776,15.49773,6.006219,2.4999998,2.4999998,1012.8833,100.0,9.4
2022-09-26,10.252448,13.563644,7.05282,0.70000005,0.70000005,1006.68335,100.0,8.620832,11.665872,14.212469,7.49914,3.5,3.5,1006.4124,100.0,9.671584,9.4549265,13.460678,6.4726896,0.6,0.6,1007.5041,100.0,7.84375,11.786881,14.962833,7.352298,0.4,0.4,1007.30414,100.0,9.974999,11.404079,15.727093,7.7766113,3.9999998,3.9999998,1006.96655,100.0,10.591667
2022-09-27,7.3190904,9.405998,5.0297775,2.1000001,2.1000001,999.2375,100.0,6.710417,8.570761,10.372078,5.825115,6.3999996,6.3999996,998.53754,100.0,8.267417,7.3480225,9.013306,4.884054,0.9000001,0.9000001,1000.97906,100.0,5.6749997,8.728742,11.626472,4.1594553,2.7,2.7,1001.0293,100.0,8.189582,9.041478,14.844793,4.77407,5.2,5.2,1000.6709,100.0,8.770834
2022-09-28,5.6693835,8.781643,3.11863,5.3999996,5.3999996,999.0959,100.0,5.7270837,6.1309166,8.996114,4.4212523,3.7,3.7,998.69165,100.0,6.3799167,6.2775784,9.058547,2.3277674,3.3,3.3,1000.40845,100.0,5.383333,7.3033695,12.310999,0.266829,2.5,2.5,1000.67914,100.0,6.1708336,7.497032,11.302212,3.7080889,5.8,5.8,1000.27496,100.0,7.2916665
2022-09-29,6.4142737,11.609269,1.5207043,0.0,0.0,1003.94165,100.0,3.9687493,7.5298533,11.798161,3.2382317,0.0,0.0,1003.9875,100.0,6.111166,7.758985,10.593494,2.947916,1.3000001,1.3000001,1003.88745,100.0,5.5437503,9.735946,12.967712,7.313092,1.2,1.2,1004.05414,100.0,6.8333335,9.531614,12.577993,6.2245836,3.1999996,3.1999996,1004.125,100.0,7.375
2022-09-30,8.912536,14.181593,3.5211554,1.2,1.2,1011.28345,100.0,6.2812505,10.279069,14.332491,7.356579,0.0,0.0,1011.24603,100.0,6.32575,8.751756,12.4363785,7.0335865,2.6,2.6,1011.10004,100.0,7.595833,10.187165,13.9832325,8.385798,3.1999998,3.1999998,1010.85406,100.0,8.275001,9.118465,10.911155,5.557043,3.4999998,3.4999998,1011.35834,100.0,8.972918
2022-10-01,7.231996,11.165062,3.9800653,3.7,3.7,1012.04156,100.0,7.4145846,8.39878,10.6786995,4.3436594,3.7999997,3.7999997,1011.5125,100.0,8.261167,7.881775,11.788425,4.4354105,1.1,1.1,1013.5208,100.0,6.9874997,11.038844,14.655066,8.454401,0.3,0.3,1013.0916,100.0,8.752084,10.489359,13.039869,7.428833,3.5,3.5,1012.44995,100.0,9.762499
2022-10-02,9.077941,12.450478,6.313677,1.4,1.4,1016.28326,100.0,8.650001,9.923753,15.135925,5.690254,1.8000001,1.8000001,1015.8042,100.0,8.840332,9.227214,11.881809,6.4678297,3.5000002,3.5000002,1018.01666,100.0,8.912499,10.307004,14.33984,6.3189745,0.2,0.2,1016.22076,100.0,8.083333,9.497057,12.908003,6.6924677,2.3,2.3,1014.52094,100.0,7.945832
2022-10-03,8.268434,9.700571,6.389373,0.5,0.5,1022.075,100.0,7.027083,9.606474,11.325839,8.068347,1.7,1.7,1021.97064,100.0,8.473667,6.7508354,8.719117,5.0731897,0.70000005,0.70000005,1023.29565,96.0,6.954167,7.962524,9.326902,6.292247,0.2,0.2,1020.0417,97.0,6.7416663,7.3085885,8.772238,5.5251703,1.5000001,1.5000001,1017.8875,100.0,7.1354165
2022-10-04,10.015934,15.323038,6.894759,0.2,0.2,1023.2209,100.0,7.5208325,11.592605,16.283493,7.4452486,0.0,0.0,1022.875,100.0,9.259084,8.37848,13.677746,4.5838423,0.0,0.0,1024.0833,100.0,6.4520836,9.270492,12.473246,4.707652,0.1,0.1,1022.6584,100.0,7.189583,8.266449,11.673364,4.3904533,2.1000001,2.1000001,1021.75,100.0,7.2374997
2022-10-05,10.50237,17.877632,4.326846,0.0,0.0,1022.4834,100.0,8.208333,10.200696,17.48812,3.0740747,0.0,0.0,1021.86664,100.0,9.161168,10.331435,18.738161,4.1503887,0.0,0.0,1023.28345,100.0,7.335417,9.218102,14.585821,2.8928242,0.0,0.0,1025.1417,100.0,7.877083,8.75523,12.917154,3.8454027,0.0,0.0,1024.2167,100.0,7.666666
2022-10-06,12.273583,17.235136,9.41037,0.0,0.0,1027.5001,100.0,10.531251,12.491937,17.427927,7.4966984,0.2,0.2,1027.2166,100.0,10.1695,13.090398,19.36032,6.935461,0.0,0.0,1028.0874,100.0,9.889583,12.777629,20.986391,5.45238,0.0,0.0,1028.0665,100.0,10.520833,12.583984,18.894114,7.523363,0.6,0.6,1027.4042,100.0,10.650001
2022-10-07,10.659966,16.548714,4.442421,0.0,0.0,1026.2626,100.0,9.612499,11.346168,15.808914,6.8292856,0.0,0.0,1026.4917,100.0,9.057001,11.827775,19.548946,7.190749,0.0,0.0,1025.7543,100.0,10.795834,13.399657,17.908607,8.899622,0.0,0.0,1026.7626,100.0,11.054166,13.056569,19.973194,6.7113457,0.0,0.0,1027.275,100.0,10.708333
2022-10-08,11.24611,16.108807,7.4543743,0.4,0.4,1019.9292,100.0,10.231251,11.570888,16.310846,6.5904922,1.0,1.0,1019.8416,100.0,10.067417,11.486637,18.026566,6.7635756,0.0,0.0,1020.48334,100.0,9.29375,12.588645,16.877691,9.089378,0.0,0.0,1020.5042,100.0,11.412498,12.718806,15.381248,10.311053,0.4,0.4,1019.7751,100.0,11.412499
2022-10-09,7.120649,11.665054,1.6431732,0.0,0.0,1026.2999,17.0,5.302083,7.289101,12.942247,2.6726842,0.0,0.0,1026.2667,2.0,5.7153335,7.4950967,11.675244,3.0777907,0.0,0.0,1025.9415,100.0,5.4,9.006862,13.498833,5.0072756,0.0,0.0,1025.8834,99.0,6.19375,8.268891,11.83037,3.8599186,0.0,0.0,1026.4042,100.0,6.566666
2022-10-10,8.935735,15.994141,2.2101817,0.0,0.0,1020.2874,100.0,6.991667,7.998874,13.677063,0.9939146,0.0,0.0,1020.4582,100.0,6.8049164,10.108259,18.557358,3.852686,0.0,0.0,1019.9375,100.0,7.612501,8.208908,13.167553,3.547956,0.0,0.0,1022.6167,100.0,5.9458327,8.764303,15.630484,1.8115883,0.0,0.0,1022.9207,81.0,5.7041664
2022-10-11,8.769914,12.318424,3.5433674,0.0,0.0,1024.4667,100.0,7.279167,8.653811,12.8293,4.8263426,0.0,0.0,1024.5917,100.0,6.9340825,10.6829405,14.1705265,6.659938,0.2,0.2,1023.8459,100.0,9.26875,11.290027,17.449425,5.0085716,0.0,0.0,1023.5168,100.0,8.510417,9.382155,12.988176,5.434973,2.6,2.6,1023.90826,100.0,7.183334
2022-10-12,7.6845593,13.735214,3.366312,0.0,0.0,1025.9457,100.0,6.027083,8.34271,14.168581,2.3968196,0.0,0.0,1025.9043,100.0,6.0299172,9.9522505,13.71109,6.2013645,0.0,0.0,1025.0875,100.0,7.1874995,9.23989,12.720463,7.054882,0.0,0.0,1025.8665,100.0,5.264583,5.9315186,11.389792,1.5145764,0.0,0.0,1026.8,100.0,5.1312504
2022-10-13,9.403398,16.81803,2.1311707,0.0,0.0,1021.47906,100.0,7.7124996,10.128276,14.316654,3.2292366,0.0,0.0,1021.5959,100.0,8.859083,9.23463,16.022024,3.7181454,0.0,0.0,1021.58746,100.0,7.7333336,10.392643,14.515196,6.978407,0.2,0.2,1022.6834,100.0,7.8125,7.8062477,15.377554,0.55860996,0.1,0.1,1023.05414,100.0,7.1416664
2022-10-14,10.726863,15.362394,6.9037123,0.2,0.2,1016.74585,100.0,9.375001,10.594665,15.61174,6.304804,0.1,0.1,1016.6252,100.0,9.877833,9.935226,14.908453,4.7398014,3.0,3.0,1017.5791,100.0,8.720833,9.372776,13.34819,4.3659496,0.4,0.4,1018.57074,100.0,8.858333,9.977824,13.2508335,5.3078117,1.8000001,1.8000001,1018.2791,100.0,9.497916
2022-10-15,12.536771,16.98291,8.606808,2.0000002,2.0000002,1011.92505,100.0,11.641666,12.467811,17.206448,9.397156,2.9,2.9,1011.6873,100.0,11.984085,11.560127,15.626148,8.260243,11.700001,11.700001,1013.38336,100.0,10.902083,10.781704,13.053972,7.4508104,2.3,2.3,1015.3208,100.0,11.008334,10.585389,13.688438,7.9188747,0.5,0.5,1015.1374,100.0,8.91875
2022-10-16,15.533894,21.758863,11.515557,2.3000002,2.3000002,1018.75824,100.0,13.560417,15.304492,21.975174,9.945579,0.2,0.2,1018.37494,100.0,13.617417,15.571431,22.120348,10.522314,1.1,1.1,1019.7749,100.0,12.497917,12.673244,17.075863,10.278767,0.0,0.0,1021.9458,100.0,11.3125,12.891763,16.2338,10.505231,0.0,0.0,1021.1167,100.0,10.229166
2022-10-17,14.357856,21.56682,7.774461,0.0,0.0,1025.8042,100.0,12.216666,15.007881,19.565289,11.745468,0.0,0.0,1025.9918,100.0,13.275749,13.004874,18.698294,8.755233,0.0,0.0,1026.0624,100.0,11.897918,12.399601,17.800007,8.220831,0.0,0.0,1028.4875,100.0,9.466666,13.526646,19.11462,8.88796,0.0,0.0,1028.0668,97.0,9.258333
2022-10-18,12.558158,19.722338,8.042615,2.7,2.7,1026.1459,100.0,11.775001,12.448455,15.916517,8.68678,1.0,1.0,1026.375,100.0,11.986168,12.822876,21.565567,5.6392994,5.8999996,5.8999996,1026.2584,97.0,11.01875,11.686307,16.90697,6.808981,0.4,0.4,1026.6582,100.0,9.14375,12.369328,15.907764,8.907569,1.6,1.6,1025.8334,100.0,8.00625
2022-10-19,8.3448925,11.101515,1.838944,1.3000001,1.3000001,1027.1583,100.0,7.266668,8.9513,12.6375065,3.6445093,0.0,0.0,1027.4,100.0,7.9195,10.07383,13.007399,3.0401692,0.4,0.4,1026.8125,100.0,9.270833,9.464408,13.798864,3.4466329,0.0,0.0,1025.7083,100.0,7.714584,9.043427,12.665646,6.24135,0.6,0.6,1025.4169,100.0,7.7937503
2022-10-20,4.5154014,11.065304,-0.9841063,0.0,0.0,1024.0292,100.0,3.895833,5.3144326,10.0144,0.40491962,0.0,0.0,1024.1918,100.0,5.415333,4.3307614,9.287691,0.54732466,0.0,0.0,1023.6458,100.0,4.454167,4.89179,9.866123,0.7120867,0.0,0.0,1025.6793,100.0,3.3833334,4.804127,10.150629,-0.08777046,0.0,0.0,1026.4166,100.0,4.13125
2022-10-21,7.662332,11.7904415,3.1870303,2.1000001,2.1000001,1016.5791,100.0,7.3145833,7.019303,10.562511,3.22194,1.7,1.7,1016.68335,100.0,7.3007493,6.682902,12.113369,2.937891,0.8,0.8,1016.93335,100.0,6.752083,5.3670006,8.793668,3.5463867,0.4,0.4,1019.5542,100.0,3.7541664,4.967278,9.541724,-0.45161438,0.9,0.9,1019.08344,100.0,3.3416672
2022-10-22,10.147766,15.709476,6.116273,6.4999995,6.4999995,1015.7458,100.0,9.858335,10.490116,16.550611,6.969059,7.6,7.6,1015.8167,100.0,10.371583,10.706973,14.63917,6.668833,4.1,4.1,1016.5791,100.0,9.910417,6.7753444,10.058714,3.5466475,1.5000001,1.5000001,1017.55005,100.0,6.0729165,6.629025,8.053489,4.846689,2.1,2.1,1016.34595,100.0,6.6229167
2022-10-23,11.28246,16.604969,7.1242895,0.0,0.0,1018.13763,100.0,10.43125,10.543959,14.328968,7.2296143,0.0,0.0,1018.2708,100.0,10.577834,10.512588,16.739399,5.543009,0.0,0.0,1018.68317,100.0,10.04375,8.401672,12.970427,4.2608395,0.0,0.0,1020.62915,100.0,8.820832,10.064463,14.752539,5.934884,0.0,0.0,1019.9167,100.0,10.345833
2022-10-24,13.085874,17.823597,10.038908,2.7000003,2.7000003,1015.2002,100.0,11.65625,12.087457,16.892687,8.788728,0.6,0.6,1014.9334,100.0,11.752833,12.398591,16.32267,8.786755,4.8,4.8,1016.6458,100.0,10.845834,12.5668335,15.948595,10.742848,6.2,6.2,1017.5666,100.0,12.195832,12.30357,14.891287,9.656542,0.5,0.5,1016.33344,100.0,12.377083
2022-10-25,10.519288,13.969719,8.163331,1.6,1.6,1018.054,100.0,9.79375,11.430309,15.579191,8.535926,0.0,0.0,1017.4375,100.0,9.725751,10.167265,14.743937,5.642688,0.0,0.0,1019.21246,98.0,8.116668,10.740415,16.36855,6.118208,0.0,0.0,1018.7959,100.0,9.160417,11.358124,14.983088,7.8157625,0.0,0.0,1017.7502,100.0,10.868751
2022-10-26,9.238708,13.615244,4.4383907,0.0,0.0,1021.2375,100.0,8.708333,10.220391,13.378502,6.5041494,0.0,0.0,1021.2708,100.0,9.484082,8.8736105,15.731943,3.3571868,1.0,1.0,1021.47504,100.0,8.572917,9.04563,14.713585,2.6664867,0.0,0.0,1022.15424,100.0,8.539584,10.441779,15.690884,6.477747,0.0,0.0,1021.7249,100.0,9.441667
2022-10-27,12.185455,18.340208,7.6282263,0.0,0.0,1026.8334,100.0,11.077083,12.390065,17.348175,8.820663,0.0,0.0,1026.8209,100.0,11.769501,11.323109,19.662735,5.2834663,0.0,0.0,1027.0917,89.0,9.810417,10.547832,16.191465,6.253868,0.0,0.0,1028.1459,100.0,10.085417,11.007792,16.130796,8.026952,0.0,0.0,1027.5582,100.0,10.877083
2022-10-28,12.482063,19.798946,6.4931,0.0,0.0,1025.6957,100.0,10.785417,12.071069,16.074606,10.173723,0.0,0.0,1025.6875,100.0,11.796584,12.794042,21.293222,7.486596,0.0,0.0,1026.0751,86.0,9.920833,10.143489,11.554499,7.758644,0.6,0.6,1028.8209,100.0,10.293749,9.355586,12.687096,7.6034355,0.0,0.0,1027.4708,100.0,10.691666
2022-10-29,14.328083,20.187403,9.557012,0.0,0.0,1023.4792,100.0,11.924999,13.450791,17.413525,9.056464,0.2,0.2,1023.4709,100.0,12.379917,14.098858,22.065071,8.193865,0.0,0.0,1023.9458,100.0,10.533333,10.27677,12.541782,8.033329,0.1,0.1,1026.3125,100.0,10.345834,9.660797,13.211605,7.5848837,0.0,0.0,1024.5958,100.0,11.0125
2022-10-30,13.6360445,20.497534,9.464086,0.0,0.0,1021.1958,100.0,11.522918,13.417557,17.006393,8.916856,0.0,0.0,1021.3125,100.0,12.329917,14.063296,25.65003,6.444811,0.0,0.0,1021.23737,100.0,10.404166,9.338441,13.1273,5.637438,0.0,0.0,1023.54584,100.0,9.533334,10.670087,16.295511,7.681361,0.0,0.0,1021.84985,100.0,10.818749
2022-10-31,9.97361,15.036455,5.9258366,0.0,0.0,1021.4041,100.0,9.712498,13.165719,16.926733,9.938081,0.0,0.0,1021.15424,100.0,12.098668,11.291621,18.782646,7.371853,0.0,0.0,1021.1082,100.0,9.958334,8.779346,10.9921,5.069913,0.0,0.0,1023.0832,100.0,8.985416,10.513972,16.884377,7.3268776,0.0,0.0,1021.5542,73.0,10.295833
2022-11-01,10.618681,16.077162,6.081335,0.4,0.4,1019.3709,100.0,9.993751,9.747871,12.151072,7.846568,0.90000004,0.90000004,1019.44574,100.0,10.090333,10.74009,16.392292,5.422018,0.1,0.1,1019.4917,100.0,9.845834,9.1488695,11.470223,6.9782457,0.0,0.0,1021.071,100.0,9.218751,7.6082916,10.131725,6.2288694,0.0,0.0,1019.9834,100.0,9.041667
2022-11-02,8.42739,11.185666,4.2888536,0.0,0.0,1022.9834,100.0,7.8770833,9.155903,12.775967,5.635048,0.0,0.0,1022.6958,100.0,8.159083,8.974129,13.865221,3.613163,0.0,0.0,1023.71674,100.0,7.670832,9.072194,15.694563,4.870467,0.0,0.0,1023.25006,100.0,8.139585,9.389588,13.729633,6.235673,0.0,0.0,1022.44165,100.0,8.929167
2022-11-03,6.0108876,13.379812,0.131248,0.0,0.0,1018.1875,100.0,5.7104173,5.805149,9.194404,-0.16965675,0.0,0.0,1018.5584,100.0,6.0278335,6.810558,14.186743,1.7741818,0.0,0.0,1017.9543,100.0,6.660417,5.8994503,11.343958,-1.1929178,0.0,0.0,1020.53754,100.0,5.895834,7.3519745,14.236677,0.71125364,0.0,0.0,1020.8499,100.0,5.99375
2022-11-04,6.3254495,8.093042,3.7098565,22.399998,22.399998,1006.675,100.0,7.477083,7.3528175,9.151055,3.9238405,23.699999,23.699999,1006.8918,100.0,7.9944997,5.8576226,8.249526,2.7533426,16.099998,16.099998,1007.3582,100.0,6.9791675,6.893082,8.274439,4.6026115,4.6,4.6,1007.30835,100.0,8.31875,9.824563,12.997622,7.351467,3.5,3.5,1007.3208,100.0,7.620833
2022-11-05,4.6500573,8.106394,0.8160806,1.9,1.9,1016.2793,100.0,5.34375,6.998142,8.961323,3.9114637,1.5000001,1.5000001,1016.1375,100.0,6.432001,3.2887878,6.460393,-1.1071267,0.2,0.2,1016.97504,100.0,4.0937495,4.9214053,7.313611,2.6444283,0.0,0.0,1014.74585,100.0,4.722917,5.8246408,7.93252,4.022831,0.6,0.6,1013.85834,100.0,6.5124993
2022-11-06,2.2515519,6.976822,-0.5888524,0.0,0.0,1019.929,100.0,3.4958334,2.9689953,5.165305,0.6328168,0.0,0.0,1019.8792,100.0,4.4590836,1.7421608,7.627512,-3.0022388,0.0,0.0,1020.07495,100.0,2.5125,3.1059291,9.339995,-2.2159019,0.0,0.0,1020.37103,100.0,3.0937502,4.1017632,6.993576,1.6783395,0.0,0.0,1020.6375,100.0,4.9333334
2022-11-07,5.4486356,10.568182,0.55757475,0.0,0.0,1017.05426,100.0,5.3812504,5.0140405,11.428263,0.038434982,0.1,0.1,1016.625,100.0,5.8965836,5.7999897,11.080394,0.009198666,0.0,0.0,1018.2292,100.0,4.7999997,4.0845013,9.552362,0.1809187,0.0,0.0,1019.10846,100.0,4.604166,5.2811646,7.667675,2.4845352,0.0,0.0,1018.12933,100.0,5.8458333
2022-11-08,6.902868,13.577211,2.904213,0.0,0.0,1017.0,100.0,6.314583,6.421901,11.578746,2.3269582,0.0,0.0,1016.8501,100.0,7.2195,5.310436,12.689276,1.5887012,0.0,0.0,1017.80023,100.0,5.529167,4.961345,7.614092,1.6197734,0.0,0.0,1019.91254,100.0,5.902084,6.7971344,12.32575,3.7141767,0.0,0.0,1019.11255,100.0,6.7166677
2022-11-09,5.367356,10.399197,1.1393318,1.5,1.5,1016.3542,100.0,5.091666,4.7178283,7.7951593,1.2052164,1.4,1.4,1016.28326,100.0,5.646583,4.168874,10.163385,0.07908678,0.0,0.0,1017.12506,100.0,4.3312497,6.4837055,7.977707,4.744379,0.70000005,0.70000005,1018.8376,100.0,7.520834,6.1471057,8.487078,4.6090508,0.0,0.0,1018.0166,100.0,6.885416
2022-11-10,7.4461784,10.033956,4.4033012,5.5,5.5,1024.6083,100.0,7.204167,6.611107,11.649755,2.739696,3.7,3.7,1024.2291,100.0,6.6632504,6.4190598,9.682262,2.1380568,3.0,3.0,1025.6874,100.0,6.087499,6.428803,11.03651,1.2986174,0.6,0.6,1025.2958,100.0,6.2916665,6.086264,10.731573,3.8878975,1.8000002,1.8000002,1024.3126,100.0,7.133333
2022-11-11,5.6591725,10.228991,2.5699787,0.0,0.0,1033.3251,100.0,6.070833,5.345938,8.691785,-0.010541916,0.0,0.0,1032.9833,100.0,6.2403336,4.811184,11.568218,0.20866537,0.0,0.0,1033.9667,100.0,4.6604166,4.401505,10.646982,-0.49974585,0.0,0.0,1033.9501,100.0,4.7791667,4.3335233,6.9722643,2.313704,0.0,0.0,1032.9083,100.0,5.9187503
2022-11-12,2.9091365,7.429405,-0.07360697,0.0,0.0,1034.2626,100.0,3.9958332,5.724121,9.331772,2.0432105,0.0,0.0,1033.5833,100.0,5.6215835,3.862093,10.168062,-0.9270079,0.0,0.0,1033.8624,100.0,3.7270832,3.7769697,11.14256,-0.94582176,0.0,0.0,1033.4834,100.0,3.5041664,5.8073773,10.482238,1.3009548,0.0,0.0,1033.3458,100.0,4.075
2022-11-13,1.2448562,5.9625187,-1.708411,0.0,0.0,1029.6708,100.0,2.9833333,1.1546324,4.9428415,-0.9534645,0.0,0.0,1029.9415,100.0,2.9674168,1.745605,5.965723,-1.3408401,0.0,0.0,1028.3209,87.0,3.6020832,2.6470106,7.7878113,-2.4639091,0.0,0.0,1031.125,100.0,4.2416663,2.8196268,9.583233,-1.526936,0.0,0.0,1031.3751,52.0,3.3812497
2022-11-14,4.1376023,9.486022,0.88277626,0.0,0.0,1021.34174,30.0,4.9020834,3.9980078,8.453546,1.0564585,0.0,0.0,1021.74164,100.0,5.627833,4.2354217,11.314487,0.481225,0.0,0.0,1020.825,75.0,5.0791664,3.881871,8.534454,1.2271104,0.0,0.0,1024.7084,100.0,5.1145835,2.4663208,10.689581,-3.597644,0.0,0.0,1024.9208,80.0,2.8875
2022-11-15,1.8011292,5.7021074,-1.4120288,0.0,0.0,1015.82086,100.0,3.2562501,2.8799133,3.7147264,1.5703025,0.0,0.0,1016.12915,100.0,4.6924167,2.2681103,6.091097,-0.3322947,0.0,0.0,1015.51666,100.0,3.9187498,4.9059057,6.52083,3.1543584,0.3,0.3,1016.8291,100.0,5.902083,3.6042044,8.73333,-1.9475174,0.1,0.1,1016.3833,100.0,4.333333
2022-11-16,3.6912582,6.673025,1.5062423,2.6000001,2.6000001,1006.33734,100.0,4.4812503,3.7908776,5.4076653,2.2721214,3.3,3.3,1006.57495,100.0,4.96325,3.7481012,5.313264,2.4375148,2.1,2.1,1006.15424,100.0,4.816667,5.6665215,6.8665295,4.690612,2.3000002,2.3000002,1006.31256,100.0,6.560417,5.707111,7.96525,3.086248,2.3,2.3,1006.3127,100.0,6.479166
2022-11-17,3.0060136,4.5458317,0.9224472,1.6,1.6,1001.94995,100.0,4.7562504,2.7197702,4.779909,1.4421887,4.2000003,4.2000003,1002.27924,100.0,4.4632506,1.6523684,4.885269,-1.1914544,1.9000001,1.9000001,1002.11255,100.0,3.3270829,2.0241306,5.3126717,-1.0387824,1.0,1.0,1003.4541,100.0,2.7999995,-1.3576488,1.4213634,-2.1691823,4.5,4.5,1004.575,100.0,0.88958335
2022-11-18,-0.8736224,2.4920273,-6.2996387,5.4999995,4.2999997,1003.50415,100.0,1.3291667,-0.98172194,3.1888776,-6.7089972,1.2000002,0.1,1004.2583,100.0,0.9174164,1.7185998,5.286812,-2.123244,7.6,7.6,1001.82074,100.0,3.48125,-2.3609965,-0.40914106,-5.8124895,3.1999996,2.9999998,1003.37085,100.0,-0.5520833,-3.9353216,-0.95933914,-7.1115494,2.3,0.1,1004.7041,100.0,-2.425
2022-11-19,-5.5599675,-3.5471005,-9.4578705,0.4,0.0,1014.0207,100.0,-6.529167,-6.1732526,-3.1683047,-8.576453,0.0,0.0,1014.32477,100.0,-5.5263333,-4.9426103,-2.9044113,-5.866063,6.399999,0.100000024,1013.0876,100.0,-3.2749999,-5.2744207,-3.4218328,-6.8138876,0.3,0.0,1013.75,100.0,-7.1958346,-6.509281,-3.9568937,-8.228647,0.0,0.0,1013.93744,100.0,-7.4062505
2022-11-20,-5.603004,-1.6354678,-9.740963,0.3,0.0,1012.62085,100.0,-4.460417,-6.121677,-3.8061352,-8.572128,0.0,0.0,1012.7751,100.0,-3.909667,-1.7596692,2.272843,-5.0508876,1.4000001,1.2,1012.125,100.0,-0.3083334,-3.5476983,-1.8246555,-7.1700187,0.70000005,0.1,1013.32495,100.0,-3.4770832,-6.018746,-2.657918,-9.245169,0.2,0.1,1013.08344,100.0,-4.8437495
2022-11-21,-1.6227878,1.6289053,-3.958932,1.1,1.1,1005.66235,100.0,1.0437499,-1.8671311,0.96240425,-4.410921,2.2999997,0.2,1005.68353,100.0,0.23199995,-1.1231503,1.5775547,-4.559452,0.8,0.39999998,1007.1709,100.0,0.56041664,-1.0716287,3.5931864,-5.336437,0.5,0.5,1007.9001,100.0,0.61249995,-1.8722754,0.68028927,-4.9883957,0.4,0.4,1007.69574,100.0,0.5854167
2022-11-22,-1.6725613,0.24186468,-5.190607,0.1,0.1,1003.1291,100.0,0.25624996,-1.0937275,0.11149073,-2.2985163,0.2,0.2,1003.3376,100.0,1.5778333,-1.6671778,1.279315,-4.8179994,1.1,1.1,1002.80835,100.0,0.55833334,-1.2612461,1.3104649,-5.4890623,0.2,0.2,1004.76263,100.0,1.4812499,-1.4299043,2.768179,-5.359482,0.0,0.0,1005.2917,100.0,0.3833334
2022-11-23,0.21303469,3.5961165,-2.3945723,0.4,0.4,1006.4875,100.0,1.8874999,0.22238958,1.6860209,-1.333179,0.1,0.1,1006.7334,100.0,2.3528335,-0.022806725,2.2512555,-5.064912,0.8000001,0.8000001,1006.65424,100.0,1.4666668,0.9188445,3.6643362,-0.652853,1.7000002,1.7000002,1005.62915,100.0,2.34375,-2.1260116,-0.87185335,-3.186949,0.1,0.0,1006.48755,100.0,-0.17708333
2022-11-24,0.17403005,3.4874873,-2.6737256,4.6000004,4.6000004,1012.4624,100.0,2.3791666,0.91005397,4.7149878,-1.3397143,1.9000002,1.9000002,1012.2959,100.0,2.9549167,0.0005330642,4.8371,-5.50163,5.6000004,5.6000004,1013.12085,100.0,1.75,0.44157228,2.9814892,-2.7739184,0.2,0.2,1012.0041,100.0,1.5770835,-0.97923136,1.0835185,-2.9046,0.6,0.5,1012.02905,100.0,-0.25625002
2022-11-25,1.2045083,5.7146187,-1.1569936,0.0,0.0,1019.26245,100.0,2.9208333,1.4729677,3.9562082,-1.3322647,0.2,0.2,1019.11255,100.0,3.529917,0.88858515,6.2338867,-2.6859455,0.0,0.0,1019.83746,100.0,2.225,1.8950987,6.4236794,-2.2290406,0.0,0.0,1019.7458,100.0,3.1625004,0.7408019,4.2630157,-0.8967662,0.0,0.0,1019.4126,100.0,2.4895835
2022-11-26,1.8520571,5.509226,-0.5600107,0.4,0.4,1028.2832,100.0,3.2458334,2.8547828,6.322818,-0.39056683,0.1,0.1,1028.1417,100.0,4.161166,1.5818949,3.9057121,-0.090780735,2.3000002,2.3000002,1029.2291,100.0,3.1104167,1.9201139,5.3608303,-0.9363148,1.3,1.3,1027.6083,100.0,3.1333334,1.0392556,3.9000206,-1.5613894,2.9999998,2.9999998,1026.8417,100.0,3.3208332
2022-11-27,-1.7069373,3.7069297,-4.45609,0.0,0.0,1029.2041,100.0,0.25624993,-0.37513718,2.9281263,-2.654625,0.0,0.0,1029.1958,100.0,1.7132498,-1.2859067,3.2287035,-3.9392936,0.0,0.0,1029.5084,100.0,0.61666673,0.53290445,5.1857033,-2.9022365,0.1,0.1,1029.6376,100.0,1.6791667,0.68856573,3.6904926,-4.3551326,0.0,0.0,1029.8291,100.0,1.9979166
2022-11-28,-0.95139724,1.1082029,-5.0199323,0.0,0.0,1019.44586,100.0,0.6875,-0.2604033,1.3341179,-1.9226031,0.2,0.2,1019.63336,100.0,2.1403332,-2.0242755,-0.019611835,-4.621537,0.1,0.1,1019.23334,100.0,0.31041667,-1.5237523,-0.50870156,-2.3467317,0.4,0.4,1021.98334,100.0,1.2729167,-2.4924147,1.9034657,-6.7532597,0.0,0.0,1022.97064,100.0,-1.40625
2022-11-29,-0.08453718,1.1489325,-2.156212,0.6,0.6,1020.0041,100.0,1.0541667,0.78082436,1.2937427,0.094501495,0.70000005,0.70000005,1020.09595,100.0,2.6174166,-1.9842952,-0.9528346,-3.5528388,0.9000001,0.9000001,1019.8667,100.0,0.37708333,-1.5634588,-0.018355846,-3.456419,0.5,0.5,1022.19995,100.0,0.22083335,-1.9616364,2.4387045,-6.8888645,0.0,0.0,1022.82916,100.0,-1.5687499
2022-11-30,-1.4809777,1.1013603,-4.257469,0.0,0.0,1024.8083,100.0,-0.033333316,-0.4056671,1.4378796,-3.0873358,0.0,0.0,1025.1207,100.0,1.1132498,-2.2733176,0.41048908,-3.3500543,0.1,0.0,1024.1083,100.0,-0.10208333,-1.8610183,1.424871,-4.754413,0.0,0.0,1025.096,100.0,-1.5729169,-4.98741,-2.5691075,-6.7044826,0.0,0.0,1027.0916,100.0,-2.6958334
2022-12-01,-3.226971,-0.9498377,-5.3583965,0.0,0.0,1026.2792,100.0,-1.5479165,-2.4554946,0.35808086,-3.6192966,0.3,0.0,1026.7377,100.0,-0.2846667,-1.0642334,0.22231865,-2.0972059,0.6,0.6,1024.9502,100.0,-0.2833334,-3.0782778,0.62637377,-6.614667,0.0,0.0,1025.5499,100.0,-2.8416665,-3.9899638,-2.4705,-5.270696,0.0,0.0,1027.1791,100.0,-1.8958334
2022-12-02,-4.2060533,-3.4722164,-4.8538547,1.7,0.0,1024.1875,100.0,-2.3270833,-2.2186365,-1.4334388,-3.0565195,1.7000003,0.0,1024.5873,100.0,-1.3138334,-3.627241,-1.5507612,-5.1481133,3.1000001,0.0,1022.8333,100.0,-1.2104166,-4.509034,-2.3774548,-5.801495,3.6999998,0.0,1024.325,100.0,-2.552083,-4.872442,-3.5698862,-5.9733887,0.0,0.0,1025.7709,100.0,-3.2
2022-12-03,-2.2325225,-0.27583456,-4.6783094,1.1,0.0,1022.0166,100.0,-0.24583328,-1.6619939,-0.41566753,-3.1888154,1.6,0.0,1022.55414,100.0,0.50699997,-3.4425666,-1.8713613,-4.6148148,0.2,0.0,1021.1833,100.0,-0.25416663,-1.880262,-0.0065612793,-3.7723126,0.2,0.1,1023.54596,100.0,1.2270832,-2.1743119,0.825696,-4.457141,0.4,0.1,1024.9125,100.0,-0.9937499
2022-12-04,0.7450378,2.6109638,-0.8617215,0.2,0.2,1018.0706,100.0,2.5625,1.7280626,3.29923,-0.16246319,0.0,0.0,1018.53735,100.0,3.8465836,-2.4285507,0.7723551,-3.8652003,1.2,1.2,1016.74585,100.0,1.7395831,0.42368135,1.4734154,-0.349782,1.0,1.0,1021.3501,100.0,2.8124998,-1.3837923,3.0865474,-4.2779613,2.7,2.7,1021.8791,100.0,0.7395833
2022-12-05,1.5005685,2.84372,0.53670835,0.2,0.2,1018.45416,100.0,2.9833333,2.572499,3.6840363,1.7099938,1.7000002,1.7000002,1018.2459,100.0,4.229916,-0.28104898,2.6402125,-3.555355,0.4,0.4,1018.60004,100.0,1.6104168,1.1902233,2.6703615,0.059775352,1.6000001,1.6000001,1020.12506,100.0,3.645833,1.5772101,5.2673426,-3.1650658,0.4,0.4,1020.2251,100.0,2.8229167
2022-12-06,0.10134835,1.9124236,-1.0824289,12.500001,12.200001,1016.63336,100.0,2.1729167,1.6674746,3.205183,0.087994576,0.6,0.6,1016.47076,100.0,2.7611666,-1.5955385,-0.33834052,-2.8229249,15.500003,4.799999,1017.80835,100.0,0.59374994,-0.2821431,2.8080664,-1.5628996,9.500001,8.4,1016.3625,100.0,1.9333333,0.15052307,2.774188,-2.7582214,11.1,9.700001,1015.4666,100.0,2.5541668
2022-12-07,-2.2428753,-0.96764255,-4.17201,1.9000001,1.8000001,1014.03345,100.0,0.32708335,-0.5868556,1.1465187,-2.8822541,0.8,0.70000005,1013.321,100.0,0.8674166,-2.559081,-1.0608454,-4.5499945,0.2,0.2,1015.8252,100.0,-1.0229167,-1.9035302,0.18982887,-6.522907,0.5,0.5,1014.55005,100.0,-0.5854167,-2.2025688,-1.1466696,-4.604535,2.2999997,2.2999997,1012.9583,100.0,0.37499997
2022-12-08,-2.9734278,0.6092415,-6.1657457,0.5,0.5,1010.87494,100.0,-1.2916667,-1.3301332,1.0277166,-3.2089555,0.70000005,0.4,1010.0793,100.0,0.50908333,-4.1797657,0.028930664,-8.1348915,0.0,0.0,1012.0041,67.0,-2.825,-2.9367998,0.37195158,-7.3434086,0.1,0.1,1012.7542,100.0,-1.0083333,-2.2988806,-0.35352635,-4.6448803,3.6999998,3.2999997,1012.4167,100.0,-0.46458343
2022-12-09,-4.8087325,-2.3549142,-8.013103,1.2,0.1,1007.5959,100.0,-2.7458334,-2.9098666,-1.1164155,-6.4666424,0.0,0.0,1007.7834,100.0,-0.97841674,-4.834568,-2.3714323,-9.048057,1.1,0.19999999,1006.8542,100.0,-2.060417,-2.1546552,-1.0881133,-4.269138,5.0,4.5,1007.125,100.0,0.73125,-1.5639681,0.9120569,-3.7805376,9.3,5.4000006,1008.07495,100.0,0.71666664
2022-12-10,-2.9569352,-1.8205934,-4.935014,0.4,0.0,1007.59174,100.0,-1.0999999,-2.8785193,-1.4825487,-4.478316,0.0,0.0,1008.1167,100.0,-1.19925,-3.221701,-2.6427422,-4.8326807,0.70000005,0.0,1006.9751,100.0,-1.0749999,-2.778259,-0.8123045,-5.2546744,1.7000002,1.6000001,1005.53345,100.0,-0.6083334,-3.3806078,-2.8611755,-4.4636,3.3,0.49999997,1005.79584,100.0,0.09166666
2022-12-11,-6.870504,-5.233,-9.0945835,0.4,0.0,1009.5251,100.0,-6.0729165,-6.3105335,-4.7602897,-7.644133,0.0,0.0,1009.89996,100.0,-5.390917,-6.8073945,-5.140518,-8.087116,0.90000004,0.0,1009.2541,100.0,-5.7291665,-5.997211,-3.6433108,-8.174374,1.2000002,0.0,1006.33344,100.0,-4.76875,-6.615598,-4.585619,-7.9371357,8.4,0.0,1005.61676,100.0,-3.2958333
2022-12-12,-7.916393,-6.271055,-12.041255,2.8999999,0.0,1011.3542,100.0,-6.404167,-6.978702,-4.832293,-13.413222,2.3000002,0.0,1011.23755,100.0,-5.3513336,-9.063476,-7.498362,-10.54196,0.70000005,0.0,1012.27075,100.0,-8.66875,-7.770279,-6.3906164,-9.367854,0.8000001,0.0,1009.69574,100.0,-7.0416665,-7.039732,-6.4329705,-7.869173,7.2000003,0.0,1007.80426,100.0,-5.1
2022-12-13,-9.9015,-5.2897387,-15.908153,0.0,0.0,1014.7126,100.0,-7.977083,-8.71075,-4.9610643,-10.280308,0.0,0.0,1014.5874,100.0,-6.71175,-10.255827,-5.846826,-16.439156,0.0,0.0,1014.56256,100.0,-9.05,-7.893291,-4.5670905,-10.331055,0.0,0.0,1014.7751,95.0,-7.577083,-12.562497,-8.171788,-21.659382,0.0,0.0,1014.60834,100.0,-9.789582
2022-12-14,-9.044295,-6.077322,-12.709774,1.6,0.0,1007.3416,100.0,-6.9666667,-7.7139516,-5.2017164,-10.039824,1.4000001,0.0,1007.6833,100.0,-5.547167,-8.065669,-4.491938,-13.912983,3.3999999,0.0,1006.0208,100.0,-5.429167,-8.1440935,-5.407642,-10.150887,2.4,0.0,1008.5251,100.0,-5.7916665,-13.20678,-6.7513943,-21.717869,2.8000002,0.0,1010.02075,100.0,-10.822917
2022-12-15,-11.229724,-6.7336087,-16.4934,0.0,0.0,1009.6958,100.0,-8.097917,-8.448176,-5.982124,-10.110405,0.0,0.0,1009.8459,100.0,-6.1200833,-5.806372,-3.5153506,-7.856484,0.6,0.0,1008.80835,100.0,-3.6749995,-5.143207,-3.0765002,-7.177666,0.4,0.0,1009.2332,100.0,-3.6583335,-5.161642,-3.2598839,-7.362463,0.5,0.0,1009.45416,100.0,-2.58125
2022-12-16,-8.241485,-5.9412518,-11.139191,7.7,0.0,1011.5584,100.0,-5.3604164,-8.254327,-6.996233,-9.134756,1.0,0.0,1012.3416,100.0,-5.6117496,-6.5739045,-5.73298,-7.459017,8.700002,0.0,1010.00836,100.0,-3.6166666,-4.419393,-2.1170948,-5.795863,17.1,0.0,1008.9209,100.0,-1.8000001,-7.546721,-5.9792376,-9.62714,13.900001,0.0,1010.37494,100.0,-3.4937503
2022-12-17,-7.739925,-5.2075605,-9.289157,0.9000001,0.0,1025.6001,100.0,-5.227083,-6.1625133,-3.5570436,-8.6960125,0.3,0.0,1025.8041,100.0,-4.340917,-9.128675,-6.138083,-17.158142,2.1000001,0.0,1025.5875,100.0,-6.258333,-7.445975,-5.1460414,-12.500804,2.3,0.0,1023.3875,100.0,-5.0,-9.573261,-8.445091,-10.665778,5.7999997,0.099999994,1023.5793,100.0,-5.460417
2022-12-18,-10.780297,-8.929262,-12.870594,0.0,0.0,1036.5292,100.0,-7.875,-8.918527,-5.546037,-10.3818245,0.0,0.0,1036.3418,100.0,-5.665916,-13.799031,-8.867479,-18.063457,0.0,0.0,1036.4125,100.0,-10.831249,-12.008778,-8.385697,-17.40092,0.0,0.0,1037.3917,100.0,-9.135417,-10.737569,-9.277339,-16.302902,0.0,0.0,1037.8625,100.0,-7.977083
2022-12-19,-6.8229756,-3.0726016,-11.982513,1.6,1.6,1031.9957,100.0,-4.858333,-7.5058765,-4.347722,-11.174477,2.5,2.5,1031.9664,100.0,-4.3888335,-8.1556425,-4.88043,-11.458161,0.1,0.1,1032.3208,100.0,-4.779166,-8.540033,-7.0060368,-15.55005,0.0,0.0,1036.0792,100.0,-4.6520834,-10.955147,-6.9402328,-16.681847,0.0,0.0,1035.1124,100.0,-7.9125
2022-12-20,-6.129358,-3.383574,-9.026159,0.0,0.0,1025.1625,100.0,-4.11875,-5.1003532,-3.3735168,-5.924054,0.5,0.5,1025.1416,100.0,-2.3305,-6.857389,-2.4112659,-9.379995,0.0,0.0,1025.6,100.0,-3.90625,-5.8238215,-5.154075,-7.129734,1.0,1.0,1029.2291,100.0,-2.1708333,-7.936457,-6.754557,-9.386396,0.2,0.2,1026.7623,100.0,-2.8312502
2022-12-21,-2.706234,-0.31421995,-6.5738316,3.8000002,3.8000002,1017.67505,100.0,-0.66875,-3.9695244,-2.4996648,-6.142427,4.8,4.8,1017.71246,100.0,-1.1221666,-2.793148,1.1182733,-9.262528,1.8000001,1.8000001,1018.17926,100.0,-0.6666667,-4.52468,-3.895488,-5.4790998,2.7,2.7,1021.34174,100.0,-1.5916666,-6.189257,-5.1563034,-8.37467,3.9,3.9,1019.0291,100.0,-1.0000001
2022-12-22,0.9558375,3.4914713,-1.7330046,3.5999997,3.5999997,1010.0666,100.0,3.5770833,0.6268496,3.6037192,-2.4427953,2.0000002,2.0000002,1009.49176,100.0,3.040333,1.4297733,4.381611,-1.4359207,6.3,6.3,1012.49585,100.0,3.0645838,-3.8453386,-0.90064764,-4.890593,1.6,1.6,1015.19574,100.0,-0.7270834,-3.4017153,-1.9052541,-5.3078594,0.3,0.3,1013.11664,100.0,0.97083336
2022-12-23,3.4474955,6.558895,1.332509,5.7,5.7,1007.2749,100.0,5.5812497,3.5115912,7.355612,1.0229897,5.5,5.5,1006.7085,100.0,5.43825,3.4713793,7.5037584,0.6907406,6.3,6.3,1009.1333,100.0,4.8145833,-1.6315236,1.7373142,-3.8311791,6.0999994,6.0999994,1010.44995,100.0,0.90625,-0.2485107,1.4794388,-2.1444147,1.8000001,1.8000001,1009.44995,100.0,3.0020835
2022-12-24,3.7068484,6.6238136,0.91666985,0.6,0.6,1012.25836,100.0,5.4604163,3.0138385,7.409503,-0.93207073,0.3,0.3,1011.6333,100.0,4.596583,4.0556655,6.3527946,1.3361006,0.5,0.5,1014.3916,100.0,4.829167,0.10889057,5.239107,-3.9308434,4.6000004,4.6000004,1012.9751,100.0,2.039583,1.9682931,6.2207413,0.046710014,2.3,2.3,1011.396,100.0,4.13125
2022-12-25,2.9119399,7.2514095,-0.00141716,0.0,0.0,1019.66254,100.0,4.3187494,1.4058465,3.3903613,-1.9600425,0.1,0.1,1019.6167,100.0,3.4340832,3.1873312,8.710328,-0.49267864,1.1,1.1,1020.1252,100.0,4.3145833,-1.0724126,4.1919537,-4.126365,0.0,0.0,1021.89996,100.0,1.3604168,0.7183426,5.8651915,-2.2971382,0.0,0.0,1021.54156,100.0,2.5416667
2022-12-26,4.5073957,8.124813,1.7301493,1.3000001,1.3000001,1016.2,100.0,5.752083,3.6245792,7.9687786,0.851079,5.0,5.0,1015.45825,100.0,5.398667,4.4832,7.537985,1.3180733,1.2,1.2,1018.375,100.0,4.7999997,2.054667,3.575097,0.6441617,0.8,0.8,1019.1667,100.0,4.0687504,3.481898,5.421623,1.8607059,6.7,6.7,1017.5041,100.0,5.9020844
2022-12-27,-0.77829164,3.6576614,-4.007612,4.3999996,4.3999996,1025.15,100.0,1.1624998,-0.8530895,3.408516,-4.7685795,5.1,5.1,1024.5499,100.0,0.54866666,-1.0620322,4.091668,-5.1088114,0.0,0.0,1026.8625,100.0,-0.46875,-0.23370081,4.3585844,-6.2233334,0.5,0.5,1025.2959,100.0,0.4145832,0.42365482,3.685233,-4.0090714,2.9999998,2.9999998,1023.49585,100.0,1.4541668
2022-12-28,-1.1328954,3.3965063,-4.7549877,0.1,0.1,1021.78754,100.0,0.018749898,-0.59914684,4.084815,-4.51165,0.1,0.1,1020.72504,100.0,1.1674167,-2.2562888,1.5899606,-5.4151983,0.0,0.0,1023.89166,100.0,-1.6375002,-4.4270015,-0.16651249,-7.5927467,0.0,0.0,1025.4249,100.0,-2.5625002,-2.6698582,-0.41969323,-4.76793,0.0,0.0,1023.9958,100.0,-2.04375
2022-12-29,2.9429522,7.714487,-1.0221348,0.6,0.6,1013.07495,100.0,1.50625,3.977124,7.8495903,1.0021582,0.2,0.2,1011.929,100.0,3.629917,1.5915545,7.6023827,-1.7875519,0.0,0.0,1015.4792,100.0,-1.8520833,-3.8629665,-0.527426,-5.592104,0.0,0.0,1019.23773,100.0,-1.4229168,-1.1645275,3.968089,-3.2650309,0.0,0.0,1016.79584,100.0,-0.5958333
2022-12-30,2.912398,5.4672775,1.0326433,1.1,1.1,1016.31665,100.0,3.622917,2.7844553,5.5520782,-1.3703375,1.9,1.9,1015.6584,100.0,4.1903334,2.484671,5.387437,-1.3596363,0.0,0.0,1017.7251,100.0,2.4250002,-1.240299,0.4887743,-3.574215,0.1,0.1,1020.1501,100.0,1.1937499,-0.56733567,3.106433,-2.575338,0.2,0.2,1018.67914,100.0,1.6145834
2022-12-31,7.9425874,12.436443,2.0715523,0.3,0.3,1016.43335,100.0,7.68125,9.011145,13.915415,3.0659513,0.0,0.0,1015.22504,100.0,9.054917,7.3446345,11.711877,3.4545045,0.2,0.2,1019.4832,100.0,5.3583336,1.9615211,7.469616,-0.68019485,1.4,1.4,1022.1001,100.0,3.8416665,3.3719795,5.9703217,-0.27181506,2.1,2.1,1019.80414,100.0,4.989584
2023-01-01,8.906154,12.761339,5.3471146,0.0,0.0,1020.8459,100.0,5.8625007,7.2004876,12.489643,2.4111905,0.0,0.0,1020.32086,100.0,7.196583,8.236285,15.0043545,3.875948,0.0,0.0,1022.32916,100.0,4.6375003,1.9932966,5.7896976,-0.86110663,0.0,0.0,1025.5333,100.0,3.8458335,4.907284,10.000082,2.412757,0.0,0.0,1023.09174,100.0,5.552084
2023-01-02,5.988945,9.97062,1.1493149,0.0,0.0,1021.0959,100.0,4.5375004,4.6952515,7.7056313,0.41010475,0.0,0.0,1020.95825,100.0,5.5090833,4.582228,11.364087,0.97033787,0.0,0.0,1021.7249,100.0,3.7729166,3.6971428,5.5473146,2.2060885,0.2,0.2,1024.9125,100.0,5.5854173,4.4655633,8.625309,2.366763,0.0,0.0,1023.0291,100.0,6.80625
2023-01-03,3.5158577,6.2363625,-1.3851066,0.0,0.0,1028.675,100.0,3.9458332,3.4818676,7.1196213,-1.5709286,0.3,0.3,1028.3167,100.0,3.90075,3.2542038,6.049979,-2.2133012,0.1,0.1,1029.5499,100.0,3.5250006,3.200237,7.9561844,-1.9043875,0.0,0.0,1028.8541,100.0,4.370833,3.5010529,7.77808,-1.7419548,0.0,0.0,1027.8958,100.0,4.602083
2023-01-04,0.09341731,4.0836964,-2.6815698,5.0,5.0,1024.754,100.0,2.4166667,0.6013276,5.8504887,-4.9131446,2.8,2.8,1023.521,100.0,2.7757502,0.2267714,4.5669174,-3.5149043,1.2,1.2,1027.4291,100.0,1.9833335,-1.7088262,1.2070775,-4.9626217,1.8,1.8,1027.7458,100.0,0.6395833,-1.0689102,1.170073,-3.4252026,0.3,0.3,1026.0375,100.0,1.5541667
2023-01-05,4.5592914,5.8232784,2.8339357,3.6,3.6,1016.66675,100.0,5.1249995,6.0577703,7.5964766,4.556761,0.9000001,0.9000001,1015.63745,100.0,6.0507493,4.4684653,6.281912,2.1321788,1.1,1.1,1019.06665,100.0,4.5375,4.9959397,6.8593473,1.5911884,3.9999998,3.9999998,1016.47504,100.0,4.9687505,3.8526132,6.5815487,0.8344717,5.7999997,5.7999997,1014.1374,100.0,4.7520833
2023-01-06,5.101138,8.083488,2.4680243,0.70000005,0.70000005,1021.3957,100.0,6.108333,5.7931595,7.7143574,2.9103732,1.5000001,1.5000001,1020.9583,100.0,6.7007504,4.6602893,8.201156,1.8614364,0.1,0.1,1023.0,100.0,5.1229167,4.322083,5.5601196,2.216227,0.2,0.2,1022.6584,100.0,4.575,1.5124292,3.2685719,-1.5626965,0.9000001,0.9000001,1022.1833,100.0,2.4979165
2023-01-07,3.7386653,7.7673206,0.70148087,0.2,0.2,1019.7,100.0,4.4875007,3.3887732,6.988467,-1.8366022,0.0,0.0,1019.3374,100.0,5.1028333,3.6143906,7.384348,-0.8375821,0.0,0.0,1020.34576,100.0,4.085417,3.536698,7.553769,-0.17019033,0.0,0.0,1021.2168,100.0,4.4666667,2.3531194,6.4619837,-2.233048,0.0,0.0,1021.0251,100.0,3.8895833
2023-01-08,0.5928004,2.557825,-0.74620485,0.4,0.4,1011.68317,100.0,2.6395833,0.9103647,2.1367054,-2.27113,0.8000001,0.8000001,1011.28754,100.0,3.317417,-0.7349172,2.014803,-2.7503057,0.5,0.5,1012.4334,100.0,1.3437501,2.503299,3.7183824,1.0275507,1.5,1.5,1013.7668,100.0,4.7458334,2.356079,5.2668133,-2.5854843,0.0,0.0,1013.5291,100.0,3.189583
2023-01-09,0.48414204,3.7721567,-2.4260736,0.90000004,0.90000004,1003.74176,100.0,2.1187499,0.4498693,3.2715626,-1.8457184,1.6,1.6,1003.4958,100.0,2.7465832,-0.40410426,3.053515,-3.6273065,1.5000001,1.5000001,1004.77905,100.0,1.2958333,2.473694,4.201297,0.46517992,3.2999995,3.2999995,1005.0208,100.0,3.9958332,3.0342581,4.648938,0.6103983,2.4,2.4,1004.3875,100.0,4.48125
2023-01-10,-0.39829502,2.2958355,-3.3066082,0.0,0.0,1017.26666,100.0,0.95625,0.01952978,3.6995068,-4.9287043,0.1,0.1,1016.97925,100.0,1.4882499,-1.3990294,0.28869343,-4.788354,0.90000004,0.90000004,1018.1833,100.0,0.058333326,0.12250473,1.8242474,-2.7868428,1.0000001,1.0000001,1015.4209,100.0,1.8062505,1.1185281,3.6197114,-0.44939566,11.1,11.1,1014.7043,100.0,3.304166
2023-01-11,0.0043114224,3.8495102,-4.330168,3.6,3.6,1017.82086,100.0,1.3000001,0.20636557,3.8751507,-5.1547027,2.0,2.0,1017.13745,100.0,1.9653331,-0.61389345,3.3861613,-5.219533,2.6,2.6,1019.68756,100.0,-0.14583318,-1.8430986,1.4150429,-6.283127,1.4000001,1.4000001,1020.6667,100.0,-0.75416654,-1.2410544,1.9984097,-5.4507546,0.4,0.4,1019.75397,100.0,0.00833333
2023-01-12,1.9144405,3.6739101,-0.25371313,1.2,1.2,1016.64575,100.0,3.677083,2.1689532,4.4608173,-0.104346275,2.0,2.0,1015.30835,100.0,4.1924157,1.9619488,3.1445713,0.44458294,0.0,0.0,1019.60425,100.0,2.0833333,1.664415,4.9529743,-2.8377924,2.6,2.6,1019.43744,100.0,2.6729167,1.0089227,3.7193408,-0.62052155,3.6999998,3.6999998,1018.4666,100.0,2.7687502
2023-01-13,3.8578608,5.9230175,0.4641652,3.1,3.1,1012.23334,100.0,3.947916,4.740373,6.7848005,0.99221754,2.6,2.6,1011.11664,100.0,5.6965833,2.3038616,4.620573,-0.008544445,2.1000001,2.1000001,1015.3042,100.0,2.1458333,1.8612642,3.427208,0.5728626,2.1,2.1,1015.8,100.0,2.5125,2.0086176,5.518093,0.20634174,3.3999999,3.3999999,1014.60834,100.0,2.7416668
2023-01-14,1.1019545,3.613079,-1.0749681,0.4,0.4,1016.7168,100.0,1.3562499,1.4555424,3.6447287,-1.2172074,0.8,0.8,1015.56683,100.0,2.4778335,0.75430566,3.7388988,-1.3891444,0.0,0.0,1019.16266,100.0,-0.025000116,0.33111364,5.6410303,-3.770101,0.0,0.0,1019.57935,100.0,0.8083334,0.3181676,4.0061398,-1.5441713,0.0,0.0,1018.77924,100.0,1.6937498
2023-01-15,2.1562204,5.748413,-2.9008512,2.8000002,2.8000002,1005.7082,100.0,3.0187502,3.447813,7.4844646,-1.7273169,2.8,2.8,1004.32916,100.0,4.3945,2.077741,5.9505577,-1.8467686,4.0,4.0,1008.47095,100.0,0.7479167,0.39192677,1.794529,-0.75906277,7.3999996,7.3999996,1010.4543,100.0,2.1708333,-0.40080047,1.3121486,-2.4703977,8.7,8.6,1008.82916,100.0,0.8666666
2023-01-16,-1.851354,2.6037655,-4.598316,0.1,0.1,998.53326,100.0,-1.7395834,-1.3910228,1.4455299,-3.8047943,0.1,0.0,997.9292,100.0,-0.3138334,-1.9579448,1.8067942,-3.8643124,0.0,0.0,999.53754,100.0,-2.2708333,-0.73981744,0.6179514,-1.7039037,0.2,0.2,1001.52496,100.0,1.05625,0.21258731,3.5009108,-2.036704,0.0,0.0,1001.4915,100.0,0.96874994
2023-01-17,-2.6572545,0.50173473,-4.48843,0.0,0.0,989.27094,100.0,-2.9250002,-1.8353175,0.84297276,-5.546151,0.1,0.1,988.50836,100.0,-1.6075834,-2.137529,1.3567824,-5.317614,0.0,0.0,990.0625,100.0,-2.8041666,-0.88510305,2.0336385,-3.0424752,0.3,0.3,991.9292,100.0,0.20416664,-0.85559493,1.4187164,-2.7362466,0.0,0.0,991.72076,100.0,0.106250025
2023-01-18,-2.4106045,-0.6373968,-5.3987527,4.3999996,0.4,993.02075,100.0,-0.89166665,-1.9011416,-0.20831585,-3.772313,4.8999996,0.0,993.38763,100.0,-0.5346667,-2.766472,-0.03660822,-6.1725826,0.7,0.7,993.35004,100.0,-1.2958332,-1.2216253,1.8166056,-4.70542,3.8000002,1.9000001,993.49567,100.0,0.7270834,-1.9095373,-0.9588697,-3.7651958,1.5000001,1.5000001,993.3584,100.0,0.5479167
2023-01-19,-5.0418396,-3.1309538,-7.019356,0.0,0.0,1007.64594,100.0,-3.9895833,-4.8275657,-2.1512728,-8.289494,0.0,0.0,1007.32495,100.0,-3.5284166,-5.34198,-3.6800876,-8.001364,0.1,0.0,1008.28754,100.0,-4.4583335,-4.2799993,-2.8019314,-5.6611032,0.3,0.1,1006.5125,100.0,-3.3520832,-3.9455507,-2.8375213,-5.0887012,1.7,0.2,1005.95844,100.0,-1.4354166
2023-01-20,-4.783933,-2.5997427,-7.121909,0.6,0.0,1015.46674,100.0,-3.375,-3.1480322,-0.8866911,-4.6022987,0.6,0.0,1015.58746,100.0,-1.6638333,-5.9095054,-3.5961518,-8.456523,0.3,0.0,1015.34985,100.0,-4.722917,-5.930796,-2.4873292,-8.677465,0.3,0.0,1013.8584,100.0,-5.508333,-5.8616257,-3.58273,-8.362289,1.8,0.0,1013.87915,100.0,-3.1875
2023-01-21,-6.3768425,-4.643411,-7.905883,4.7,0.0,1021.7,100.0,-3.3083332,-5.7456226,-3.2439404,-7.913398,5.8999996,0.0,1022.39594,100.0,-2.0284166,-6.8549466,-5.4384947,-8.252575,5.1999993,0.0,1021.0166,100.0,-4.289583,-5.594439,-3.858695,-7.6808395,3.6999998,0.1,1017.8918,100.0,-4.30625,-5.7364235,-3.687055,-7.8698072,10.3,0.0,1017.30835,100.0,-2.047917
2023-01-22,-4.0080814,-3.116094,-5.066434,3.5,0.0,1026.6749,100.0,-1.6937503,-3.0027487,-2.0836675,-3.560254,4.0,0.0,1027.1625,100.0,-0.293,-4.8050494,-3.9575727,-6.7114406,4.0,0.1,1026.1501,100.0,-3.116666,-3.571352,-2.2611845,-5.566162,6.7999997,0.0,1024.9126,100.0,-2.127083,-5.513332,-4.121977,-7.2315607,0.3,0.0,1026.0667,100.0,-2.0
2023-01-23,-2.8847473,-1.683877,-3.9358075,0.0,0.0,1034.3251,100.0,-0.35416672,-2.3176262,-0.7949295,-3.04503,0.0,0.0,1035.1293,100.0,0.807,-4.1929584,-3.2154124,-5.957697,0.0,0.0,1033.0751,100.0,-1.7312503,-2.8207157,-1.4805479,-4.444423,0.1,0.1,1031.5458,100.0,0.27916667,-3.6018505,-3.0577621,-4.535727,0.0,0.0,1034.1417,100.0,0.0020833511
2023-01-24,-2.0527995,-0.8666091,-3.0614672,0.0,0.0,1037.3542,100.0,0.31875,-2.0476577,-1.2318537,-2.7772074,0.0,0.0,1038.2332,100.0,1.0195,-2.5946052,-1.6761467,-3.3227277,0.0,0.0,1036.3042,100.0,-0.14583333,-1.6919538,-0.8209462,-2.512209,0.0,0.0,1035.1499,100.0,0.93333334,-2.8786705,-2.3965688,-3.3594234,0.0,0.0,1036.6708,100.0,0.91458327
2023-01-25,-1.4795914,-0.5282383,-2.552257,0.0,0.0,1033.2002,100.0,0.18749996,-1.4625496,-0.8788798,-2.054659,0.0,0.0,1033.5084,100.0,0.8674166,-2.40052,-1.114538,-3.2309713,0.0,0.0,1032.9374,100.0,-0.82083327,-1.334383,-0.33595204,-1.9948478,0.0,0.0,1032.4332,100.0,-0.052083354,-2.543955,-0.8860576,-5.1465316,0.0,0.0,1033.0709,100.0,-0.39583334
2023-01-26,-2.6665804,-1.7886782,-4.528055,0.2,0.0,1022.31665,100.0,-1.3541669,-2.5363197,-1.588764,-4.7844114,0.6,0.0,1022.6082,100.0,-0.42425004,-3.9785116,-2.4158287,-5.117118,0.0,0.0,1022.1958,100.0,-2.5270836,-2.8397706,-1.7877698,-4.195123,0.0,0.0,1022.29156,100.0,-2.5833333,-3.010185,-1.4646502,-4.8712034,0.0,0.0,1022.3166,100.0,-2.1479166
2023-01-27,-5.260237,-4.6663446,-5.937254,1.7000002,0.0,1021.92914,100.0,-2.7020836,-4.9933696,-3.9128327,-5.7106905,0.90000004,0.0,1022.6999,100.0,-1.9659166,-5.515186,-4.7765765,-6.2187824,1.3000002,0.0,1020.90826,100.0,-3.439583,-5.5374494,-4.453491,-7.1429596,0.0,0.0,1019.8958,100.0,-5.2104173,-5.3698487,-4.3551435,-6.642988,0.0,0.0,1020.16235,100.0,-4.38125
2023-01-28,-5.9815917,-4.7163363,-7.5842304,0.1,0.0,1026.7958,100.0,-4.314584,-5.9061627,-3.585773,-8.26469,1.3000001,0.0,1027.5583,100.0,-3.66175,-5.9807014,-4.6264896,-8.337591,0.8000001,0.0,1025.7833,100.0,-4.3458333,-5.3189864,-3.3829677,-6.8602624,0.1,0.0,1023.97095,100.0,-5.3145833,-5.9409785,-4.4979653,-7.237875,0.1,0.0,1024.1251,100.0,-5.1125
2023-01-29,-7.026543,-4.369859,-9.669551,0.0,0.0,1027.9708,100.0,-7.179167,-6.094618,-3.6228864,-8.289486,0.0,0.0,1027.5668,100.0,-5.7846665,-8.334937,-5.6984434,-15.106154,0.0,0.0,1028.8667,100.0,-7.447916,-7.3389935,-4.9880095,-8.938125,0.0,0.0,1027.6417,100.0,-7.502083,-6.3474584,-4.143594,-8.315099,0.0,0.0,1026.5376,100.0,-6.6708336
2023-01-30,-5.9420075,-2.897129,-9.170616,0.90000004,0.70000005,1015.04596,100.0,-3.375,-3.5262926,0.045799255,-7.7861757,1.4000001,0.29999998,1013.65826,100.0,-1.8534169,-6.989569,-3.18786,-14.488192,0.70000005,0.0,1018.2043,100.0,-5.2708335,-5.7199306,-1.3728261,-10.339925,0.5,0.19999999,1015.8958,100.0,-4.8208337,-7.2335725,-3.480222,-10.99888,2.3,0.100000024,1013.4168,100.0,-4.9583335
2023-01-31,-3.0485773,-1.3827498,-4.033293,0.8000001,0.8000001,1018.77924,100.0,-1.3458333,-0.9702263,0.53088903,-2.3577604,2.6,2.0,1017.8376,100.0,0.5861667,-4.0264163,-2.3746765,-5.62978,1.6000001,0.20000002,1021.26654,100.0,-2.0395832,-2.7625923,-0.8477907,-4.4192686,1.0,0.49999997,1017.7415,100.0,-2.0520833,-3.0855777,-0.3968563,-4.332485,4.2,1.0000001,1015.56256,100.0,-1.775
2023-02-01,-2.106201,0.14198542,-3.6602216,2.8,2.2,1015.2209,100.0,-0.34583333,-0.6180742,1.1136141,-1.7028873,5.8,2.9999998,1013.99164,100.0,0.90283346,-2.1235454,-0.6947503,-3.234101,4.3,1.9000001,1018.1541,100.0,-0.88958335,-1.4616014,1.1974773,-2.7033732,2.3,1.3000001,1015.26666,100.0,-0.7770832,-2.5594318,-0.971236,-4.395031,5.2000003,2.0,1012.89996,100.0,-0.42708337
2023-02-02,-2.0336745,0.5693865,-4.05687,2.1,0.90000004,1018.3708,100.0,-0.85625,-0.9988062,0.89448833,-2.6335034,0.9000001,0.9000001,1017.8083,100.0,0.7903333,-3.3057377,-1.8505144,-4.261634,6.7,1.5999999,1020.3333,100.0,-0.9333334,-2.4603536,-0.71466875,-3.8813996,0.0,0.0,1016.66254,99.0,-1.44375,-2.7910109,0.98258066,-4.961633,6.6,2.0000002,1014.4666,100.0,-0.70833343
2023-02-03,-0.9999693,0.5224261,-3.0698924,9.9,8.9,1019.7793,100.0,2.0083332,0.7607215,3.1835108,-1.8902757,13.0,8.900001,1018.8123,100.0,2.8299167,-1.7966474,-0.21875,-5.0549903,12.5,8.3,1022.18335,100.0,0.49166667,-1.7174424,1.0834484,-4.828146,9.8,7.4999995,1019.6209,100.0,0.55208343,-3.9334261,0.35804653,-7.218001,11.000001,6.7000003,1018.02094,100.0,-1.2416664
2023-02-04,-4.1564918,-1.1566873,-6.286978,1.5000001,0.90000004,1030.7916,100.0,-2.73125,-3.2054825,-1.0285134,-5.3227024,5.0999994,4.1,1031.4042,100.0,-1.0638332,-4.9348254,-2.4389324,-6.9910884,1.6000001,1.5000001,1030.5876,100.0,-3.6354167,-5.7644973,-1.3727245,-8.252458,1.4000001,1.4000001,1026.0248,100.0,-4.5499997,-6.3500996,-0.62765884,-9.391152,5.1999993,3.5999997,1024.2582,100.0,-3.9083338
2023-02-05,-7.146736,-3.9039073,-10.125599,0.0,0.0,1039.1458,100.0,-7.7500005,-5.4998784,-3.0505366,-8.963886,0.0,0.0,1039.1959,100.0,-6.3430004,-6.589262,-4.14857,-9.679157,0.9,0.0,1038.6166,100.0,-7.722917,-7.9554486,-5.1220255,-10.47929,0.0,0.0,1037.8583,100.0,-8.433333,-8.776379,-7.4844575,-9.934562,0.3,0.0,1037.7501,100.0,-8.377084
2023-02-06,-7.76236,-3.2688036,-10.559785,0.0,0.0,1040.0668,100.0,-7.895834,-6.0553412,-2.6567402,-8.494523,0.0,0.0,1040.0751,100.0,-5.540917,-8.103013,-3.7879727,-10.820545,0.0,0.0,1039.9252,100.0,-8.962501,-8.190711,-4.6994267,-10.480589,0.0,0.0,1040.1835,100.0,-9.431249,-8.527595,-6.1108656,-10.714553,0.0,0.0,1040.4377,100.0,-9.527084
2023-02-07,-7.964871,-4.053631,-11.607266,0.0,0.0,1042.7125,40.0,-8.514583,-6.664166,-2.149653,-10.131977,0.0,0.0,1042.6373,67.0,-6.882583,-8.677576,-4.392864,-11.330692,0.0,0.0,1042.2084,79.0,-9.7125,-8.7726145,-4.290848,-11.328175,0.0,0.0,1042.1459,35.0,-9.364583,-8.734967,-6.1254435,-12.309387,0.0,0.0,1042.6833,100.0,-7.81875
2023-02-08,-8.225493,-3.416369,-11.328772,0.0,0.0,1042.9668,50.0,-8.900001,-8.345202,-4.2740183,-11.332406,0.0,0.0,1043.1625,40.0,-7.5054994,-8.988295,-5.4368505,-10.853125,0.0,0.0,1042.7625,100.0,-8.864583,-6.8636127,-2.4178195,-10.299288,0.0,0.0,1043.6083,77.0,-7.9145827,-5.9794364,-1.7862332,-10.521434,0.0,0.0,1044.0416,100.0,-6.2729154
2023-02-09,-6.596245,-0.6489754,-9.639013,0.0,0.0,1036.7499,100.0,-9.756249,-6.856667,-2.1933331,-10.415328,0.0,0.0,1036.8042,100.0,-7.509665,-7.136297,-0.25927067,-10.9914875,0.0,0.0,1036.8043,0.0,-10.443751,-7.506865,-3.8378024,-9.881706,0.0,0.0,1039.8583,1.0,-8.022916,-7.747295,-3.8513124,-10.544016,0.0,0.0,1039.5582,97.0,-9.256249
2023-02-10,-6.0696282,-2.490337,-9.470333,0.0,0.0,1037.4291,100.0,-6.272917,-4.9837093,0.9306612,-9.231754,0.0,0.0,1036.7457,100.0,-5.3804994,-5.5276017,0.08073902,-9.542611,0.0,0.0,1038.129,100.0,-7.8500004,-5.603525,-0.36987305,-10.014152,0.0,0.0,1037.9125,100.0,-7.418749,-7.616307,-3.7135127,-10.4250145,0.0,0.0,1037.05,100.0,-7.7562504
2023-02-11,-2.9362767,0.18724823,-6.7148604,0.2,0.2,1033.4374,100.0,-1.1958336,-0.7174475,3.4052267,-8.145392,0.4,0.4,1032.5542,100.0,0.37366652,-2.6710043,2.5721645,-7.8458767,0.0,0.0,1035.1708,100.0,-3.7041664,-2.9143894,1.9830117,-8.212794,0.0,0.0,1033.425,100.0,-3.0583332,-4.928782,-0.7865248,-8.719013,2.2,1.8,1031.65,100.0,-3.322917
2023-02-12,2.3009155,5.497034,0.43767834,1.0,1.0,1037.4584,100.0,3.3375006,3.128569,5.7471333,1.4516768,0.70000005,0.70000005,1037.4332,100.0,4.3632507,0.26230982,3.5126934,-1.6631279,0.1,0.1,1038.1417,100.0,2.2041664,0.92877036,3.491138,-3.7115505,0.6,0.6,1036.4708,100.0,2.0791664,-0.19633977,1.871377,-1.7005811,1.8000001,1.8000001,1036.0043,100.0,1.8791667
2023-02-13,2.1112523,6.900543,-3.503132,0.0,0.0,1038.6249,100.0,2.1312501,2.7175515,7.099844,-0.3350911,0.4,0.4,1038.6334,100.0,3.5590832,0.5892152,5.3736286,-4.7667756,0.1,0.1,1039.2001,100.0,0.7958335,0.19277985,4.365409,-4.283972,0.0,0.0,1038.4916,100.0,1.1708333,-0.06214437,2.9843016,-3.1570182,0.0,0.0,1037.8208,100.0,1.7458334
2023-02-14,-0.88865453,3.759327,-5.0336027,0.0,0.0,1037.4917,100.0,-0.070833355,1.482997,4.0293694,-1.2023945,0.0,0.0,1037.4,100.0,2.7840831,-3.1804397,2.5112414,-7.1491485,0.0,0.0,1037.8958,100.0,-1.4812499,-0.80841637,3.5734382,-6.2930384,0.0,0.0,1036.9957,100.0,-0.008333375,-0.17983806,1.7035975,-2.0281034,0.1,0.1,1036.9083,100.0,0.94583327
2023-02-15,-2.8193138,3.7055836,-5.758483,0.0,0.0,1032.0543,100.0,-1.4729166,-2.0634017,1.3141284,-3.969963,0.0,0.0,1032.0,100.0,0.096583284,-3.0242307,5.3445272,-7.8706923,0.0,0.0,1031.6915,3.0,-2.2395835,-2.9375353,1.9074616,-7.5368104,0.0,0.0,1033.2458,100.0,-1.7604166,-2.189513,3.405519,-6.8476505,0.0,0.0,1032.3668,100.0,-0.4729167
2023-02-16,-1.8382455,5.189925,-6.469629,0.0,0.0,1027.0416,100.0,-1.7666668,-1.7630295,4.341345,-5.944378,0.0,0.0,1026.7333,100.0,-1.1680001,-2.383067,7.7289534,-8.230135,0.0,0.0,1027.7875,100.0,-3.5833337,-2.3450081,1.8356004,-5.763765,0.0,0.0,1028.6,100.0,-1.2125,-3.7287855,-0.10442495,-6.5266876,0.0,0.0,1026.875,100.0,-0.70625
2023-02-17,2.73032,5.871889,-1.6262426,0.5,0.5,1020.6375,100.0,3.810417,3.6936321,8.715,-2.3225203,0.8,0.8,1019.47076,100.0,4.76325,3.0931466,6.6193333,-2.4841847,0.0,0.0,1023.4373,100.0,2.7979164,0.063543834,5.833349,-6.2077227,0.5,0.5,1022.60004,100.0,1.0187501,-1.0486726,3.5163345,-4.528281,5.2,5.2,1020.7459,100.0,2.2333333
2023-02-18,5.5147557,7.1894464,3.9905005,4.3999996,4.3999996,1017.61676,100.0,5.8333325,6.7985783,9.208477,5.4689436,4.7,4.7,1016.82495,100.0,6.863251,6.1999545,7.4333572,5.019602,4.5000005,4.5000005,1020.14166,100.0,5.9541664,7.3593674,9.721073,5.4101067,0.1,0.1,1017.35834,100.0,6.3041673,4.8757114,7.1840267,3.4449368,4.4,4.4,1015.34155,100.0,5.9604163
2023-02-19,2.457526,4.999448,-2.3534002,5.1,5.1,1018.80414,100.0,3.727083,3.187503,6.219596,-3.4779744,10.3,10.3,1018.6333,100.0,3.9090831,3.716835,5.391343,1.9825325,9.6,9.6,1019.9583,100.0,4.939583,3.6174166,6.4055824,-2.8464024,4.7,4.7,1017.8333,100.0,3.5979164,1.6979235,4.1279182,-1.8830504,4.8,4.8,1016.45,100.0,3.345833
2023-02-20,2.4118092,5.3417606,-2.0399003,0.2,0.2,1021.26245,100.0,2.425,4.3774343,9.105022,-2.978137,0.1,0.1,1020.36676,100.0,3.3757496,3.4735343,6.398102,1.6359596,2.3999996,2.3999996,1023.34174,100.0,2.6979167,2.1654613,7.457221,-4.1367617,0.0,0.0,1021.89166,100.0,0.5208333,-0.34602806,4.4415474,-5.225383,0.0,0.0,1019.88324,100.0,0.51458335
2023-02-21,4.77783,8.434721,2.18853,0.0,0.0,1017.02924,100.0,4.4270835,6.5553536,9.66316,2.2466087,0.1,0.1,1016.5376,100.0,6.136166,4.000597,8.518015,0.048955917,0.0,0.0,1018.8459,100.0,2.7104168,5.3833594,8.926859,2.5942922,0.0,0.0,1016.3499,100.0,3.5208333,5.050732,8.159083,2.9686947,1.3000001,1.3000001,1014.0,100.0,4.6583333
2023-02-22,4.8055367,10.631027,0.11457682,0.0,0.0,1016.7542,100.0,4.4229164,6.8553863,10.389983,1.9884291,0.0,0.0,1016.69165,100.0,5.948667,5.416134,11.5119915,0.77943945,0.0,0.0,1016.32086,100.0,4.5000005,4.684466,9.599758,0.44091892,0.0,0.0,1017.24567,100.0,4.08125,4.1799784,5.8146744,1.5208635,0.1,0.1,1017.9917,100.0,3.1562502
2023-02-23,4.715132,9.857268,-0.45808887,0.1,0.1,1014.10425,100.0,4.260417,4.4026756,7.3869762,1.3061299,1.0,1.0,1014.36255,100.0,5.0632496,4.3296404,9.153101,0.5413461,2.1,2.1,1014.31256,100.0,4.7291665,4.11168,8.138678,0.29510927,0.0,0.0,1015.44574,100.0,3.4854167,1.794954,8.326232,-3.899403,0.0,0.0,1016.01245,100.0,1.63125
2023-02-24,3.8293855,5.7873735,0.69499207,1.6000001,1.6000001,1005.70844,100.0,4.0104175,4.207276,5.767606,1.3918085,1.6000001,1.6000001,1005.6833,100.0,4.304917,3.7458098,7.3005047,0.6528926,1.3000002,1.3000002,1006.82074,100.0,4.0041666,5.2262783,9.496899,2.35328,3.9999998,3.9999998,1006.60834,100.0,5.4583335,3.2886925,5.726879,2.0794716,8.1,8.1,1005.8665,100.0,4.7812495
2023-02-25,-2.6541843,0.15375519,-5.2284946,4.2999997,1.7000003,1001.85406,100.0,-1.2291666,-1.6904994,0.9017315,-4.8609724,6.9000006,1.1000001,1001.6792,100.0,-0.17008334,-2.1797383,2.6619358,-5.2471175,2.8,1.8000001,1003.16656,100.0,-1.9875001,-0.82068086,3.2502775,-5.562004,1.2,1.2,1000.7583,100.0,-0.67916656,-0.6579447,2.5948973,-3.3373246,2.8999996,2.7999997,998.65015,100.0,-0.21666677
2023-02-26,-5.861595,-4.4842277,-7.8725843,2.1000001,0.1,1016.32074,100.0,-4.70625,-5.609364,-4.403096,-7.2780437,1.5000001,0.0,1017.1584,100.0,-3.4596665,-6.5396066,-5.0976295,-8.371381,1.3000001,0.0,1015.28754,100.0,-5.714583,-4.8398685,-2.729626,-7.297823,0.2,0.0,1013.3459,100.0,-5.379166,-5.063583,-3.3689063,-6.052716,0.8,0.1,1013.35004,100.0,-4.7166667
2023-02-27,-6.010306,-3.0892456,-9.164845,0.1,0.0,1027.4625,100.0,-6.279167,-5.713775,-2.569506,-8.308533,0.0,0.0,1028.1083,100.0,-5.190917,-6.7139115,-4.893937,-8.596394,0.0,0.0,1026.3,100.0,-6.9229164,-5.3752484,-3.5141087,-7.5647855,0.0,0.0,1025.2001,100.0,-6.841667,-5.7216487,-3.610625,-8.476152,0.1,0.0,1025.6333,100.0,-5.8333335
2023-02-28,-5.5373416,-1.0227103,-9.22886,0.0,0.0,1030.3417,100.0,-6.491667,-4.6458383,-0.58384466,-9.9253025,0.2,0.0,1030.95,100.0,-5.5221667,-5.2114472,-1.8342459,-8.868679,0.0,0.0,1028.725,100.0,-5.5375004,-4.5870395,0.12736034,-7.655693,0.0,0.0,1029.5709,100.0,-6.043751,-5.4112983,-1.3858619,-8.286461,0.0,0.0,1030.5709,100.0,-5.945833
2023-03-01,-4.584684,0.88256454,-8.949221,0.0,0.0,1028.1249,77.0,-4.9229164,-3.9077358,1.9056387,-8.139715,0.0,0.0,1028.4834,100.0,-5.07425,-3.5636673,2.0663915,-8.0859585,0.0,0.0,1026.4584,77.0,-3.5791662,-2.5573118,4.3310843,-6.8890996,0.0,0.0,1027.2251,100.0,-4.233333,-4.5523043,1.2024746,-8.175555,0.0,0.0,1028.5582,28.0,-4.6833334
2023-03-02,-3.0904515,3.7318726,-7.8382683,0.0,0.0,1023.09174,42.0,-4.0020833,-1.9034733,5.3922815,-6.4868307,0.0,0.0,1023.27924,94.0,-4.8180003,-0.9478586,5.3337555,-6.077057,0.0,0.0,1021.4041,60.0,-2.2145832,-1.1288284,6.1414194,-6.2227316,0.0,0.0,1022.4084,100.0,-4.6145835,-3.689619,4.3759594,-8.627876,0.0,0.0,1023.61664,97.0,-4.7062497
2023-03-03,-4.841516,0.23070574,-7.3785343,0.0,0.0,1022.25433,100.0,-3.3374996,-4.458074,-0.966887,-6.374653,0.0,0.0,1022.7334,100.0,-2.1909168,-1.7584791,4.787574,-6.4866505,0.0,0.0,1020.75415,97.0,-2.1645834,-1.423523,6.371316,-6.5293293,0.0,0.0,1019.76666,100.0,-2.675,-5.2175636,-1.9159136,-8.294029,0.0,0.0,1021.30817,100.0,-3.4479167
2023-03-04,-3.970208,-0.3577671,-8.15681,0.7,0.7,1019.84576,100.0,-2.4854167,-1.7559944,1.1239195,-6.8673725,0.2,0.2,1019.39575,100.0,-0.19300006,-3.7901304,0.8285022,-8.058462,0.0,0.0,1020.0793,100.0,-3.7250001,-3.1850605,1.8066258,-8.267439,0.0,0.0,1018.325,100.0,-3.1770833,-3.1125193,1.8462257,-7.4683294,0.2,0.2,1017.1042,100.0,-2.8791664
2023-03-05,-2.2305067,-0.8496008,-4.8437185,0.90000004,0.20000002,1013.9834,100.0,-3.0625,-1.6033369,-0.43507838,-3.0337505,2.8999999,0.20000002,1013.7917,100.0,-0.7700834,-3.3032024,-2.126577,-4.9682593,1.6,0.0,1015.4292,100.0,-3.814583,-1.7512304,-0.55494213,-3.69471,1.4000001,0.9000001,1013.75415,100.0,-3.1979167,-2.6451871,-1.0648718,-3.9442153,1.7000003,0.5,1012.3,100.0,-2.5020835
2023-03-06,-2.8874876,-0.011301994,-5.5079036,0.5,0.3,1006.73737,100.0,-2.6000004,-2.2470648,1.5918398,-5.807888,1.5000001,1.0000001,1006.2834,100.0,-1.0388333,-3.0182333,-0.5702152,-5.802938,0.1,0.0,1007.97485,100.0,-4.3520837,-1.9772695,1.6065717,-6.7440424,0.2,0.2,1007.74585,100.0,-3.7770832,-3.2364266,-0.30113864,-6.823379,0.1,0.0,1007.0417,100.0,-3.5562503
2023-03-07,-2.3665729,1.0312128,-5.1761184,0.0,0.0,1001.29156,100.0,-2.470833,-1.756189,1.290482,-5.3184958,0.0,0.0,1000.1458,100.0,-1.1513332,-2.0398023,1.9081244,-5.193533,0.0,0.0,1003.1875,100.0,-3.85625,-1.9585916,3.9966803,-7.255887,0.4,0.4,1003.3291,100.0,-2.2437499,-2.416295,0.8901024,-5.7018776,0.0,0.0,1002.5999,100.0,-1.6104165
2023-03-08,0.08939461,2.773016,-2.8214645,4.4,4.4,998.80835,100.0,-0.35000014,0.021004438,1.7129092,-1.4801061,4.7,3.6,998.62915,100.0,1.4569999,-0.6300419,2.9377017,-4.2989674,2.3000002,1.4000001,1000.8957,100.0,-1.7416667,0.16865987,3.9951468,-4.95996,0.8,0.8,1001.18335,100.0,-1.0562501,-0.010298292,3.689416,-3.422511,1.1,1.1,1000.19165,100.0,-0.19166668
2023-03-09,4.7317367,7.8067665,3.0242462,9.400001,9.400001,995.9915,100.0,5.691666,4.009478,7.6891794,0.9164643,4.6,4.6,995.7708,100.0,4.6903334,4.6329336,6.7542324,1.6993022,15.300001,15.300001,998.29565,100.0,4.5499997,5.036296,9.832677,2.1590185,3.2999997,3.2999997,997.8709,100.0,4.545833,4.2388887,8.40554,1.8958902,8.2,8.2,996.6165,100.0,5.089584
2023-03-10,4.6943374,9.628956,0.9197774,3.8,3.8,994.0708,100.0,4.0916667,5.3516526,10.507193,1.7188888,1.7,1.7,992.9792,100.0,5.2653337,4.220851,8.494019,1.1282568,0.5,0.5,996.44165,100.0,2.5291665,5.063293,11.889845,-1.979857,0.2,0.2,996.79156,100.0,3.8062503,6.5041237,11.219961,2.7393913,0.0,0.0,995.7293,100.0,4.9687495
2023-03-11,-4.33419,-0.18819618,-6.702122,0.8000001,0.70000005,1003.5374,100.0,-4.377084,-3.1271133,3.0475864,-6.8588457,3.9999995,0.8,1003.08344,100.0,-2.3284166,-4.773056,-0.040759087,-6.767026,0.5,0.5,1005.4626,100.0,-5.2604165,-2.819905,3.8449364,-5.8481016,1.7000002,1.2,1001.94995,100.0,-3.3249998,-2.6104858,3.8211966,-5.42372,3.3,1.3000002,999.3542,100.0,-1.4020834
2023-03-12,-2.8440802,2.5353346,-8.263842,1.1000001,1.1000001,1014.17914,100.0,-3.979167,-2.626005,2.1063728,-7.805397,0.3,0.3,1013.5501,100.0,-3.190916,-2.7502089,3.4961414,-8.411631,0.3,0.3,1015.37085,100.0,-3.6500003,-2.7083452,2.4774117,-9.0155945,0.2,0.2,1015.3625,100.0,-5.1625,-3.3703651,1.0339179,-8.61967,0.0,0.0,1014.3416,100.0,-5.141667
2023-03-13,5.249494,11.331428,0.87554646,1.3000001,1.3000001,1007.05414,100.0,5.3583336,5.846491,11.926613,0.7451091,4.1,4.1,1005.979,100.0,6.646584,4.347454,10.564671,-0.25026917,0.5,0.5,1009.4915,100.0,2.6791668,3.928543,8.492592,-1.4418075,1.0,1.0,1011.39575,100.0,3.5208333,2.4447396,5.3363876,-2.658708,0.1,0.1,1010.2,100.0,1.4916667
2023-03-14,5.447384,8.192986,-0.75597,5.6,5.6,998.20844,100.0,4.825,6.27519,9.69709,-1.2581153,6.7,6.7,997.35406,100.0,6.13825,4.117126,6.8704777,0.14407635,1.5000001,1.5000001,1000.1541,100.0,3.8687496,3.9217622,7.452261,-0.25908923,4.1,4.1,1000.94995,100.0,4.5291667,4.8224597,7.6957026,2.2137194,1.4000001,1.4000001,999.84576,100.0,3.8375003
2023-03-15,-1.2804141,2.2120185,-4.5460496,4.5,1.2000002,1014.96246,100.0,-2.0312502,-1.5315527,2.1916142,-5.863418,1.2,0.2,1014.8833,100.0,-2.0034168,-1.172515,1.3283243,-4.4900794,1.3,0.5,1015.04584,100.0,-2.5791667,-1.0062011,2.3650656,-3.554571,0.0,0.0,1013.396,100.0,-3.1374998,-1.1963314,3.9564095,-4.030419,0.3,0.3,1012.94995,100.0,-2.2583334
2023-03-16,-2.0827281,3.690167,-7.2482142,0.0,0.0,1023.6333,100.0,-3.7354171,-1.4295732,3.1041284,-6.3187323,0.0,0.0,1023.5459,100.0,-2.6159165,-2.5935915,2.465396,-8.03069,0.0,0.0,1023.92914,100.0,-4.3937497,-2.0341094,3.8539114,-6.7858515,0.0,0.0,1023.7124,68.0,-4.095834,-2.372261,2.3979,-7.7962847,0.0,0.0,1023.60004,100.0,-3.5979164
2023-03-17,1.6101698,9.76252,-4.737671,0.0,0.0,1018.49585,100.0,-3.460417,0.786884,7.7875757,-5.1121273,0.0,0.0,1018.6875,100.0,-1.5784167,-0.24604797,6.8503685,-5.7639737,0.0,0.0,1018.40814,100.0,-4.254167,-1.3404018,4.3749228,-6.7505116,0.0,0.0,1022.36255,100.0,-5.3020835,-1.3880502,5.652316,-7.906723,0.0,0.0,1022.99994,100.0,-5.2270827
2023-03-18,2.720823,9.670429,-3.570044,0.0,0.0,1016.35425,100.0,-1.3770837,3.024927,8.300955,-2.240044,0.0,0.0,1016.4834,100.0,-0.02216666,2.227113,10.955147,-4.738608,0.0,0.0,1016.1292,100.0,-1.8687497,1.316546,6.993082,-3.3044734,0.0,0.0,1018.7,100.0,-4.2770834,1.0500939,7.9668627,-5.933598,0.0,0.0,1018.8499,100.0,-4.795833
2023-03-19,4.480498,11.32635,-2.6500564,0.0,0.0,1016.88745,100.0,1.8499999,4.8246493,9.1477165,-0.27866125,0.0,0.0,1017.0667,100.0,2.8007498,4.001083,12.408373,-2.4987483,0.7,0.7,1016.85834,100.0,2.04375,4.1414127,9.881262,-1.48809,0.0,0.0,1017.96674,100.0,0.8541667,3.9705026,11.105731,-3.174242,0.0,0.0,1017.75,100.0,0.6041667
2023-03-20,7.1530385,12.583223,2.4168353,2.2,2.2,1018.0251,100.0,5.922916,7.9733963,12.446503,1.483726,1.5999999,1.5999999,1017.83344,100.0,6.632,6.08222,11.340843,-0.08691883,0.4,0.4,1018.77515,100.0,4.61875,6.6243286,13.833338,0.4080763,0.1,0.1,1017.83325,100.0,4.9562497,6.8290725,13.838043,1.3747659,2.8000002,2.8000002,1017.35834,100.0,4.575
2023-03-21,7.038759,13.106583,1.7022185,0.0,0.0,1016.9084,100.0,5.25625,7.7086425,13.244438,2.56171,0.1,0.1,1016.8374,100.0,6.532,7.1211333,12.65938,1.5765653,0.0,0.0,1017.4001,100.0,4.279167,7.0107327,11.973831,3.421887,0.1,0.1,1017.1125,100.0,4.9479165,6.2308497,8.940615,0.92991495,3.8999994,3.8999994,1017.18744,100.0,6.256249
2023-03-22,9.522064,15.367319,4.772002,0.3,0.3,1012.74994,100.0,6.3104157,9.532023,15.177225,4.6507854,0.5,0.5,1012.42914,100.0,7.227834,9.186485,14.832121,3.7360783,0.0,0.0,1013.6834,100.0,5.4479175,9.077549,15.109888,2.9225721,0.0,0.0,1014.3499,100.0,5.920833,7.899748,13.63467,0.7855158,0.0,0.0,1014.10004,100.0,5.9895844
2023-03-23,9.321071,13.113617,5.3968115,0.0,0.0,1010.2168,100.0,5.7583337,9.640962,13.108673,3.9955063,0.2,0.2,1009.5833,100.0,7.252834,9.133307,14.996065,4.1056547,0.0,0.0,1011.6458,100.0,5.535417,10.130912,16.665285,2.2974863,0.0,0.0,1012.23334,100.0,6.139582,10.112261,14.35001,5.215001,0.0,0.0,1011.4124,100.0,5.9125
2023-03-24,10.292524,13.439123,7.708187,1.1,1.1,1007.22504,100.0,7.63125,10.482333,13.98172,5.5344086,2.3000002,2.3000002,1006.49603,100.0,8.734084,10.344098,15.6809845,8.098907,2.3,2.3,1009.13745,100.0,7.5187497,11.298688,15.615435,8.3074,6.4999995,6.4999995,1009.3916,100.0,8.727082,11.260526,15.214285,8.0995655,2.1,2.1,1008.55,100.0,7.78125
2023-03-25,4.9724984,7.381336,2.345274,1.4000001,1.4000001,1007.9458,100.0,4.066666,5.6866765,8.380381,3.3478198,2.7999997,2.7999997,1006.9499,100.0,5.0382504,4.7701874,7.5292473,2.2149806,0.8,0.8,1010.13336,100.0,3.4145834,7.692612,9.811116,3.989112,1.3,1.3,1008.75836,100.0,4.60625,7.496638,10.782773,3.4493637,2.4,2.4,1007.1541,100.0,5.7645836
2023-03-26,4.105984,7.9259214,1.981009,2.2,2.2,1005.95416,100.0,2.9875,4.6998286,7.961422,0.6831002,3.6000001,3.6000001,1005.3459,100.0,4.2028337,3.5272913,6.3169966,0.8896103,0.70000005,0.70000005,1007.65424,100.0,2.4458334,5.0452266,8.972895,-0.07829857,0.8,0.8,1006.9875,100.0,2.4249997,4.420692,7.484192,0.38484955,2.6000001,2.6000001,1006.2292,100.0,2.8833334
2023-03-27,-1.1874713,2.609676,-4.123643,3.5,2.7999997,1010.34174,100.0,-1.6041665,-0.70177954,4.157773,-3.4545135,8.2,4.0,1010.84155,100.0,-0.30550003,-1.6870584,2.4752693,-5.005936,3.8999999,3.3,1010.1958,100.0,-1.8729168,-0.2819188,3.6830134,-4.1320505,0.3,0.3,1007.02075,100.0,-0.9125002,-0.44158328,6.2514505,-5.567311,6.8,3.9,1006.36255,100.0,0.33124983
2023-03-28,-3.2482662,0.075650215,-5.955888,0.70000005,0.0,1022.70416,100.0,-5.704167,-2.1136444,1.231216,-4.7309647,1.0,0.0,1022.55835,100.0,-4.095083,-4.538597,-1.8912659,-7.4643517,1.2000002,0.0,1023.7791,99.0,-5.760416,-4.2882943,-2.3712926,-6.856255,1.3000001,0.0,1020.9749,94.0,-6.764583,-5.3847957,-3.119802,-7.6803894,1.4000001,0.0,1019.4416,83.0,-6.1895833
2023-03-29,0.57398003,6.980625,-5.615138,0.2,0.2,1020.8293,100.0,-0.9937498,1.2265946,6.6403465,-4.2248907,0.1,0.1,1020.5374,100.0,0.49658313,-0.694067,5.4474354,-6.9698057,0.4,0.1,1022.125,100.0,-1.3729167,-2.2152998,5.065543,-8.196269,0.1,0.1,1023.4917,100.0,-4.0437503,-2.6937363,3.8161278,-9.008901,0.0,0.0,1022.98334,100.0,-5.254166
2023-03-30,7.172779,12.128479,1.8208761,6.3999996,6.3999996,1012.14575,100.0,6.7624993,6.986448,12.966635,2.4346085,9.5,9.5,1011.4583,100.0,7.142418,7.7972674,12.540152,2.6498594,4.3999996,4.3999996,1014.0793,100.0,6.7208333,3.6913202,10.653137,-4.1847153,4.6000004,4.6000004,1015.70013,100.0,3.7249997,2.9933937,8.502848,-2.9073088,3.3000002,3.3000002,1014.44586,100.0,2.9437501
2023-03-31,6.2470984,9.79672,3.8480282,4.2,4.2,1004.43756,100.0,6.1249995,6.0195403,9.827614,1.5725379,3.9999998,3.9999998,1003.7041,100.0,6.7090836,5.741628,9.963261,2.6961813,0.90000004,0.90000004,1006.50006,100.0,5.2312503,6.5233626,11.444054,0.42288303,1.5000001,1.5000001,1006.4333,100.0,5.704167,6.164655,10.615424,1.7800407,2.0,2.0,1005.48755,100.0,6.668751
2023-04-01,5.6526413,10.247068,3.1188946,2.8999996,2.8999996,1001.9917,100.0,4.9041667,7.17811,10.605846,3.384962,2.7,2.7,1001.36237,100.0,6.3799167,4.7668724,8.715062,2.8437686,1.9,1.9,1004.0291,100.0,3.3833332,6.0526047,11.152239,0.9292693,1.9000001,1.9000001,1002.62085,100.0,3.9937499,6.1720786,10.072149,2.7353697,2.0,2.0,1001.66656,100.0,6.0833335
2023-04-02,1.5127797,6.5060205,-2.4798741,3.3999999,3.3999999,1015.36664,100.0,2.2020829,1.1464951,7.5523853,-1.2239752,2.5,2.5,1016.44586,100.0,2.402833,2.1684623,4.4509954,-1.6626496,7.4,7.4,1014.29175,100.0,3.1895828,3.309075,6.4503,-0.707891,0.70000005,0.70000005,1012.67505,100.0,2.5999997,0.9371271,4.7908335,-2.4256556,2.9999998,2.9999998,1013.0293,100.0,3.0124998
2023-04-03,-3.595713,-1.2574039,-7.0120025,0.0,0.0,1027.9834,100.0,-5.072917,-2.9028232,-0.35754395,-6.173451,0.0,0.0,1028.9625,100.0,-3.882583,-3.1464617,-1.8161497,-4.7836995,0.4,0.0,1026.3583,100.0,-4.1645837,-2.5479488,-1.1918163,-4.5150976,0.0,0.0,1024.3083,100.0,-5.15,-3.7222517,-2.379362,-5.7939053,0.4,0.4,1024.2125,100.0,-4.445833
2023-04-04,-3.6649637,-0.9470546,-7.0612354,0.0,0.0,1027.0499,100.0,-6.339584,-2.6621468,-0.30080628,-5.692217,0.0,0.0,1027.6875,100.0,-4.2263336,-4.6129775,-1.9913194,-7.161686,0.0,0.0,1026.225,100.0,-7.1437507,-4.7498016,-1.3404613,-7.753165,0.0,0.0,1024.8,92.0,-7.652084,-5.4031568,-3.3018365,-7.9780273,0.0,0.0,1024.7458,100.0,-6.8770833
2023-04-05,-1.577746,1.806355,-7.0754957,0.0,0.0,1023.7625,100.0,-5.2854166,-1.132188,2.556178,-5.2909946,0.0,0.0,1023.72906,100.0,-3.5305002,-3.4343834,0.4705286,-8.099293,0.0,0.0,1023.92914,100.0,-6.0687504,-3.262887,0.5173187,-8.220343,0.0,0.0,1023.02924,100.0,-6.5062504,-3.2927086,-0.25473952,-7.93012,0.1,0.0,1022.82074,100.0,-5.81875
2023-04-06,-0.8905851,4.3710175,-7.60224,0.0,0.0,1021.63745,100.0,-4.064583,0.71706915,5.7438393,-4.653546,0.1,0.1,1021.67505,100.0,-2.3284168,-1.5855714,4.2255545,-7.068484,0.0,0.0,1021.4292,99.0,-4.9979167,-1.4728947,3.3337007,-6.6805286,0.0,0.0,1020.49994,100.0,-5.0520835,-3.9247227,-1.5532973,-7.689459,2.8000002,0.100000024,1021.075,100.0,-3.9770834
2023-04-07,0.5116126,4.9270563,-4.9753733,1.0,1.0,1018.8499,100.0,-1.8604165,1.4154667,5.0773,-4.1585107,0.90000004,0.90000004,1018.9626,100.0,-1.2409168,-0.16880411,7.0576887,-6.713604,0.0,0.0,1018.33746,100.0,-2.9479167,0.11406151,2.4516783,-1.4585228,4.3999996,2.7999997,1017.8083,100.0,-0.5895833,-1.7827188,-0.28396273,-3.1902978,9.699999,4.2999997,1017.8958,100.0,0.18750001
2023-04-08,1.627634,4.6506433,-2.2755756,2.3999999,2.3999999,1021.9292,100.0,1.9937501,2.5744781,5.675872,0.15469265,1.6000001,1.6000001,1022.3708,100.0,3.1903331,-0.21196337,1.7772923,-2.1726847,10.100001,4.999999,1021.7834,100.0,1.4,1.1238111,3.6168098,-1.0084641,7.599999,4.5999994,1021.42505,100.0,1.7624998,1.1156931,4.536558,-1.6793499,0.8000001,0.8000001,1021.49176,100.0,1.6125001
2023-04-09,3.2547653,8.24897,-2.4046855,1.8000002,1.8000002,1026.1875,100.0,2.5166664,4.1967173,10.574006,-2.1010003,0.1,0.1,1026.3999,100.0,2.807,1.4254733,4.5728445,-1.4705799,5.6999993,5.6999993,1026.0083,100.0,2.6937501,2.7654135,7.470562,-1.8207037,1.5,1.5,1024.7667,100.0,2.6249998,3.7192726,7.272874,0.8430166,5.0,5.0,1024.775,100.0,4.1812506
2023-04-10,5.181224,11.2159195,-1.7574775,0.0,0.0,1024.2125,100.0,2.40625,6.878809,12.170837,2.6136847,0.0,0.0,1023.94586,100.0,3.6757507,3.9574244,8.9135,-1.2215757,0.0,0.0,1024.7291,100.0,2.4020832,4.893128,11.385792,-1.4974468,0.0,0.0,1024.4874,100.0,3.1520834,5.4815564,10.533835,1.0586815,0.2,0.2,1024.65,100.0,5.495834
2023-04-11,3.7614756,7.8749523,0.78776026,7.8999996,7.8999996,1013.8625,100.0,2.675,4.4982767,8.223652,-0.23366833,4.1,4.1,1013.57086,100.0,3.1549168,2.7696228,7.1604443,-1.226726,4.0,4.0,1014.9875,100.0,1.8562502,4.0415053,7.9224777,-0.50421906,4.2,4.2,1014.85834,100.0,4.4666667,4.537771,10.337858,-2.2792983,2.7,2.7,1013.99164,100.0,4.5375004
2023-04-12,3.955623,10.654003,-3.3569827,0.0,0.0,1008.90826,100.0,1.5395833,4.6877217,9.773536,-1.8201475,0.3,0.3,1008.64996,100.0,2.757,2.8195617,8.485874,-4.367634,0.2,0.2,1009.7625,100.0,1.3479166,3.9965324,10.540331,-3.5131092,0.0,0.0,1010.5833,100.0,0.7833333,3.2564783,9.044798,-3.4186835,0.1,0.1,1010.5666,100.0,1.4854168
2023-04-13,5.9983144,8.729786,2.40727,0.4,0.4,1005.8333,100.0,3.2874997,6.992356,9.5919695,3.7917738,0.70000005,0.70000005,1005.7249,100.0,5.027833,4.5335374,6.401203,0.9038577,4.1999993,4.1999993,1006.8042,100.0,3.54375,4.6337986,7.5943327,1.6090951,8.700001,8.700001,1006.35425,100.0,4.195833,4.1309686,7.2338066,-1.3797665,5.3999996,5.3999996,1006.1792,100.0,3.8166666
2023-04-14,3.123685,4.9120855,1.9079018,17.999998,17.999998,1006.2459,100.0,4.8145833,4.0287595,6.024913,2.3114796,11.8,11.8,1006.7876,100.0,5.1840835,0.20887597,1.388402,-0.68841577,21.4,21.4,1006.2708,100.0,3.0708334,4.7934723,7.446184,0.96736383,37.100002,37.100002,1002.70416,100.0,6.225,6.759544,10.834566,3.0679235,8.9,8.9,1003.38336,100.0,7.579166
2023-04-15,3.9168513,6.9030275,0.027990818,11.9000025,11.9000025,1006.41675,100.0,3.6541665,5.060322,8.132541,2.764351,2.7999997,2.7999997,1006.88336,100.0,4.782,1.7378713,5.1932535,-1.5291133,11.200003,11.000002,1006.45825,100.0,2.9520836,3.3445854,7.373207,-0.2633319,1.7,1.7,1006.59174,100.0,3.7854173,6.132795,12.6358795,1.2645903,1.6000001,1.6000001,1006.8,100.0,4.2937503
2023-04-16,5.636179,12.512072,-1.7532506,0.1,0.1,1017.04584,100.0,3.6791668,6.995832,12.518444,0.46424437,0.0,0.0,1017.2917,100.0,5.086167,4.3899713,9.1954565,0.30297565,3.4999998,3.4999998,1017.23346,100.0,4.0166664,6.6598682,11.745771,1.408781,0.2,0.2,1016.321,100.0,4.86875,7.030647,12.688133,0.08627224,0.1,0.1,1016.1208,100.0,4.9291663
2023-04-17,5.422098,12.008778,0.61513424,2.2999997,2.2999997,1021.5835,100.0,5.745834,6.334163,9.799113,4.1746874,0.4,0.4,1022.42505,100.0,6.9528337,4.886247,9.881319,-0.058449745,0.6,0.6,1020.66254,100.0,4.75625,7.9719663,13.413361,3.9938202,0.4,0.4,1018.29584,100.0,6.087499,6.535273,11.677668,2.6541204,2.4999998,2.4999998,1019.12085,100.0,7.1458335
2023-04-18,4.8561883,7.84112,2.9135785,1.9000001,1.9000001,1023.6541,100.0,6.3520837,5.267179,7.2037373,3.208572,0.6,0.6,1024.975,100.0,6.8049164,4.625627,6.4385185,2.9939995,2.0000002,2.0000002,1022.2791,100.0,6.1458335,7.5073504,11.08473,5.4606676,0.1,0.1,1019.5833,100.0,5.7687497,7.072559,10.773529,4.822381,0.70000005,0.70000005,1020.47504,100.0,6.441666
2023-04-19,4.297396,6.3994684,0.5707121,2.3999999,2.3999999,1020.6833,100.0,3.4937503,4.269069,7.3003407,1.5512762,1.4000001,1.4000001,1021.6667,100.0,4.4236674,3.442214,5.446871,-0.74970055,9.900001,9.900001,1019.9875,100.0,4.0916667,6.2862964,8.2793665,3.9795313,6.6,6.6,1018.0916,100.0,5.089584,4.8221517,7.553343,1.0206065,4.2,4.2,1018.4915,100.0,5.4583335
2023-04-20,3.4042902,11.4141245,-3.2136776,0.4,0.4,1018.6291,100.0,3.622917,5.0347385,12.407339,-1.830369,0.2,0.2,1019.1626,100.0,4.6132503,3.879844,8.866207,-1.0269849,2.6,2.4,1017.17084,100.0,3.6875,6.716135,12.274208,1.1379771,0.0,0.0,1017.5627,100.0,5.0791664,6.6950173,11.190659,2.6476135,1.0000001,1.0000001,1018.80005,100.0,5.9083333
2023-04-21,8.77453,15.114771,2.8705034,0.3,0.3,1016.19165,36.0,5.6499996,9.903601,16.412615,2.4818401,0.1,0.1,1016.4959,80.0,5.9320006,7.9251275,13.816736,2.5465775,0.0,0.0,1015.1291,100.0,5.183333,9.784172,15.384396,5.1130114,0.0,0.0,1016.5833,100.0,5.316666,7.9278016,14.826441,0.28385353,0.1,0.1,1017.5207,98.0,4.7895837
2023-04-22,10.565934,18.905817,1.584691,0.0,0.0,1013.19586,100.0,5.4125,11.14544,17.892704,3.4006357,0.0,0.0,1013.4543,100.0,5.97575,9.82812,18.029633,1.7385907,0.0,0.0,1012.9834,100.0,5.2645836,10.00203,17.455994,1.4446597,0.0,0.0,1014.23334,70.0,4.8250003,9.382569,18.036943,1.9422874,0.0,0.0,1014.85834,65.0,3.5729167
2023-04-23,11.879468,15.56506,8.343879,3.5,3.5,1009.4875,100.0,8.974999,11.48336,14.866129,7.3635664,1.2,1.2,1009.33344,100.0,9.611167,10.120696,16.142939,4.8823175,10.1,10.1,1010.2834,100.0,8.602084,11.613933,17.835926,5.180834,0.0,0.0,1010.75,100.0,6.7854176,10.883064,17.71537,2.2752352,0.0,0.0,1011.07916,100.0,5.2999997
2023-04-24,8.715569,11.2831335,5.0998087,1.6,1.6,1006.2791,100.0,7.129166,9.727284,13.759731,5.705495,2.0,2.0,1005.8499,100.0,8.225752,7.644715,11.484215,3.6790318,9.1,9.1,1007.38336,100.0,6.6354175,10.096648,12.95396,7.968973,3.0999994,3.0999994,1006.42505,100.0,7.362499,10.942689,14.677593,6.8693943,7.399999,7.399999,1005.92096,100.0,7.231251
2023-04-25,4.631329,7.8474493,1.0893221,2.1999998,2.1999998,1010.23334,100.0,3.3479166,4.9109006,9.04236,0.15537548,0.6,0.6,1010.1499,99.0,3.484083,4.056553,8.70047,0.09114885,2.1,2.1,1010.72925,100.0,2.8999999,7.0463166,12.540283,3.041008,1.9000001,1.9000001,1008.87085,100.0,4.254166,7.1126466,9.162968,3.6000528,2.8999994,2.8999994,1008.15845,100.0,5.1999993
2023-04-26,2.095353,4.933996,-0.8405905,0.1,0.1,1017.29156,100.0,-1.4229165,1.97446,5.0542717,-2.1594367,0.0,0.0,1017.39575,100.0,-0.48050007,2.121868,4.4538755,-1.2270894,0.5,0.5,1017.45416,100.0,0.20416667,2.4676297,5.2717543,-1.2075286,0.0,0.0,1016.31256,100.0,-1.1416665,2.8923206,5.298442,-0.43998623,0.6,0.6,1015.48755,100.0,0.114583366
2023-04-27,4.34694,8.858326,-2.0743556,0.0,0.0,1020.675,100.0,-0.38333324,3.6969204,8.967397,-2.5972502,0.2,0.2,1020.7541,100.0,0.46324995,4.0201774,10.245188,-3.0887647,0.0,0.0,1020.25836,100.0,0.16041665,3.719165,8.889954,-3.3467932,0.0,0.0,1020.7541,100.0,-1.1270834,3.7027578,8.180972,-0.924423,0.3,0.3,1020.9334,100.0,0.49166667
2023-04-28,7.487728,13.785294,0.93412685,3.9999998,3.9999998,1016.79175,100.0,4.50625,6.3804054,11.682999,-0.3617618,2.5,2.5,1017.1375,100.0,5.0278335,6.5977883,13.564522,-0.14551258,2.3999999,2.3999999,1016.9958,100.0,4.808333,6.437097,12.1647415,-0.64384437,1.2,1.2,1018.8083,100.0,2.7083333,5.643123,12.442814,-3.358542,0.1,0.1,1019.4499,100.0,1.910417
2023-04-29,9.763034,13.864061,5.666936,17.1,17.1,1014.1958,100.0,8.287499,9.690542,13.984474,6.513198,0.4,0.4,1014.45013,100.0,9.040334,10.011568,14.359776,6.0846596,1.0000001,1.0000001,1014.37494,100.0,8.245833,10.494996,14.860357,7.4682693,2.5999997,2.5999997,1014.55817,100.0,9.289583,9.166723,12.898485,3.0581198,6.5999994,6.5999994,1014.325,100.0,7.2166677
2023-04-30,8.233161,12.8468895,4.2339764,0.0,0.0,1021.28345,94.0,4.527083,7.396696,12.357628,3.4131098,0.0,0.0,1021.82513,45.0,5.0403333,8.359994,11.964533,3.9611044,0.0,0.0,1020.60406,100.0,5.15,8.59142,13.368389,4.404044,0.1,0.1,1019.6082,100.0,5.3520837,7.495493,11.604858,2.6951394,0.0,0.0,1019.88336,100.0,5.05625
2023-05-01,8.791245,16.615059,0.34550476,0.5,0.5,1016.8875,100.0,4.3645835,9.00756,16.704918,0.13402843,0.1,0.1,1017.36273,100.0,5.0340834,8.190827,15.30036,0.91201115,0.0,0.0,1016.45416,100.0,4.189584,8.494501,14.329641,1.4474888,0.0,0.0,1018.57495,100.0,4.402084,8.324784,17.949673,-0.2814479,0.0,0.0,1019.40424,100.0,5.225
2023-05-02,10.717075,14.671278,7.2804937,0.3,0.3,1019.24164,100.0,7.652083,11.353844,14.764982,6.862606,0.2,0.2,1019.37476,100.0,8.132001,9.316505,12.477398,6.186345,0.5,0.5,1019.7083,100.0,7.0062504,10.63116,13.943199,5.5506563,2.7,2.7,1018.95825,100.0,8.664584,11.564435,16.51671,7.890911,2.3000002,2.3000002,1018.5876,100.0,8.002084
2023-05-03,7.427565,12.053984,3.546196,0.0,0.0,1026.775,100.0,3.2645836,6.748396,12.070091,1.5594935,0.0,0.0,1027.3959,99.0,4.0403333,7.0818343,10.97507,1.930233,1.5,1.5,1025.9249,100.0,5.410417,9.6631,14.070263,4.8986044,0.1,0.1,1024.4498,100.0,6.6958337,8.246525,10.36113,4.3092585,2.0000002,2.0000002,1025.3248,100.0,7.433334
2023-05-04,8.633467,15.674452,0.93030787,0.0,0.0,1024.046,100.0,2.9458334,9.917209,16.554405,1.2867527,0.0,0.0,1024.1708,100.0,4.4195004,8.8244505,15.963007,0.6680279,0.0,0.0,1023.57086,100.0,4.1895833,9.164426,16.685295,2.2494984,0.0,0.0,1023.58344,100.0,3.5375001,7.8802414,13.621176,1.6270285,0.0,0.0,1024.329,100.0,4.3875003
2023-05-05,12.418434,20.68262,3.9524908,0.0,0.0,1018.69165,100.0,5.2812505,13.5231285,19.975945,6.245076,0.0,0.0,1018.9292,100.0,6.407,11.176872,21.036533,1.7035775,0.0,0.0,1018.6167,100.0,5.341667,12.333018,20.133688,2.3187003,0.0,0.0,1019.6875,100.0,7.004166,10.945011,18.81593,3.4447556,0.0,0.0,1020.5418,100.0,5.847917
2023-05-06,13.58007,17.771084,8.601712,10.500001,10.500001,1016.3542,100.0,9.483333,13.488385,17.737362,9.085026,6.299999,6.299999,1016.77075,100.0,10.413251,13.363002,18.051252,7.883251,9.8,9.8,1016.55,100.0,10.008334,13.321751,20.026592,8.478668,7.5,7.5,1016.43744,100.0,9.964583,11.0234995,16.290894,5.06577,3.5,3.5,1016.75836,100.0,9.554166
2023-05-07,7.738401,11.110143,3.2953253,0.3,0.3,1021.8542,100.0,6.0729175,9.1128025,12.544777,5.7062416,0.4,0.4,1022.2166,100.0,7.3486676,10.574553,14.537497,5.7345037,0.0,0.0,1019.82495,100.0,8.343751,8.997684,14.956852,3.9368134,0.0,0.0,1020.56665,100.0,6.7729163,5.8404922,11.583761,1.8085742,0.6,0.6,1022.32916,100.0,5.491667
2023-05-08,6.8726864,13.499287,1.0190082,0.0,0.0,1025.7958,100.0,3.029167,8.119512,15.517866,0.8515496,0.0,0.0,1026.1124,100.0,3.6840837,7.256269,13.714521,1.5073447,0.0,0.0,1024.6626,100.0,3.7541666,5.6643777,13.045851,0.794672,0.0,0.0,1025.4333,100.0,2.1520834,2.7483637,6.3653936,-0.9925952,0.0,0.0,1027.6333,100.0,1.8895832
2023-05-09,8.272929,16.149593,0.30651093,0.0,0.0,1020.9084,100.0,2.783333,8.578251,15.315622,0.74615717,0.0,0.0,1021.0417,98.0,3.932,6.8183722,13.880474,0.13158226,0.0,0.0,1020.325,100.0,3.7520828,7.0672507,13.366737,0.64790726,0.0,0.0,1022.6665,100.0,2.2145832,7.696419,14.673788,-0.58256626,0.0,0.0,1023.6125,100.0,3.9520833
2023-05-10,11.651321,17.973139,5.581812,0.0,0.0,1012.74164,100.0,5.8437495,12.1593485,18.43907,6.1029377,0.3,0.3,1012.9001,100.0,7.4653325,9.420468,16.201815,3.3760295,2.4,2.4,1012.97504,100.0,7.1666665,9.587785,13.603832,5.2017174,0.0,0.0,1015.90405,100.0,4.75625,10.389469,15.61739,3.7149343,0.0,0.0,1017.14166,100.0,4.8541665
2023-05-11,12.607047,15.596363,9.4738035,0.1,0.1,1014.7292,100.0,5.464583,13.003128,16.15327,9.541454,0.1,0.1,1014.9292,100.0,7.421583,10.201295,12.484594,7.6522627,1.8000001,1.8000001,1014.7249,100.0,7.347917,11.691963,14.9372635,7.891965,0.0,0.0,1016.39166,100.0,5.0125,11.640849,17.447763,4.708192,0.0,0.0,1017.11676,100.0,5.4979167
2023-05-12,11.9270525,16.486145,7.338791,0.9000001,0.9000001,1017.3291,100.0,5.5708337,13.293732,18.089422,8.592292,0.2,0.2,1017.1999,100.0,6.8320007,7.386065,9.099533,5.9739237,4.1000004,4.1000004,1017.3667,100.0,7.277084,10.27474,13.133839,7.74107,1.5000001,1.5000001,1018.50836,100.0,7.337501,10.860789,17.019342,3.5226803,0.1,0.1,1018.3,100.0,6.1916656
2023-05-13,10.294691,12.908703,7.5507746,0.1,0.1,1020.6584,100.0,6.9812503,11.427146,15.333849,7.336362,0.7,0.7,1020.9416,100.0,8.279916,7.4073577,9.784826,5.708891,0.70000005,0.70000005,1019.8249,100.0,7.1145825,9.667285,12.034164,7.4248734,1.3000001,1.3000001,1021.5667,100.0,7.787501,10.999625,14.857412,6.965707,0.5,0.5,1021.60004,100.0,7.283333
2023-05-14,10.936393,16.6817,6.074958,4.2999997,4.2999997,1017.4624,100.0,7.9895835,12.047466,16.913668,6.594452,0.70000005,0.70000005,1017.64575,100.0,8.6445,7.9810224,12.398949,5.652025,6.600001,6.600001,1016.72504,100.0,8.066667,10.03478,13.278261,6.6508226,13.599999,13.599999,1017.675,100.0,8.433334,11.840402,15.632111,7.1503506,7.8,7.8,1018.21234,100.0,9.104165
2023-05-15,11.081334,14.882153,8.869835,10.6,10.6,1009.97076,100.0,9.683334,12.714417,16.963554,8.928292,6.1000004,6.1000004,1009.8708,100.0,10.304917,9.100146,14.494366,6.244912,9.000002,9.000002,1010.75415,100.0,8.147918,11.529901,14.602205,9.068708,8.900002,8.900002,1009.15405,100.0,9.150001,11.375679,13.169252,8.488478,5.7,5.7,1008.64594,100.0,10.139583
2023-05-16,9.832145,16.435556,6.644696,2.5,2.5,1013.5334,100.0,8.097917,9.6060705,15.4679165,5.6336594,0.0,0.0,1014.0584,100.0,8.013251,8.737184,15.152592,3.8050013,10.200001,10.200001,1013.0833,100.0,8.106249,11.247158,17.094013,5.4999065,9.4,9.4,1011.75,100.0,9.260416,11.947258,18.187634,7.0922594,15.099999,15.099999,1011.77496,100.0,9.770833
2023-05-17,6.661306,9.006579,3.3403769,0.6,0.6,1021.054,100.0,3.1395836,6.7630925,9.803543,3.3155909,0.0,0.0,1021.60834,100.0,3.415333,4.9809613,7.155712,2.9187346,4.6999993,4.6999993,1020.5959,100.0,4.3750005,5.3838983,7.804098,3.9398575,24.800001,24.800001,1017.4626,100.0,6.714583,5.737325,9.048166,3.4721165,21.599998,21.599998,1017.73755,100.0,8.002083
2023-05-18,7.9621925,11.725139,3.6819773,0.0,0.0,1025.4125,100.0,2.53125,7.986049,12.42341,2.6973023,0.0,0.0,1026.0416,100.0,3.4736671,5.8548875,8.436303,2.2209692,0.2,0.2,1025.0502,100.0,4.016667,6.06276,8.712003,4.329568,1.6000001,1.6000001,1023.87085,100.0,5.2999997,5.421152,6.834812,3.7588444,0.1,0.1,1024.8751,100.0,5.5
2023-05-19,10.052387,12.831291,6.623455,0.2,0.2,1024.2374,100.0,6.65625,10.778984,14.594938,7.11722,0.2,0.2,1024.7416,100.0,7.440333,9.071258,12.7613945,5.5732956,0.0,0.0,1023.0749,100.0,6.9291673,9.393661,14.300703,4.964594,0.0,0.0,1024.1167,100.0,8.035417,8.759204,13.308939,5.0630198,1.0,1.0,1025.3251,100.0,8.33125
2023-05-20,13.78569,22.238853,5.609889,1.4000001,1.4000001,1021.021,100.0,10.960418,16.183826,22.660765,9.705683,1.5,1.5,1021.5542,100.0,11.2695,12.879146,19.639421,7.1505604,2.6,2.6,1019.71655,100.0,11.016666,14.262557,21.33868,7.5165653,0.1,0.1,1021.25,100.0,11.722917,13.329398,20.241564,6.1842957,0.0,0.0,1023.22906,100.0,11.504166
2023-05-21,18.052954,25.215782,10.932787,0.0,0.0,1017.2834,100.0,12.295831,19.052898,25.622057,11.560403,0.3,0.3,1017.7959,100.0,12.807,16.284124,21.768147,10.897659,0.1,0.1,1016.6418,100.0,11.939584,18.814116,24.603931,13.082821,0.0,0.0,1017.6082,100.0,13.493751,17.186407,25.120722,8.805343,1.4,1.4,1018.7585,95.0,13.241668
2023-05-22,19.383236,26.456753,11.959513,0.6,0.6,1014.6333,100.0,13.393749,20.149006,26.92888,12.42734,0.0,0.0,1014.96674,100.0,12.634084,17.980536,25.472599,11.2272835,0.1,0.1,1014.0291,99.0,12.170834,18.294794,26.400513,11.465834,0.8,0.8,1015.2707,100.0,12.375001,14.910496,20.743664,9.333923,0.0,0.0,1016.3459,100.0,10.222917
2023-05-23,17.00799,22.539831,11.635731,0.4,0.4,1012.846,100.0,11.7770815,16.734682,23.126293,11.094061,0.90000004,0.90000004,1013.33325,100.0,12.046582,15.549125,21.076393,11.853573,16.5,16.5,1013.29144,100.0,12.787501,16.94333,24.730492,10.666702,11.400002,11.400002,1012.40814,100.0,12.906251,16.18619,25.892748,7.6837416,8.900001,8.900001,1012.62506,100.0,12.708332
2023-05-24,10.099217,14.02033,6.8877344,0.0,0.0,1020.0542,100.0,4.68125,9.652598,14.457388,5.986396,0.0,0.0,1020.50006,100.0,5.7653327,10.924399,13.036259,8.092771,0.2,0.2,1019.15826,100.0,8.589582,12.630557,15.354723,8.909665,0.0,0.0,1017.6125,100.0,9.879167,11.726222,14.545193,8.708934,1.1000001,1.1000001,1017.7624,100.0,10.604167
2023-05-25,12.372769,19.869026,4.3733196,0.0,0.0,1023.6042,53.0,6.245834,12.354806,18.128239,5.0102806,0.0,0.0,1024.1123,64.0,7.8945007,11.734731,20.033037,4.4527626,0.0,0.0,1023.01666,70.0,7.6458325,14.00584,19.83293,8.302979,0.0,0.0,1022.0708,100.0,10.272917,12.188091,15.052542,9.215116,0.4,0.4,1022.9583,100.0,10.214583
2023-05-26,13.8510475,19.843002,8.345397,0.0,0.0,1024.4958,100.0,6.714583,13.695717,18.454363,9.046461,0.0,0.0,1025.2958,61.0,8.104917,12.477796,18.062628,6.197197,0.0,0.0,1024.0042,100.0,8.672915,14.16746,19.625195,8.3072605,0.0,0.0,1022.6582,100.0,9.804167,13.497696,17.43741,8.862615,0.4,0.4,1022.85834,100.0,10.377084
2023-05-27,12.874378,19.527681,6.225522,0.0,0.0,1025.0336,24.0,4.21875,12.300515,18.431908,5.6079597,0.0,0.0,1025.7959,3.0,6.6028333,12.179717,18.157228,5.8255825,0.0,0.0,1024.0001,94.0,6.7895837,12.356552,18.073193,6.9959965,0.0,0.0,1023.4915,24.0,6.527084,10.9801445,16.374678,5.7671385,0.0,0.0,1024.154,96.0,6.9541664
2023-05-28,14.411456,21.172213,5.983803,0.0,0.0,1019.7083,4.0,5.229167,15.053021,22.519148,7.3715563,0.0,0.0,1020.08325,16.0,7.2028346,12.932157,20.307602,3.7507133,0.0,0.0,1019.10004,13.0,7.506249,14.155215,22.18616,6.916808,0.0,0.0,1018.8708,14.0,7.2395835,12.290404,18.897974,5.8838177,0.0,0.0,1019.8208,100.0,7.80625
2023-05-29,15.683446,23.046028,8.7038765,0.0,0.0,1019.0625,100.0,4.5750003,15.297943,22.66512,7.640457,0.0,0.0,1019.70013,100.0,6.32575,14.236771,21.007229,5.9449377,0.0,0.0,1018.5791,100.0,8.0375,15.537144,23.013422,8.0245695,0.0,0.0,1017.77094,100.0,7.7645836,14.082291,20.671446,6.602026,0.0,0.0,1018.36255,100.0,8.931251
2023-05-30,14.691583,18.841747,10.545309,0.0,0.0,1021.5542,100.0,3.1958334,13.782807,18.183725,9.360106,0.0,0.0,1022.62494,100.0,5.9528337,13.152702,18.629581,7.6438646,0.1,0.1,1020.675,100.0,7.258335,14.954498,19.666752,10.954773,0.0,0.0,1019.6125,100.0,7.1750007,14.319092,19.975456,9.5793495,0.1,0.1,1019.97906,100.0,8.79375
2023-05-31,15.437382,22.630762,6.1696424,0.0,0.0,1022.3709,100.0,3.2645829,16.34058,23.383457,7.903947,0.0,0.0,1022.7498,100.0,6.4653335,14.048579,22.067968,5.03405,0.0,0.0,1021.6501,98.0,6.981251,15.533963,22.534033,9.428067,0.0,0.0,1021.21246,100.0,5.9812493,14.437953,21.316189,6.926998,0.0,0.0,1021.9626,100.0,8.502084
2023-06-01,17.855946,25.169426,8.925491,0.0,0.0,1016.8542,100.0,5.1520824,17.987766,24.833149,9.798359,0.0,0.0,1017.25,100.0,8.1695,16.623415,23.757607,8.182803,0.0,0.0,1017.12494,100.0,8.785417,17.887926,25.575348,7.8020678,0.0,0.0,1016.5376,100.0,7.8833337,16.52115,24.18533,6.7579374,0.0,0.0,1016.37494,100.0,9.124999
2023-06-02,14.533367,20.01253,10.133568,0.0,0.0,1016.9207,100.0,6.0729175,13.269708,17.80572,9.1292095,0.0,0.0,1017.9375,100.0,7.984085,14.274989,21.092407,8.41599,0.1,0.1,1015.73334,100.0,8.595833,16.184391,23.21413,10.422876,0.0,0.0,1014.6501,100.0,8.097917,13.379714,18.82855,8.725185,0.0,0.0,1015.82495,100.0,8.604166
2023-06-03,12.077255,16.90905,6.525569,0.0,0.0,1020.9958,100.0,0.4291666,12.232244,19.019857,5.204726,0.0,0.0,1021.59174,100.0,2.5590837,12.113046,16.683643,8.758077,0.0,0.0,1019.6208,100.0,5.2999997,11.81081,17.546492,6.7810373,0.0,0.0,1020.31665,94.0,3.0791667,9.611767,14.487684,4.759802,0.0,0.0,1021.5457,94.0,4.4687495
2023-06-04,14.1584015,21.426231,5.0898457,0.0,0.0,1020.17084,100.0,0.63541645,14.766053,22.108194,5.8673325,0.0,0.0,1020.64575,7.0,4.2257495,13.459659,19.827118,7.219165,0.0,0.0,1019.4792,100.0,7.5625,14.243171,20.761969,7.957117,0.0,0.0,1020.0625,100.0,6.808333,13.816784,23.009903,4.2829885,0.0,0.0,1020.6792,92.0,7.110417
2023-06-05,15.497584,19.72938,10.75501,2.4,2.4,1019.55414,100.0,9.035417,16.63766,23.239895,9.136259,1.1,1.1,1019.8125,100.0,8.073667,14.4266615,17.618334,12.620239,16.399998,16.399998,1018.5083,100.0,12.364581,15.571172,17.432262,12.531073,10.6,10.6,1019.8501,100.0,12.710418,16.40423,22.397095,9.390278,1.2,1.2,1020.3333,100.0,11.037499
2023-06-06,16.24504,20.267904,13.2944355,21.800001,21.800001,1017.6042,100.0,13.662498,16.832443,21.355042,14.782478,24.800001,24.800001,1018.34576,100.0,14.202834,16.03916,20.38867,12.855963,3.8999994,3.8999994,1016.7625,100.0,12.91875,17.220829,20.889732,13.906679,4.9999995,4.9999995,1016.93744,100.0,14.108333,17.548208,21.56637,14.120773,3.6,3.6,1017.43756,100.0,13.256251
2023-06-07,17.687353,21.32903,14.040903,14.700001,14.700001,1017.54175,100.0,14.079166,18.994772,24.435295,15.3299465,7.6,7.6,1017.9832,100.0,14.8195,15.968493,20.524397,12.919291,19.3,19.3,1017.34576,100.0,13.547917,18.354706,21.601587,14.419819,2.1000001,2.1000001,1016.43335,100.0,14.904167,18.848398,22.543104,13.83956,2.5,2.5,1016.33746,100.0,14.895833
2023-06-08,19.200125,24.565666,12.540665,0.0,0.0,1015.64996,100.0,13.04375,20.586693,26.316027,15.142218,3.4,3.4,1016.13745,100.0,14.711166,16.428059,20.87702,11.846451,11.000001,11.000001,1015.80835,100.0,13.575,18.705778,22.941496,14.033133,12.0,12.0,1014.86664,100.0,14.195831,18.117811,22.284018,15.398949,0.3,0.3,1015.2917,100.0,14.164585
2023-06-09,18.74726,22.480198,14.255619,4.8999996,4.8999996,1014.1208,100.0,14.341666,19.81774,24.19269,13.597473,0.0,0.0,1014.3042,100.0,13.252833,16.79117,21.225935,12.784401,7.4,7.4,1013.9458,100.0,13.39375,18.247206,22.796711,14.378159,9.500001,9.500001,1013.125,100.0,14.693749,18.474558,21.537407,15.597528,5.0999994,5.0999994,1013.3459,100.0,15.629166
2023-06-10,19.063036,23.890911,14.5980835,1.9000001,1.9000001,1015.06244,100.0,13.931249,20.553207,24.983387,15.227625,2.4,2.4,1015.6792,99.0,14.144501,16.669378,22.114342,12.755156,22.099998,22.099998,1014.58746,100.0,14.200001,18.60774,22.006475,15.820198,3.0,3.0,1013.47076,100.0,14.847917,17.318214,20.517118,14.231035,16.1,16.1,1014.36664,100.0,14.833332
2023-06-11,17.219416,22.371738,10.673811,0.0,0.0,1018.03326,100.0,9.674999,18.688137,24.40225,11.767372,0.0,0.0,1018.53754,100.0,9.67575,15.991803,20.1548,9.542318,0.5,0.5,1017.1209,60.0,11.370833,16.64683,20.45653,13.550169,0.0,0.0,1016.2583,100.0,12.014584,15.635539,19.420916,12.43404,0.70000005,0.70000005,1017.61664,100.0,12.252083
2023-06-12,15.1554575,19.793518,9.4089985,0.0,0.0,1018.4749,100.0,7.1249995,17.191252,23.127699,11.179271,0.0,0.0,1018.75836,100.0,9.046584,14.143387,18.583307,9.684206,0.0,0.0,1017.62506,97.0,8.945833,13.908124,17.549515,10.276226,0.0,0.0,1017.6541,100.0,7.441666,12.46699,15.8334255,9.561037,0.0,0.0,1018.99585,100.0,8.08125
2023-06-13,14.410809,21.107256,7.0484543,0.6,0.6,1015.42084,100.0,6.8375,15.186482,20.314238,8.915086,1.5000001,1.5000001,1015.6958,100.0,8.617416,12.511604,18.532211,4.065606,0.0,0.0,1014.9458,82.0,6.3375,13.347522,19.241379,6.544449,0.4,0.4,1015.25,100.0,6.1583333,11.505776,16.804707,6.244977,0.1,0.1,1016.12494,97.0,7.4437504
2023-06-14,14.07804,18.89786,8.539621,0.70000005,0.70000005,1016.23737,100.0,7.706249,14.415469,18.990353,9.542652,0.1,0.1,1016.8708,67.0,8.909083,13.347366,19.243124,7.181444,0.0,0.0,1015.3501,100.0,8.527083,14.555181,19.94408,9.855976,0.70000005,0.70000005,1015.52905,100.0,8.264583,12.494054,17.749022,6.862191,0.70000005,0.70000005,1016.27094,100.0,9.08125
2023-06-15,15.943111,20.99314,8.02077,0.0,0.0,1017.2832,100.0,8.222916,16.692307,22.20488,9.680563,0.6,0.6,1017.4209,100.0,10.344501,14.190766,19.989096,6.0125256,0.3,0.3,1017.25824,40.0,8.775001,15.570499,21.459894,7.450386,0.1,0.1,1016.6999,47.0,9.364583,14.985283,20.991434,9.686811,0.3,0.3,1016.9583,100.0,10.233332
2023-06-16,15.608748,19.871906,10.500874,0.6,0.6,1015.58746,99.0,8.806249,15.705796,20.955168,9.828788,5.4,5.4,1015.5999,100.0,11.209084,14.080433,20.674486,6.3439846,0.2,0.2,1016.0374,100.0,8.952083,16.28974,21.683794,9.815759,0.4,0.4,1014.7625,50.0,9.560418,16.328543,22.323416,8.657827,0.2,0.2,1014.47504,100.0,10.51875
2023-06-17,16.428883,20.050823,11.043109,2.8,2.8,1014.42487,100.0,10.681249,16.878895,21.982454,10.408472,4.7,4.7,1014.3791,100.0,12.321584,14.939366,21.45162,8.590878,3.6999998,3.6999998,1015.3625,100.0,10.585417,16.243973,21.076488,10.872629,0.4,0.4,1014.14594,92.0,10.266667,16.952934,21.422268,12.199417,0.3,0.3,1013.40424,100.0,11.235417
2023-06-18,18.911682,25.163227,10.597332,0.3,0.3,1014.8333,40.0,10.697917,20.081161,25.749197,12.70352,0.1,0.1,1014.89996,89.0,12.800751,17.58619,24.44191,7.9698553,0.0,0.0,1015.1875,23.0,11.008334,18.693047,25.136711,10.684002,0.0,0.0,1015.09576,50.0,10.281251,18.07195,23.29143,11.493446,0.70000005,0.70000005,1015.11664,90.0,12.214583
2023-06-19,22.407549,30.293026,13.470022,0.0,0.0,1014.4167,100.0,11.729165,23.317764,29.867695,16.647886,0.0,0.0,1014.5583,100.0,14.527832,20.934381,28.7715,10.362488,0.0,0.0,1015.02075,95.0,12.679165,22.013885,29.484905,13.024078,0.0,0.0,1015.4084,67.0,11.568751,21.062254,27.920391,11.44376,0.0,0.0,1015.71246,100.0,12.233334
2023-06-20,25.09836,32.476543,16.43313,0.0,0.0,1014.03754,100.0,14.722917,25.096624,31.842194,17.366957,5.2,5.2,1014.4333,100.0,17.009083,23.102348,31.730644,14.21273,2.9,2.9,1014.5874,100.0,15.997914,24.614761,31.103813,17.02512,0.0,0.0,1015.3293,100.0,13.056251,24.022661,30.208775,14.893795,0.0,0.0,1015.6292,100.0,13.943752
2023-06-21,25.970026,31.186428,22.398214,1.8,1.8,1015.80414,100.0,16.141668,26.785637,31.88691,22.64109,0.3,0.3,1015.9668,100.0,17.367414,24.122217,29.855656,19.51039,0.1,0.1,1017.01666,100.0,17.664583,27.263048,33.94727,21.216269,0.90000004,0.90000004,1016.1667,100.0,16.410418,25.413145,33.16269,18.45623,0.3,0.3,1016.05,100.0,17.589582
2023-06-22,26.517698,31.676899,20.163311,0.0,0.0,1016.8667,100.0,17.579165,26.750183,32.083332,20.818083,1.3000001,1.3000001,1017.2874,100.0,17.984085,24.752546,31.301846,16.83728,0.0,0.0,1016.78754,100.0,17.691666,27.16159,33.153133,19.576426,0.0,0.0,1017.4709,100.0,16.862501,25.597582,31.264141,19.006348,0.2,0.2,1018.24585,100.0,18.249998
2023-06-23,20.441061,24.608345,16.318298,9.000001,9.000001,1015.2,100.0,15.48333,21.907944,26.542137,14.01808,12.200001,12.200001,1014.91254,100.0,17.01742,19.823341,25.328566,14.221552,1.1,1.1,1016.84576,100.0,14.425,24.116102,29.999527,18.34609,11.900001,11.900001,1015.0833,100.0,16.054167,23.621206,27.670158,18.336372,15.3,15.3,1014.36676,100.0,18.2125
2023-06-24,18.193876,23.387611,13.4037075,5.1999993,5.1999993,1022.82074,100.0,12.745833,19.227625,23.914515,13.1383705,2.1,2.1,1023.12067,100.0,13.725749,15.936443,21.92673,11.849426,2.3000002,2.3000002,1023.12494,100.0,12.008334,17.630869,20.174425,15.130732,0.4,0.4,1020.98334,100.0,12.28125,17.361246,19.540646,15.544193,1.8000003,1.8000003,1020.5417,100.0,14.125
2023-06-25,19.779667,24.746315,11.69874,0.0,0.0,1020.175,100.0,12.5125,21.393585,26.293697,14.192009,0.1,0.1,1020.3584,100.0,14.184083,17.806475,24.238195,9.54703,0.0,0.0,1020.3416,100.0,11.731251,19.808617,25.44945,13.405682,0.0,0.0,1019.2209,100.0,11.631248,18.691708,24.166256,12.502544,0.0,0.0,1019.24164,100.0,12.277083
2023-06-26,23.091696,29.595963,14.983774,0.1,0.1,1014.9832,80.0,13.712501,24.424507,30.35038,18.93039,0.4,0.4,1015.19165,100.0,15.767417,21.410807,28.165081,11.88801,0.0,0.0,1015.84174,74.0,12.695832,22.474813,27.671469,14.584335,0.0,0.0,1015.6167,57.0,12.104167,20.663538,26.723001,13.144291,0.1,0.1,1015.625,88.0,12.760417
2023-06-27,16.87631,19.975077,14.167326,5.3999996,5.3999996,1016.6167,100.0,9.529167,16.83584,19.662558,14.873659,1.2,1.2,1016.7666,100.0,10.567418,15.82525,19.997463,13.859917,0.7,0.7,1017.1541,100.0,9.9625,17.871044,20.568472,14.6231365,0.0,0.0,1014.9001,100.0,10.1625,16.846869,20.031336,11.919424,20.500002,20.500002,1014.3791,100.0,12.341667
2023-06-28,15.252883,18.364605,10.94901,1.0,1.0,1017.01666,100.0,7.6125007,15.546416,18.68552,9.879437,0.0,0.0,1017.12067,100.0,9.457,14.411045,17.72645,10.946533,4.2,4.2,1017.7251,100.0,8.339583,15.326191,18.361525,11.360965,0.1,0.1,1016.22076,100.0,7.662499,14.319806,18.85024,9.396068,3.6,3.6,1015.27496,100.0,9.85625
2023-06-29,19.68981,27.218689,10.7710285,0.0,0.0,1015.6792,97.0,8.891665,19.902052,27.517286,11.398333,0.0,0.0,1015.75824,89.0,11.157001,17.956518,25.594658,8.951589,0.0,0.0,1016.37506,98.0,9.891666,18.941921,24.784739,12.499245,0.0,0.0,1016.0166,100.0,9.4875,19.040821,24.552738,14.368813,7.399999,7.399999,1015.7417,100.0,13.1375
2023-06-30,20.44187,25.755623,15.776506,1.6,1.6,1010.64996,100.0,13.331249,21.17576,25.578125,16.184864,1.2,1.2,1010.8667,100.0,14.277833,19.281733,25.647776,12.486006,2.2,2.2,1011.1958,100.0,13.443749,21.512224,27.911484,12.9246025,0.4,0.4,1010.9209,100.0,11.939584,20.800106,27.173851,12.748369,0.0,0.0,1010.9167,100.0,13.206249
2023-07-01,20.222418,23.361326,17.815517,2.3000002,2.3000002,1008.1584,100.0,12.133334,20.57715,22.85522,18.318687,1.3000001,1.3000001,1008.11664,100.0,12.969499,18.394342,21.852158,14.685722,0.1,0.1,1009.20416,100.0,12.645835,21.934752,26.79389,17.883549,4.3999996,4.3999996,1007.8418,100.0,14.377083,21.603584,25.250816,17.936008,3.7999997,3.7999997,1007.7043,100.0,16.189585
2023-07-02,18.75337,22.166542,16.35585,0.2,0.2,1008.43335,100.0,10.41875,19.43272,21.831465,16.396149,3.1999996,3.1999996,1008.29584,100.0,12.377831,17.263502,19.76805,14.103607,0.0,0.0,1010.125,100.0,10.935418,19.715872,23.83304,15.508608,0.2,0.2,1008.425,84.0,10.222917,19.430138,25.054733,15.071852,0.5,0.5,1007.63336,100.0,13.893749
2023-07-03,17.253292,21.170889,13.079147,0.0,0.0,1011.9333,100.0,7.385416,17.664633,22.13807,12.65896,0.0,0.0,1011.58344,100.0,9.634085,17.230783,22.056086,11.682699,0.0,0.0,1013.3582,100.0,9.968749,19.100481,24.042322,11.920742,0.0,0.0,1012.65826,100.0,9.5125,19.005747,23.312962,12.635311,0.1,0.1,1012.07086,99.0,12.2458315
2023-07-04,19.549646,24.652348,13.330782,0.0,0.0,1013.70825,94.0,7.5312495,18.973352,24.19668,11.367291,0.0,0.0,1013.6711,65.0,9.173666,18.330465,23.724329,10.987825,0.2,0.2,1014.8958,100.0,11.118749,20.950735,25.705791,14.181402,0.0,0.0,1014.4627,100.0,10.497916,20.31389,25.265276,14.217012,0.3,0.3,1014.2417,100.0,12.633332
2023-07-05,19.560665,25.847178,13.737965,2.2,2.2,1013.03754,100.0,10.227084,19.28354,24.948656,13.229198,0.5,0.5,1013.04596,100.0,11.682,19.309635,26.218628,14.461559,1.1,1.1,1014.07916,100.0,12.481251,21.07601,27.355639,15.943441,2.8,2.8,1014.05005,100.0,14.304168,22.341698,28.331547,16.256973,1.1,1.1,1014.0208,100.0,14.858335
2023-07-06,18.727768,24.635214,11.805441,0.0,0.0,1017.93335,100.0,6.2062497,18.9881,23.898552,15.094353,0.1,0.1,1018.24994,100.0,8.915334,18.297754,22.586658,14.051733,0.0,0.0,1018.47095,100.0,10.072918,19.915464,24.887339,15.758928,0.0,0.0,1017.70416,100.0,11.195831,18.649755,21.785563,15.4528885,0.8000001,0.8000001,1018.10004,100.0,12.287501
2023-07-07,21.024572,27.664791,13.539175,0.0,0.0,1021.0876,86.0,7.2708335,21.402758,27.55444,13.383196,0.0,0.0,1021.61664,24.0,8.484083,19.983814,26.500843,12.41346,0.0,0.0,1021.37915,98.0,10.981248,20.050116,26.927677,11.754297,0.0,0.0,1021.4583,100.0,9.095833,19.544561,24.045374,13.777372,0.0,0.0,1022.02905,53.0,11.458335
2023-07-08,23.158356,30.247494,14.166256,0.0,0.0,1020.26245,99.0,7.3958325,23.267746,30.833149,14.7182045,0.0,0.0,1020.821,95.0,9.977834,20.302164,27.85252,12.436619,0.0,0.0,1020.55414,100.0,10.616666,21.664732,28.37032,12.648685,0.0,0.0,1021.28754,99.0,9.068748,20.351654,27.868954,10.768585,0.0,0.0,1021.7791,84.0,10.904167
2023-07-09,25.576668,32.19453,16.637762,0.0,0.0,1020.1418,100.0,8.462501,26.40673,33.26304,19.205551,0.0,0.0,1020.5166,87.0,10.182,23.426895,30.788624,14.197397,0.0,0.0,1020.82916,18.0,12.666667,24.414688,31.967022,14.030674,0.0,0.0,1020.52496,85.0,10.512499,23.120409,30.840027,14.370459,0.0,0.0,1020.47504,60.0,12.439583
2023-07-10,25.574839,33.61478,19.114006,2.3,2.3,1018.32074,100.0,12.314584,25.963966,32.12975,21.109451,11.2,11.2,1018.90826,100.0,14.948667,23.807228,32.354538,15.8516445,0.2,0.2,1019.05005,100.0,13.699998,25.268469,34.12506,17.267252,0.0,0.0,1018.5876,100.0,12.597917,23.41655,31.295105,15.051701,0.1,0.1,1018.6875,100.0,14.460416
2023-07-11,25.985817,32.033257,20.10231,0.0,0.0,1016.7918,100.0,13.843751,25.280146,32.909893,16.826565,0.0,0.0,1016.9709,100.0,13.977834,25.383131,31.468876,18.175388,0.0,0.0,1017.325,95.0,16.789583,25.315071,31.884624,19.230076,0.0,0.0,1017.0334,100.0,14.418748,22.544165,26.86663,18.887785,0.0,0.0,1017.48755,100.0,13.6375
2023-07-12,25.548182,30.961884,21.038334,1.0000001,1.0000001,1010.81665,100.0,14.289585,25.885973,30.452663,21.568893,0.3,0.3,1010.82086,100.0,15.342416,24.254572,30.746716,19.33472,2.3,2.3,1012.5125,100.0,15.95,25.54165,31.866451,20.83765,3.0,3.0,1012.31683,100.0,15.262501,23.051346,29.118801,15.595919,1.0,1.0,1012.1709,100.0,15.020833
2023-07-13,22.341059,26.575085,18.498291,0.70000005,0.70000005,1014.5291,100.0,10.835416,22.36004,26.622374,17.837416,2.0,2.0,1014.8584,100.0,11.52575,20.734907,24.518663,16.161152,1.1,1.1,1015.23755,100.0,11.956249,22.856012,26.163258,19.732954,0.2,0.2,1013.9126,100.0,13.743749,21.459116,25.948877,18.168133,2.9,2.9,1013.94586,100.0,16.377083
2023-07-14,21.864855,26.49511,15.071293,0.0,0.0,1016.93317,100.0,7.8666654,21.644827,27.773788,15.795635,0.0,0.0,1017.1584,100.0,8.829918,20.692797,26.658384,13.050236,0.0,0.0,1017.4124,100.0,10.185416,22.461897,28.426296,15.558723,0.0,0.0,1017.4543,100.0,11.558334,21.07796,26.17688,14.04184,0.1,0.1,1017.9959,100.0,13.429168
2023-07-15,26.42085,35.41033,15.68059,0.0,0.0,1011.65826,23.0,11.102082,26.885496,36.567337,16.816051,0.0,0.0,1011.7332,95.0,11.863252,24.801292,33.96544,13.477659,0.0,0.0,1012.49176,10.0,14.022918,25.467592,32.05035,16.913166,0.0,0.0,1014.22906,16.0,14.635417,24.494162,31.496342,14.495268,0.0,0.0,1014.73755,49.0,15.247918
2023-07-16,24.904724,29.095497,21.320862,1.8,1.8,1014.5542,100.0,14.333333,25.928453,29.00504,21.815834,2.2,2.2,1014.3875,100.0,15.0195,24.754934,31.896946,18.67473,0.1,0.1,1014.875,88.0,15.818749,28.263391,35.778736,23.646706,0.0,0.0,1014.0208,60.0,16.5125,27.56095,34.049305,20.293705,0.8,0.8,1014.3293,73.0,18.222916
2023-07-17,23.571875,28.094452,20.526619,4.1,4.1,1017.4458,100.0,13.075001,23.470818,27.475489,18.72379,0.0,0.0,1017.5374,99.0,11.1361685,22.968302,29.007595,19.221432,6.7999997,6.7999997,1018.6209,100.0,16.283335,25.92488,31.551434,20.982883,3.6,3.6,1016.7791,94.0,15.545835,25.180578,29.32724,21.07083,14.900002,14.900002,1017.17926,100.0,19.339586
2023-07-18,20.886524,26.726875,15.28396,0.0,0.0,1018.91656,100.0,8.727082,20.407639,26.349483,14.350508,0.0,0.0,1019.20844,100.0,8.600748,21.894205,29.108177,15.053684,0.0,0.0,1018.97076,100.0,11.927083,22.809608,28.577896,16.334505,0.0,0.0,1018.1833,100.0,10.695834,20.922123,24.904907,15.364708,0.0,0.0,1018.7417,100.0,12.299999
2023-07-19,21.662191,28.007286,14.205299,0.3,0.3,1011.8211,100.0,8.60625,21.356476,28.10276,13.960749,2.8,2.8,1012.22076,100.0,9.6445,21.676384,27.356178,16.715961,0.2,0.2,1012.4541,100.0,14.03125,23.432596,30.529922,15.822634,0.0,0.0,1010.9709,100.0,11.164584,22.503128,30.28828,14.450628,1.6,1.6,1010.99585,100.0,13.083335
2023-07-20,18.859873,23.553226,15.876797,2.8,2.8,1012.57074,98.0,11.266666,19.336708,22.495754,16.68579,1.2000002,1.2000002,1012.87085,100.0,12.7195015,18.412111,22.163904,15.063965,0.3,0.3,1012.74585,66.0,10.508334,20.442951,24.053394,16.23415,0.0,0.0,1011.54584,80.0,10.370833,19.692244,24.236528,15.343433,0.70000005,0.70000005,1011.3709,100.0,12.258334
2023-07-21,19.330778,26.940676,15.029598,3.0,3.0,1011.3542,100.0,11.764584,19.385977,23.704767,15.579416,0.2,0.2,1011.82074,100.0,12.194499,18.373486,26.259645,12.105288,0.9,0.9,1011.5459,100.0,12.262501,19.455961,24.59353,13.869991,6.9,6.9,1011.6584,100.0,12.704166,19.340689,25.574291,13.409058,3.0,3.0,1012.2168,100.0,13.741665
2023-07-22,17.63501,20.723192,12.639191,0.4,0.4,1014.68744,100.0,10.195834,17.781832,20.513134,12.428358,0.0,0.0,1014.6208,100.0,10.436167,17.390759,21.116415,11.93078,0.0,0.0,1015.51666,100.0,10.033334,18.894789,23.018785,14.419909,0.0,0.0,1014.5124,100.0,10.935416,19.267689,23.844631,15.967978,9.8,9.8,1014.0083,100.0,13.341667
2023-07-23,20.769838,26.448584,13.713503,0.0,0.0,1012.18335,100.0,8.627083,20.730143,26.308357,14.493124,0.0,0.0,1012.02094,100.0,11.015334,20.316565,26.139492,12.955795,0.0,0.0,1014.03754,100.0,10.7,21.530844,27.330809,14.214474,0.0,0.0,1014.07086,100.0,10.345835,19.665226,24.980484,12.002012,0.0,0.0,1013.9417,100.0,11.660416
2023-07-24,22.284357,28.677692,17.639088,0.4,0.4,1006.72906,100.0,12.427082,22.541948,29.677902,17.591839,0.1,0.1,1006.3709,100.0,13.834084,22.50781,31.067326,17.226233,0.5,0.5,1008.1418,100.0,13.054168,24.774744,32.905922,17.270275,0.0,0.0,1007.75836,100.0,13.929168,24.386953,31.118027,20.091074,1.2,1.2,1007.6833,100.0,16.316664
2023-07-25,18.952879,23.91787,16.075417,6.4,6.4,1004.10815,100.0,13.466667,19.093748,24.088688,14.121502,3.8000002,3.8000002,1004.20416,100.0,14.075751,18.099356,19.782425,14.845909,0.4,0.4,1005.1624,100.0,12.666668,20.009312,22.413322,16.71078,11.5,11.5,1004.2292,100.0,14.333335,20.516575,24.674654,18.454369,2.3,2.3,1003.5376,100.0,15.735416
2023-07-26,14.030017,17.311842,11.443088,2.1,2.1,1010.48334,100.0,8.608333,14.352158,17.449821,12.230688,4.6999993,4.6999993,1010.6001,100.0,9.661168,12.416289,15.7896385,10.107527,5.0,5.0,1011.27905,100.0,9.185418,14.456764,16.43943,12.066254,1.5,1.5,1008.70825,100.0,9.643749,13.770738,18.381752,10.67713,13.8,13.8,1008.1582,100.0,12.670834
2023-07-27,14.504958,19.450294,9.463212,0.6,0.6,1012.4167,100.0,9.060416,14.9022665,18.244623,9.539363,2.2,2.2,1011.93744,100.0,11.53825,14.195107,18.723364,8.167016,1.6999999,1.6999999,1013.97076,100.0,8.772917,15.999951,20.785566,9.003431,0.8,0.8,1013.36255,100.0,8.410417,14.390485,18.924244,7.908785,0.1,0.1,1012.6916,100.0,8.604165
2023-07-28,19.32812,24.508623,15.143585,7.2999997,7.2999997,1008.27496,100.0,14.945835,20.983658,25.56737,16.50077,5.799999,5.799999,1007.7292,100.0,16.073668,18.510132,22.116858,13.979561,1.2,1.2,1010.29987,100.0,13.635417,20.061993,25.175121,15.799301,1.9000001,1.9000001,1009.59174,100.0,14.425,17.921888,23.912678,14.023958,2.5999997,2.5999997,1008.85425,100.0,13.8
2023-07-29,20.65917,25.430319,17.501078,2.4,2.4,1010.0874,100.0,15.549999,21.346457,25.072979,16.415644,3.8,3.8,1009.62506,100.0,15.909084,20.762936,25.890564,17.117846,1.9000001,1.9000001,1011.7041,100.0,15.212502,22.436058,28.423534,16.786995,4.8999996,4.8999996,1011.03754,100.0,15.743752,21.448687,27.427639,17.017433,0.5,0.5,1010.2707,100.0,16.141668
2023-07-30,19.493021,24.02762,16.639694,18.2,18.2,1011.9543,100.0,15.197917,19.942244,24.47629,15.350698,9.200001,9.200001,1011.7625,100.0,15.627834,19.31832,24.789312,16.202017,10.000001,10.000001,1012.98755,100.0,14.289584,20.746798,25.233137,17.375586,4.6,4.6,1012.08344,100.0,15.697915,20.795612,24.86998,17.768534,5.7999997,5.7999997,1011.31665,100.0,15.841667
2023-07-31,17.0622,20.725943,12.199902,1.1,1.1,1012.41675,100.0,11.150002,17.320002,20.621416,12.263771,0.4,0.4,1011.9084,100.0,13.365334,17.21961,20.85817,12.382084,0.0,0.0,1014.03735,100.0,11.045833,19.361404,24.06422,13.968613,0.0,0.0,1013.25415,100.0,11.258332,19.426355,23.126244,16.41189,1.3000001,1.3000001,1012.62085,100.0,13.189584
2023-08-01,17.237303,19.275154,15.291307,4.1,4.1,1003.325,100.0,13.433333,18.23874,20.78629,15.393953,12.4,12.4,1002.51666,100.0,14.967418,16.390118,17.817587,14.3442955,5.9,5.9,1005.74585,100.0,13.099999,17.25577,19.037184,15.441496,11.9,11.9,1006.1375,100.0,14.697917,16.998144,19.954315,14.954308,8.599999,8.599999,1005.4582,100.0,13.933333
2023-08-02,16.454012,20.512129,12.381569,3.3,3.3,1003.5334,100.0,12.433334,16.772825,19.909039,12.949953,2.8,2.8,1002.80835,100.0,13.784081,16.486464,21.860022,11.617659,1.8000001,1.8000001,1005.4458,100.0,12.927082,18.29448,22.08078,11.848896,0.2,0.2,1005.58325,100.0,13.262498,17.64198,21.16334,13.454943,0.2,0.2,1005.2708,100.0,13.089581
2023-08-03,18.264086,21.812546,15.5993805,1.2,1.2,1003.675,100.0,12.222917,18.845333,21.83472,16.634195,0.0,0.0,1002.6125,100.0,13.8028345,17.95747,21.004717,14.576586,7.299999,7.299999,1006.05426,100.0,12.427082,18.776913,21.079016,17.361006,11.200001,11.200001,1006.60834,100.0,15.835418,18.450138,21.22155,16.16299,8.3,8.3,1005.6624,100.0,15.087501
2023-08-04,18.948586,23.090586,15.42753,0.2,0.2,1011.22504,100.0,12.033332,18.906424,23.558222,15.05921,0.8,0.8,1011.3166,100.0,13.902836,18.532324,21.79082,15.899363,0.5,0.5,1012.1335,100.0,13.197915,19.828293,25.761047,16.774843,3.8000002,3.8000002,1011.9875,100.0,15.2249975,19.602173,24.800709,15.622726,2.8,2.8,1011.7959,100.0,14.829166
2023-08-05,16.35308,18.374498,14.975718,12.599998,12.599998,1011.7666,100.0,14.6875,17.741821,19.792671,16.111181,3.2,3.2,1012.3999,100.0,14.53825,14.927827,17.156427,12.986286,19.300001,19.300001,1011.19995,100.0,14.191667,17.650053,20.119228,15.784615,16.8,16.8,1008.0916,100.0,15.533334,18.214882,20.722727,16.168716,47.9,47.9,1008.2708,100.0,16.495832
2023-08-06,14.7740555,18.05801,11.4909,13.9,13.9,1004.96246,100.0,13.122917,17.328009,19.47631,15.601999,10.200001,10.200001,1004.8874,100.0,14.102832,12.985354,16.353022,10.204655,14.1,14.1,1006.25006,100.0,11.73125,14.029533,16.343832,11.6313715,34.4,34.4,1003.2583,100.0,13.060417,14.938362,17.101067,12.850822,22.000004,22.000004,1001.7542,100.0,14.320834
2023-08-07,12.102244,15.423273,9.698938,12.300001,12.300001,1008.97906,100.0,10.522916,14.287197,16.452074,11.703867,7.0,7.0,1008.25433,100.0,12.229915,9.9406805,11.77231,8.393883,10.900001,10.900001,1011.93335,100.0,8.593751,12.444115,14.743317,10.750102,9.3,9.3,1009.3667,100.0,10.414583,12.956996,15.443192,11.306769,11.5,11.5,1007.3459,100.0,12.304168
2023-08-08,12.728718,16.820343,8.220505,0.0,0.0,1014.75824,100.0,7.972916,13.545212,18.254704,9.239744,0.0,0.0,1014.03326,100.0,9.286166,12.234015,16.15883,8.204164,0.70000005,0.70000005,1016.72504,100.0,7.956249,13.617122,18.208206,8.034459,0.1,0.1,1016.1624,100.0,9.48125,12.975158,16.314753,9.745371,0.1,0.1,1015.21655,100.0,10.1375
2023-08-09,14.312476,19.111877,11.46173,9.300001,9.300001,1015.22076,100.0,9.804168,14.826089,18.91394,11.259174,15.400001,15.400001,1015.12494,100.0,10.352832,13.359315,16.711733,10.950325,13.500001,13.500001,1016.5916,100.0,11.291668,14.759586,18.882296,11.598707,8.1,8.1,1016.44574,100.0,12.239585,13.999854,16.158989,11.247517,4.6,4.6,1015.95013,100.0,11.702084
2023-08-10,14.89914,20.799545,7.358158,0.0,0.0,1021.10834,92.0,8.404167,16.475903,20.676865,10.698901,0.0,0.0,1021.0251,91.0,9.675751,14.009551,19.276087,8.517615,0.9000001,0.9000001,1021.6499,73.0,9.9125,15.049095,20.573015,9.030336,0.0,0.0,1021.14166,100.0,9.931249,15.092892,19.96899,8.9846735,0.0,0.0,1021.3249,100.0,10.139582
2023-08-11,18.845774,27.210419,10.859011,0.0,0.0,1022.3208,94.0,12.058334,20.907791,26.555096,13.617413,0.0,0.0,1022.30005,100.0,12.450749,17.432775,26.449871,8.077831,0.0,0.0,1023.04175,12.0,10.985416,17.121855,23.572857,8.835621,0.0,0.0,1023.06256,100.0,11.566667,16.772314,23.496294,8.420622,0.0,0.0,1022.82074,98.0,10.535417
2023-08-12,22.666435,30.178085,14.019032,0.0,0.0,1018.98334,100.0,14.516667,24.186232,30.438427,15.200123,0.0,0.0,1019.10425,100.0,15.767415,21.171244,30.259438,11.699672,0.0,0.0,1019.62506,99.0,13.733335,19.815203,27.109089,11.577939,0.0,0.0,1021.1875,100.0,13.770833,20.157751,27.575409,11.468936,0.0,0.0,1021.18335,99.0,13.754167
2023-08-13,24.853668,29.91204,19.83519,0.3,0.3,1018.1668,100.0,17.787498,25.455696,28.956581,19.741068,0.70000005,0.70000005,1018.26654,100.0,17.865332,23.92105,32.71532,16.422836,0.1,0.1,1018.69574,100.0,16.727083,23.180376,30.747723,15.804661,0.0,0.0,1019.27924,100.0,16.34167,22.887068,30.070774,16.83388,0.0,0.0,1019.0625,69.0,15.720837
2023-08-14,27.233423,32.779,21.751703,1.3000001,1.3000001,1017.3083,100.0,19.604166,27.377884,33.802223,20.621346,0.1,0.1,1017.5334,100.0,19.23617,25.410055,32.80256,19.930689,1.3000001,1.3000001,1017.5584,100.0,17.910418,23.19518,28.47026,18.719543,0.0,0.0,1019.2209,100.0,15.408333,23.877222,30.759651,17.229616,0.0,0.0,1019.4834,100.0,15.368751
2023-08-15,26.242987,33.825817,18.546804,0.0,0.0,1016.3999,100.0,15.691667,26.543213,33.077732,19.195845,0.0,0.0,1017.00415,100.0,17.536165,24.26974,32.984238,15.220449,0.0,0.0,1016.7458,89.0,15.433333,24.003462,29.92456,17.722635,0.0,0.0,1018.4959,37.0,15.695834,24.652498,32.01925,16.36755,0.0,0.0,1018.89594,48.0,15.21875
2023-08-16,24.826345,32.992325,20.327135,8.3,8.3,1018.72095,100.0,17.766668,25.508497,30.557781,22.098345,1.6,1.6,1019.37915,100.0,19.569502,23.51039,29.459667,17.696442,5.7999997,5.7999997,1018.9917,100.0,17.364584,25.481493,31.383099,20.043594,2.0,2.0,1018.6458,86.0,17.747915,25.946753,32.85096,18.688442,0.3,0.3,1018.5708,97.0,17.74375
2023-08-17,24.796358,30.873795,20.583141,1.9000001,1.9000001,1018.125,100.0,18.4875,25.875633,31.92892,20.859655,0.2,0.2,1018.3667,100.0,18.388254,22.74437,28.482594,18.390413,0.5,0.5,1018.2292,100.0,16.677084,23.858992,29.742077,18.888975,6.2999997,6.2999997,1018.6084,95.0,17.050001,23.80677,29.599129,19.779335,7.3999996,7.3999996,1019.15826,100.0,18.249998
2023-08-18,25.003424,30.960087,18.525206,0.4,0.4,1017.48755,69.0,17.531252,25.70176,32.558613,18.846024,0.8,0.8,1017.8831,100.0,18.527834,23.664335,29.82064,18.101164,0.6,0.6,1017.77094,96.0,17.15,24.100426,30.41254,17.932713,0.3,0.3,1017.82495,56.0,17.1,24.610186,30.21954,18.952309,0.8,0.8,1018.16254,100.0,18.135416
2023-08-19,26.367165,33.159042,18.53248,0.0,0.0,1018.1042,83.0,16.75625,28.171288,33.292282,21.694128,0.0,0.0,1018.3542,100.0,17.53825,24.448347,31.79644,16.160177,0.0,0.0,1018.7124,23.0,16.935415,26.27962,32.432354,18.94239,0.1,0.1,1018.5166,24.0,17.50625,26.023842,32.53819,18.869144,0.1,0.1,1018.6375,70.0,18.425001
2023-08-20,26.899483,32.886715,20.676556,0.1,0.1,1020.65015,98.0,17.691668,29.085037,34.158943,23.200325,0.8,0.8,1021.0251,100.0,19.111166,25.87626,32.953453,18.794397,0.0,0.0,1021.05414,72.0,17.097914,27.03913,34.283176,20.395561,0.0,0.0,1020.4334,87.0,16.250002,27.10504,32.401627,20.397455,0.0,0.0,1020.2625,21.0,18.114584
2023-08-21,27.960913,34.44979,23.60392,1.7,1.7,1021.24585,65.0,18.541666,27.641512,32.466522,23.742744,0.2,0.2,1022.02484,43.0,19.279917,26.357485,33.290813,18.692244,0.0,0.0,1021.38745,78.0,17.91875,28.504953,35.31096,21.8326,1.5,1.5,1020.8835,97.0,18.391665,26.954153,33.607372,20.732222,0.7,0.7,1021.25824,85.0,19.616667
2023-08-22,27.815916,33.682022,22.32502,0.3,0.3,1018.7708,94.0,18.025,27.26458,33.315052,22.982714,0.3,0.3,1019.33325,76.0,18.11533,27.564238,33.66506,19.40039,0.0,0.0,1018.9792,66.0,18.66875,29.213293,34.98517,23.810112,0.0,0.0,1018.36664,89.0,18.564585,27.915564,33.825436,22.713295,6.2999997,6.2999997,1018.9709,100.0,20.2625
2023-08-23,24.97641,29.58297,21.79466,0.1,0.1,1018.6335,100.0,14.904164,24.640753,28.951908,20.534739,0.0,0.0,1019.16254,100.0,15.861168,25.373716,30.126984,21.283606,3.5,3.5,1018.6917,100.0,18.074999,26.63954,31.819393,22.410835,0.0,0.0,1017.37915,100.0,16.84375,23.592064,27.184053,18.63002,9.6,9.6,1018.22095,100.0,17.491667
2023-08-24,25.045778,31.147629,18.42713,0.0,0.0,1016.74585,100.0,13.424999,24.458069,30.654305,16.664635,0.0,0.0,1017.08344,100.0,14.390332,24.497498,30.38771,16.406893,0.0,0.0,1017.00433,100.0,15.954166,24.994858,31.55582,17.846087,0.0,0.0,1017.26666,100.0,13.545833,21.983711,28.42323,16.23894,0.0,0.0,1017.9375,100.0,14.012501
2023-08-25,25.96401,32.517384,21.691454,0.6,0.6,1011.5291,100.0,16.495834,26.578064,32.91561,22.437925,0.6,0.6,1011.29175,100.0,17.1445,25.265745,33.289185,19.813534,5.0000005,5.0000005,1013.05414,100.0,17.185415,27.081678,33.27126,22.193394,0.4,0.4,1012.5376,100.0,15.368751,24.08613,30.63269,16.621546,1.0,1.0,1012.4917,100.0,16.602083
2023-08-26,24.693098,29.696419,21.23168,6.3,6.3,1011.14996,100.0,16.883331,24.610128,29.532597,21.566875,3.1,3.1,1011.2625,100.0,17.45075,22.678366,28.183697,18.927797,33.2,33.2,1011.87067,100.0,17.104166,25.06381,29.215069,21.189034,11.9,11.9,1011.7417,100.0,16.756248,25.773703,30.81089,21.891283,0.0,0.0,1011.5959,100.0,19.21875
2023-08-27,20.202188,22.826561,17.4533,5.7000003,5.7000003,1010.4126,100.0,16.810417,21.027122,23.300415,17.796864,7.6,7.6,1010.49164,100.0,16.934082,18.695986,21.207651,17.11345,21.600002,21.600002,1010.76666,100.0,15.897916,22.757265,28.216888,19.992365,11.400002,11.400002,1009.1624,100.0,17.595833,24.293968,29.014313,21.441145,15.000002,15.000002,1009.07513,100.0,19.070833
2023-08-28,14.637077,18.078745,9.84578,16.699999,16.699999,1010.6709,100.0,13.46875,15.22712,19.5328,11.381811,9.3,9.3,1011.27905,100.0,13.371583,14.204472,16.917732,11.26383,21.1,21.1,1009.7166,100.0,13.08125,18.00108,20.109116,15.711533,4.2,4.2,1007.80817,100.0,14.4020815,18.848764,22.16492,16.368229,31.300001,31.300001,1008.98755,100.0,15.941665
2023-08-29,11.6928215,13.622776,8.790928,8.500001,8.500001,1007.44586,100.0,10.787499,12.389394,14.150351,9.920588,6.0,6.0,1008.0,100.0,11.815334,11.208478,12.651636,9.778608,6.2,6.2,1007.4167,100.0,10.760417,17.801043,21.091492,14.111824,2.8999996,2.8999996,1004.5291,100.0,15.054169,18.958906,24.06339,15.246483,10.700002,10.700002,1004.9751,100.0,16.408335
2023-08-30,13.894493,17.370117,12.086042,3.4,3.4,1008.4417,100.0,11.78125,15.565322,18.89195,12.898346,0.9000001,0.9000001,1008.1667,100.0,11.948667,12.866882,15.929005,10.150321,0.90000004,0.90000004,1009.05835,100.0,10.675,14.529536,17.00469,12.685896,0.2,0.2,1007.20404,100.0,11.5625,15.199336,17.38733,13.457405,9.000001,9.000001,1006.71246,100.0,13.4375
2023-08-31,13.025502,15.940525,10.273011,0.5,0.5,1011.5625,100.0,9.235417,13.968169,17.221682,9.906132,0.3,0.3,1010.9998,100.0,9.952833,12.577694,15.933821,9.933128,0.0,0.0,1012.8625,100.0,8.71875,15.340766,20.198654,11.275016,0.8000001,0.8000001,1012.1624,100.0,10.120834,16.02618,19.204992,11.881245,1.2,1.2,1011.40826,100.0,12.170834
2023-09-01,15.342297,19.968393,9.8346,1.5999999,1.5999999,1015.9375,100.0,11.279167,15.529719,19.930792,9.232809,0.4,0.4,1015.5918,100.0,11.948666,15.4739485,20.460548,10.839172,3.3000002,3.3000002,1017.0542,100.0,12.364582,16.39973,21.705061,10.022198,0.70000005,0.70000005,1017.2625,100.0,11.775001,14.556535,18.098433,9.75098,0.5,0.5,1017.0542,100.0,11.070832
2023-09-02,19.061098,22.942837,14.569466,0.2,0.2,1020.09595,100.0,14.416665,18.820257,23.136484,14.098019,1.9000001,1.9000001,1020.3042,100.0,14.661166,18.349993,23.631748,11.648638,0.4,0.4,1020.2708,100.0,13.785417,20.067005,25.329288,13.536238,0.90000004,0.90000004,1019.97504,100.0,14.5979185,19.32734,23.686712,15.590738,11.200002,11.200002,1019.9001,100.0,15.09375
2023-09-03,17.673,21.205074,14.29501,0.3,0.3,1025.3,100.0,13.295834,17.75855,20.917252,14.706522,0.1,0.1,1025.6791,100.0,13.446582,18.000786,22.063232,14.8644085,0.5,0.5,1025.1876,100.0,13.837501,18.070219,21.389473,13.653425,0.0,0.0,1023.8791,100.0,13.379167,17.290928,20.661743,14.500746,1.4000001,1.4000001,1023.7292,100.0,13.425
2023-09-04,16.855223,22.967789,11.154965,0.0,0.0,1028.4042,100.0,11.083335,17.551462,24.450872,10.667023,0.0,0.0,1028.625,100.0,12.457001,15.563867,21.069113,10.41567,0.0,0.0,1028.4332,100.0,10.954166,15.668381,19.494793,11.678444,0.0,0.0,1027.4125,100.0,10.622916,14.717805,18.077795,11.462997,0.1,0.1,1027.6208,100.0,11.010417
2023-09-05,17.43248,24.709375,10.395484,0.0,0.0,1025.4374,82.0,11.670833,19.036722,24.09624,13.230619,0.0,0.0,1025.6666,86.0,12.984082,15.325627,22.496187,8.827085,0.0,0.0,1025.3916,71.0,10.435417,17.106707,23.797821,11.502047,0.0,0.0,1025.8292,79.0,10.408333,16.413555,23.384678,8.739505,0.0,0.0,1026.3126,100.0,12.116668
2023-09-06,17.96956,25.843777,9.054294,0.0,0.0,1023.53326,10.0,12.08125,20.477564,26.979399,13.03064,0.0,0.0,1023.80005,11.0,13.152833,16.807714,24.381731,9.285146,0.0,0.0,1023.06665,19.0,11.506249,18.213558,26.009209,9.971417,0.0,0.0,1023.92084,25.0,11.402083,18.183859,26.13933,10.589453,0.0,0.0,1024.3291,26.0,12.787499
2023-09-07,18.80243,26.30789,10.883588,0.0,0.0,1023.3875,0.0,12.624999,20.523312,27.71915,13.232374,0.0,0.0,1023.74176,0.0,12.757,17.768206,24.494743,11.702616,0.0,0.0,1022.83325,0.0,11.993752,19.483305,26.829947,11.66827,0.0,0.0,1023.81256,0.0,12.039582,17.459364,26.047766,9.534241,0.0,0.0,1024.7583,0.0,13.133334
2023-09-08,19.64483,27.116644,11.190109,0.0,0.0,1021.41675,0.0,12.312503,20.857344,26.95283,13.349607,0.0,0.0,1021.8293,0.0,12.9278345,18.136915,25.218735,12.848692,0.0,0.0,1021.03326,0.0,11.714584,20.239098,26.617466,14.532574,0.0,0.0,1022.3457,9.0,13.216666,20.120893,27.528719,13.398619,0.0,0.0,1022.8792,76.0,14.672919
2023-09-09,20.39131,28.787037,11.21649,0.0,0.0,1019.2834,97.0,12.570834,21.832014,27.68405,14.659796,0.0,0.0,1019.56244,95.0,13.646584,18.475885,27.041155,10.636069,0.0,0.0,1019.4499,10.0,12.185417,19.992718,26.820038,13.201456,0.0,0.0,1020.2624,99.0,12.052085,21.050077,27.873714,13.645962,0.0,0.0,1020.78754,99.0,15.100001
2023-09-10,21.429596,29.511967,13.700172,0.0,0.0,1018.3958,0.0,12.958333,22.879494,29.24955,16.470932,0.0,0.0,1018.53326,80.0,13.906999,20.370495,27.88189,11.098955,0.0,0.0,1018.8709,3.0,14.199998,21.386953,27.876457,13.623753,0.0,0.0,1018.99176,6.0,13.056251,21.1183,28.397884,13.405369,0.0,0.0,1019.10834,84.0,15.050002
2023-09-11,22.854528,30.862286,14.702265,0.0,0.0,1015.0791,98.0,14.697915,24.516571,30.439098,19.364435,0.0,0.0,1015.2209,57.0,14.344498,21.838015,29.215054,14.586933,0.0,0.0,1015.70013,29.0,15.295833,22.361214,29.090363,15.078232,0.0,0.0,1015.7292,98.0,13.977081,21.206697,28.684711,13.6441,0.0,0.0,1015.67084,23.0,15.172915
2023-09-12,24.153517,31.103313,17.384748,0.0,0.0,1012.72504,100.0,15.052083,24.657845,30.785473,19.442066,0.0,0.0,1012.9456,100.0,15.388248,21.859102,29.58039,14.168774,0.0,0.0,1013.47076,100.0,15.064586,23.59741,29.606216,16.727596,0.0,0.0,1013.62915,100.0,14.787499,22.114622,29.22242,14.605518,0.0,0.0,1013.7332,100.0,15.435416
2023-09-13,21.51303,26.770405,17.05066,4.1,4.1,1013.57904,100.0,14.752084,22.71456,27.16732,18.999485,0.90000004,0.90000004,1013.7583,100.0,15.671584,20.055174,26.353312,14.258183,6.7000003,6.7000003,1014.56665,100.0,15.431249,23.05441,29.746502,17.672895,4.8999996,4.8999996,1013.61255,100.0,15.939584,22.096704,28.715729,15.136047,2.3,2.3,1013.2292,100.0,15.916667
2023-09-14,16.80255,19.1042,13.005302,0.4,0.4,1020.9292,100.0,12.291667,16.172075,20.121523,11.832262,0.7,0.7,1021.5376,100.0,12.998665,16.940922,19.475702,11.978157,1.6000001,1.6000001,1020.4958,100.0,13.704166,19.346308,21.667048,16.509941,0.6,0.6,1018.78754,100.0,14.589585,17.66688,20.446486,14.334335,4.2,4.2,1018.9626,100.0,15.045833
2023-09-15,15.8517,20.610497,9.114654,0.0,0.0,1021.4084,100.0,10.462499,15.252277,20.780354,8.982183,0.0,0.0,1021.72504,100.0,10.382,15.096032,19.823689,10.837255,0.0,0.0,1020.90405,100.0,10.899999,16.643774,21.37762,11.473491,0.0,0.0,1021.3416,100.0,11.724999,15.144851,18.974434,11.41944,0.0,0.0,1022.3083,100.0,11.793748
2023-09-16,18.159054,24.943512,11.060476,0.0,0.0,1017.4751,84.0,11.968751,18.168377,25.405792,10.111919,0.0,0.0,1017.85004,98.0,12.519501,17.38233,24.9816,11.684466,0.0,0.0,1017.07916,88.0,12.758334,17.771948,22.9237,12.799366,0.0,0.0,1019.125,24.0,12.002083,17.055346,23.673883,11.015865,0.0,0.0,1020.2625,24.0,13.09375
2023-09-17,20.087896,27.565826,12.444275,0.0,0.0,1016.75,75.0,13.241666,20.936546,27.460356,14.660553,0.0,0.0,1016.9084,73.0,13.948667,18.523058,26.461382,11.060742,0.0,0.0,1017.10834,76.0,13.431251,19.981909,25.609608,15.33396,0.0,0.0,1018.0,95.0,14.327083,19.588825,23.928833,14.210165,0.2,0.2,1018.55,50.0,14.364583
2023-09-18,21.681276,29.877613,15.405371,2.7,2.7,1011.4209,100.0,14.820835,21.920004,28.398994,14.081451,2.1,2.1,1011.7834,100.0,15.327834,19.563183,26.468857,14.165932,8.7,8.7,1012.09595,100.0,15.502084,20.636335,24.177458,16.590101,0.0,0.0,1013.4377,100.0,15.399999,20.731993,25.011967,14.852386,0.0,0.0,1014.2541,100.0,14.718749
2023-09-19,17.578192,21.391361,13.891514,0.1,0.1,1012.5791,100.0,11.516665,17.921637,21.142242,13.420647,0.1,0.1,1012.1418,100.0,12.252834,16.672499,19.66788,13.057932,0.4,0.4,1014.2417,100.0,12.897916,19.178442,22.198812,14.618177,3.1999998,3.1999998,1012.80414,100.0,13.75,18.992126,22.111383,14.209305,6.7,6.7,1011.76263,100.0,15.302082
2023-09-20,17.550058,23.677555,11.4705105,0.0,0.0,1013.875,99.0,10.5375,17.714247,23.909746,12.012554,0.0,0.0,1013.54175,85.0,10.702832,17.625952,23.86854,11.888853,0.0,0.0,1014.6792,100.0,12.91875,17.855371,23.713062,10.994625,0.0,0.0,1015.72504,100.0,12.433334,16.815893,22.04256,11.45821,0.0,0.0,1015.6834,90.0,12.747918
2023-09-21,19.186296,24.898129,13.488033,0.0,0.0,1005.66254,100.0,13.412498,18.834406,24.295958,12.302492,0.0,0.0,1005.8875,100.0,14.05075,17.686598,24.38074,12.722645,0.1,0.1,1005.78345,100.0,13.710418,18.965961,22.711449,15.254374,0.0,0.0,1007.83344,100.0,13.45625,19.77676,23.716354,13.4865265,0.3,0.3,1009.39166,91.0,13.118751
2023-09-22,16.775333,19.072264,15.026451,2.1,2.1,1004.67505,100.0,12.6833315,17.616354,20.459703,14.626339,2.6,2.6,1004.7,100.0,14.215337,15.563945,19.40601,13.379837,2.0,2.0,1005.4207,100.0,12.506249,19.40953,24.603483,15.086262,1.4000001,1.4000001,1005.02924,100.0,14.939583,19.961134,23.23308,17.377062,2.3,2.3,1005.38336,100.0,15.083335
2023-09-23,12.975078,16.490664,10.845456,0.0,0.0,1014.6875,100.0,8.589582,13.661012,16.339392,10.914093,0.0,0.0,1014.4001,100.0,9.973667,11.82492,14.446352,9.262634,0.1,0.1,1015.5042,100.0,8.920833,14.288068,16.662523,11.591884,2.7999997,2.7999997,1014.0417,100.0,10.760417,15.008644,17.409079,12.408077,10.600001,10.600001,1013.6209,100.0,13.539585
2023-09-24,11.685647,15.696058,6.8540506,0.0,0.0,1025.7626,100.0,7.3416657,11.978169,16.514805,5.671648,0.0,0.0,1025.975,99.0,8.702833,10.063697,13.322243,6.4803495,0.1,0.1,1025.7667,100.0,7.0625,11.776417,14.130743,8.376411,0.0,0.0,1023.88336,100.0,7.6812496,12.00169,13.63945,10.009196,0.5,0.5,1024.1749,100.0,10.466667
2023-09-25,13.660672,20.883776,5.9688377,0.0,0.0,1026.4668,100.0,10.256249,14.938457,21.15856,6.9586573,0.0,0.0,1026.5834,100.0,10.417418,12.083293,19.01058,5.295024,0.0,0.0,1026.1501,100.0,9.76875,16.870691,23.11258,11.306664,0.0,0.0,1025.2333,100.0,12.147916,16.18928,21.490765,12.317635,0.0,0.0,1026.1832,100.0,13.64375
2023-09-26,17.82458,25.898525,10.201238,0.0,0.0,1023.0168,99.0,13.116669,18.06096,24.93802,10.566244,0.0,0.0,1023.4583,100.0,14.171582,17.321459,24.515537,12.141615,0.0,0.0,1022.59174,79.0,13.824998,19.63739,25.827166,14.249502,0.0,0.0,1023.89996,44.0,14.618751,19.136082,25.508207,14.549107,0.0,0.0,1024.7167,100.0,15.810417
2023-09-27,19.031837,25.301165,12.705328,0.0,0.0,1021.24603,99.0,13.008332,18.980223,25.606392,12.704918,0.0,0.0,1021.51666,100.0,13.932,17.143408,24.54416,10.774788,0.0,0.0,1021.3499,100.0,12.160417,17.904068,24.399397,11.8702755,0.0,0.0,1022.85846,1.0,10.654168,18.584368,26.456097,11.620898,0.0,0.0,1023.4375,10.0,12.310416
2023-09-28,17.733152,25.596659,9.949816,0.0,0.0,1019.16656,100.0,10.818749,19.19623,24.629982,12.443163,0.0,0.0,1019.3166,100.0,12.142415,16.336699,23.716442,9.43089,0.0,0.0,1019.6665,12.0,10.885417,17.658682,23.232527,11.268242,0.0,0.0,1020.8249,49.0,10.643752,16.494005,24.053305,8.597832,0.0,0.0,1021.40405,0.0,11.077083
2023-09-29,18.599037,25.63403,10.445532,0.0,0.0,1019.66656,100.0,11.810417,19.938614,25.094648,13.900593,0.0,0.0,1019.5542,100.0,12.948667,16.850664,24.517082,9.709703,0.0,0.0,1020.54156,100.0,12.2625,17.003174,23.16637,10.782927,0.0,0.0,1021.1584,100.0,10.766666,16.822012,22.762684,11.31542,0.0,0.0,1021.1958,100.0,10.9375
2023-09-30,15.365958,18.456127,10.188721,1.5,1.5,1024.0834,100.0,10.016666,15.427758,18.59677,9.938684,0.5,0.5,1024.35,100.0,10.602834,14.943278,16.63548,11.972425,5.4,5.4,1024.4541,100.0,12.893749,15.458922,19.349524,9.961207,0.6,0.6,1022.8459,100.0,11.172917,14.254592,18.118895,8.672453,6.2000003,6.2000003,1022.57086,100.0,11.070834
2023-10-01,13.226741,19.880215,7.263383,0.0,0.0,1025.4417,100.0,6.972916,14.423173,20.550463,9.322544,0.0,0.0,1025.275,100.0,8.125751,13.590111,18.946005,8.643843,0.0,0.0,1026.4084,100.0,10.245833,12.597993,19.475958,6.3983974,0.0,0.0,1025.7916,100.0,8.014584,12.250693,17.644073,5.7269964,0.0,0.0,1025.5042,100.0,9.175
2023-10-02,17.145811,24.955353,10.468721,0.0,0.0,1022.97906,100.0,10.260417,18.211079,24.58968,12.839787,0.0,0.0,1022.80005,100.0,10.950751,16.158775,25.95244,8.585446,0.0,0.0,1023.78754,100.0,12.006249,15.78484,22.57191,9.494704,0.0,0.0,1024.3958,100.0,9.925001,15.70586,21.713297,10.891296,0.0,0.0,1024.0625,100.0,11.102082
2023-10-03,18.290503,25.410233,12.380508,0.5,0.5,1016.6208,100.0,12.054166,18.16948,26.583784,10.443291,2.1,2.1,1016.25415,100.0,13.165334,17.519514,24.66069,10.914378,0.0,0.0,1018.1001,100.0,12.083335,16.646505,22.640453,11.101334,0.0,0.0,1019.1416,99.0,12.1291685,16.417837,20.470486,12.590256,0.0,0.0,1018.1541,100.0,11.84375
2023-10-04,12.038368,15.417282,8.052956,0.0,0.0,1026.3251,100.0,7.0354156,11.797592,15.280556,8.046615,0.0,0.0,1025.9999,100.0,8.663249,11.632218,15.803492,6.753024,0.0,0.0,1027.5334,100.0,7.7562504,13.0965805,17.86033,8.459145,0.0,0.0,1026.1666,100.0,7.2833333,12.873093,16.315739,8.539972,0.2,0.2,1024.9417,100.0,9.222917
2023-10-05,10.214302,14.634056,5.713724,0.0,0.0,1025.1418,100.0,6.0708337,10.363722,15.020769,4.490655,0.1,0.1,1024.7917,100.0,7.8215833,9.699356,15.8507805,3.5015345,0.0,0.0,1025.9667,100.0,6.6458335,11.101879,16.557682,4.64748,0.0,0.0,1025.4039,100.0,6.15,10.3254595,14.505415,6.4813795,0.0,0.0,1024.5206,100.0,6.9541664
2023-10-06,11.377255,16.982798,6.6250324,0.0,0.0,1025.7378,100.0,7.3416667,12.270692,16.961304,6.903326,0.0,0.0,1025.1791,100.0,9.061167,9.669621,16.714771,3.135725,0.0,0.0,1026.8042,100.0,6.4979167,11.818183,17.711077,6.366598,0.0,0.0,1026.2582,100.0,7.262501,11.545434,15.636522,8.417036,0.0,0.0,1025.5416,100.0,8.289584
2023-10-07,12.113528,16.27778,8.240304,0.0,0.0,1020.179,100.0,8.341666,14.372051,19.386843,10.066119,0.1,0.1,1019.22504,100.0,10.17575,11.834338,16.2928,5.931733,0.0,0.0,1022.45416,100.0,7.3562503,13.297512,19.547836,5.083047,0.0,0.0,1020.6042,100.0,7.4874997,12.312095,17.271614,7.5520544,0.0,0.0,1018.33325,100.0,8.860417
2023-10-08,11.176204,14.815584,7.8729744,3.3,3.3,1023.1667,100.0,8.841667,12.43406,16.713932,10.081323,3.6999998,3.6999998,1023.20416,100.0,10.054916,11.474156,14.091141,7.345706,2.0,2.0,1023.7124,100.0,8.493752,10.731357,14.9202,3.8913822,0.4,0.4,1021.81256,100.0,6.8062496,8.667745,14.958586,3.3074026,2.6999996,2.6999996,1021.2874,100.0,5.4583335
2023-10-09,11.3646345,14.832108,7.3426914,4.8999996,4.8999996,1019.82916,100.0,10.522916,13.02101,17.09318,9.110598,16.400002,16.400002,1019.5625,100.0,11.667417,11.399817,16.552988,6.624196,8.4,8.4,1021.07086,100.0,10.158334,9.839156,14.745575,5.7094927,7.4999995,7.4999995,1021.3,100.0,7.0208335,5.961946,9.472091,2.3863802,5.6000004,5.6000004,1021.7708,100.0,5.00625
2023-10-10,15.38047,19.88989,12.14164,1.2,1.2,1020.0916,100.0,12.583333,16.661158,20.131008,13.679514,1.1000001,1.1000001,1019.76245,100.0,13.771584,13.895072,19.225803,9.6781845,0.5,0.5,1021.2334,100.0,11.441667,14.498073,19.746725,9.510009,0.3,0.3,1020.48334,100.0,11.539584,11.412399,16.685638,7.6484385,0.2,0.2,1020.6333,100.0,10.110417
2023-10-11,16.07196,21.991787,11.559661,0.0,0.0,1017.34576,100.0,10.31875,16.44961,23.063408,10.188908,0.0,0.0,1016.66254,100.0,12.032001,14.739852,22.025051,9.088861,0.0,0.0,1019.32916,96.0,10.702083,14.832704,20.635424,9.563877,0.0,0.0,1020.17505,100.0,12.51875,13.891757,17.756142,10.474545,0.1,0.1,1018.8792,100.0,12.518749
2023-10-12,15.22842,18.071306,13.287285,2.1000001,2.1000001,1015.6042,100.0,12.152085,15.571061,18.809753,12.105263,1.2,1.2,1014.99164,100.0,12.909083,15.836541,19.829842,11.864548,0.4,0.4,1017.2166,100.0,10.562499,15.161933,22.474806,9.979436,0.7,0.7,1017.3708,100.0,11.79375,15.169708,19.625156,12.211132,0.6,0.6,1016.07916,100.0,12.297917
2023-10-13,17.427446,23.293644,13.787544,0.6,0.6,1014.4915,100.0,12.091666,16.991102,23.948666,11.899715,0.0,0.0,1014.0417,100.0,13.909083,16.153938,21.921513,10.765577,0.1,0.1,1016.12506,100.0,10.9416685,17.478174,23.05388,12.167511,0.70000005,0.70000005,1016.69574,100.0,12.989582,16.374617,19.678558,13.067389,0.9,0.9,1016.1833,100.0,13.493752
2023-10-14,13.774095,17.403143,9.585663,3.0000002,3.0000002,1009.26666,100.0,8.662499,12.903801,17.86477,7.8141766,1.6,1.6,1008.80414,100.0,9.050752,13.782078,17.596949,8.74221,2.8,2.8,1010.8083,100.0,9.920834,15.352422,19.029915,11.648708,9.5,9.5,1010.7459,100.0,12.716666,15.258381,18.106632,10.994026,2.9,2.9,1009.6833,100.0,11.991666
2023-10-15,4.95377,8.460519,1.7346268,0.2,0.2,1017.72076,100.0,2.1583335,4.786226,7.84601,1.2702293,1.5,1.5,1017.39996,99.0,3.4819996,4.392592,7.819599,1.2254095,0.6,0.6,1018.67084,93.0,3.1812499,6.7488575,10.406012,2.6821423,0.1,0.1,1016.56256,100.0,2.89375,7.988525,10.731836,3.4283276,3.5999997,3.5999997,1015.54584,100.0,5.1145835
2023-10-16,3.2680442,7.298936,-1.1553106,0.0,0.0,1022.6001,100.0,1.28125,3.6643267,7.5998573,-1.4836342,0.1,0.1,1022.31256,100.0,2.871583,2.0084102,7.1026793,-3.062025,0.0,0.0,1023.2,100.0,0.21041669,3.3540108,7.5587015,-0.47177362,0.0,0.0,1022.45,90.0,0.4354167,3.171615,6.259884,0.5087042,0.3,0.3,1021.4751,100.0,1.8312502
2023-10-17,3.1379986,8.056336,-0.53862596,0.0,0.0,1021.53754,100.0,1.8770833,5.2203975,8.726751,1.8509197,0.0,0.0,1021.7375,100.0,3.357,2.2767627,6.757498,-0.99542284,0.0,0.0,1020.9458,100.0,1.0958334,3.3994372,8.180923,-1.3613513,0.0,0.0,1022.01685,100.0,0.82708335,3.1454084,8.468514,-1.7140918,0.0,0.0,1022.49164,100.0,1.8854169
2023-10-18,2.956787,9.2611065,-3.594373,0.0,0.0,1015.15405,100.0,2.3145833,3.0598218,8.707461,-2.8296356,0.0,0.0,1015.45404,100.0,2.8278332,2.0910635,7.3745146,-2.2247286,0.0,0.0,1014.64166,100.0,2.5333333,3.4144878,8.006353,-0.96341753,0.0,0.0,1016.59576,100.0,1.2604166,2.6183026,9.722823,-3.6138911,0.0,0.0,1017.33746,100.0,1.65
2023-10-19,6.2821083,11.111369,0.83274174,4.1000004,4.1000004,1001.4375,100.0,5.862501,5.130968,8.131928,0.5729985,5.7,5.7,1001.7708,100.0,5.6090837,6.0942845,14.990822,0.6127987,0.4,0.4,1001.01245,100.0,6.0625005,7.30168,10.9255085,2.8222122,1.0,1.0,1003.0083,100.0,6.160417,6.046182,10.9114,-0.8659549,2.3000002,2.3000002,1003.6125,100.0,5.5208335
2023-10-20,10.7581415,16.436712,6.637432,4.1,4.1,989.22076,100.0,11.072918,10.791814,16.137638,6.4771156,3.7,3.7,989.67926,100.0,10.809085,12.420402,23.36718,5.10797,0.0,0.0,988.37915,100.0,10.066667,15.576571,20.533463,9.624679,0.0,0.0,990.2957,100.0,12.820834,15.159057,20.294174,9.209038,0.0,0.0,991.4749,100.0,12.162501
2023-10-21,13.512016,20.13326,8.963781,5.2,5.2,998.7375,100.0,10.375001,12.984153,18.107742,8.792048,0.1,0.1,998.75415,100.0,10.579917,13.922081,19.887127,9.775104,2.2,2.2,999.00824,100.0,11.110416,17.32091,22.019814,12.427818,4.8,4.8,999.0833,100.0,12.545833,17.92253,22.04147,14.640852,1.6,1.6,999.17914,100.0,13.672916
2023-10-22,10.727329,13.699299,6.8669863,19.5,19.5,1009.2625,100.0,8.570834,12.149665,15.233316,7.740219,12.7,12.7,1009.11664,100.0,9.779916,9.710334,12.853558,4.743129,10.500002,10.500002,1010.3167,100.0,7.8229165,12.489818,15.181942,6.722151,5.8,5.8,1008.63336,100.0,9.816666,12.929608,16.042683,7.935547,12.2,12.2,1007.5332,100.0,11.8875
2023-10-23,9.200753,15.523268,4.5041504,0.0,0.0,1015.1335,100.0,6.7374997,10.576701,15.051439,7.443659,0.0,0.0,1015.16235,100.0,8.7445,7.9435267,14.6211605,1.8228269,0.0,0.0,1014.97925,100.0,6.964584,9.672654,15.746727,3.3512487,0.0,0.0,1016.0168,100.0,6.8104157,9.107572,15.052118,4.669923,0.0,0.0,1016.1209,100.0,7.4125004
2023-10-24,10.438591,14.809187,6.1577168,4.9,4.9,1007.2375,100.0,9.660417,10.468493,14.584566,5.734851,9.900001,9.900001,1007.6333,100.0,9.790333,9.597553,13.056606,8.02028,2.3999999,2.3999999,1007.02075,100.0,9.875,11.915672,15.036114,9.198372,2.5,2.5,1007.86237,100.0,10.939583,11.368274,17.78301,3.6886368,5.3,5.3,1008.5708,100.0,9.625
2023-10-25,9.993536,13.88743,7.486086,0.1,0.1,1002.24585,100.0,8.397917,10.63943,13.222494,8.420749,3.1000001,3.1000001,1002.17505,100.0,9.12575,9.863519,13.89234,6.359627,0.2,0.2,1003.01666,100.0,8.202083,11.352593,14.830215,7.3890886,0.3,0.3,1002.3166,100.0,9.483335,11.702178,14.445929,7.849536,3.2999997,3.2999997,1001.24585,100.0,9.985417
2023-10-26,8.921202,10.801634,7.0184326,3.6,3.6,996.7332,100.0,7.8708324,10.287157,11.64049,9.429794,4.7,4.7,996.0542,100.0,8.619499,9.100956,11.367876,7.26824,2.4999998,2.4999998,998.6042,100.0,7.5958343,11.018477,13.431232,8.608818,2.8,2.8,998.5457,100.0,8.472917,9.491879,11.683281,6.1463747,3.2,3.2,997.8499,100.0,8.718751
2023-10-27,8.414981,9.77363,5.654604,8.8,8.8,995.0625,100.0,8.552083,8.929394,10.481491,6.4777393,11.400001,11.400001,994.925,100.0,8.975751,8.055745,9.024902,5.597455,9.6,9.6,995.9001,100.0,7.7395835,8.747628,10.671746,6.5108023,8.6,8.6,994.97906,100.0,8.9,8.835749,10.665916,6.6518393,20.1,20.1,994.5,100.0,9.450002
2023-10-28,7.2687016,10.245351,4.860134,1.6000001,1.6000001,1003.0332,100.0,6.733333,8.066521,11.695927,5.753524,3.0999997,3.0999997,1002.23334,100.0,8.098666,7.2581296,10.885918,4.4928503,0.2,0.2,1004.74164,100.0,5.7250004,6.9082723,12.34643,1.8661957,0.7,0.7,1004.84985,100.0,5.679167,6.866806,9.524547,3.9115028,0.0,0.0,1003.82916,100.0,7.152083
2023-10-29,9.881219,16.987034,6.287469,0.1,0.1,1004.9543,100.0,7.327083,9.023376,13.224392,4.8354063,0.0,0.0,1004.90826,100.0,8.582002,9.075921,17.839159,5.0257254,0.0,0.0,1006.20416,100.0,6.8833327,9.045569,12.852589,5.9772186,0.0,0.0,1008.46265,100.0,8.708334,10.379806,14.086584,6.765011,2.1,2.1,1008.06665,100.0,8.675
2023-10-30,11.242252,17.435013,6.7327633,0.0,0.0,1005.15405,100.0,8.754167,10.443645,15.559429,3.7630997,0.0,0.0,1005.3833,100.0,9.702834,10.280335,17.129864,3.357657,0.0,0.0,1005.47504,100.0,7.652083,10.710944,15.821865,4.654641,0.0,0.0,1007.86255,100.0,10.170833,13.434746,18.1579,10.216681,0.0,0.0,1007.72906,100.0,10.966667
2023-10-31,8.526021,12.057867,5.3129883,2.8999999,2.8999999,1001.53754,100.0,7.8500004,9.737019,12.026758,5.3053703,6.8999996,6.8999996,1000.946,100.0,8.827834,8.864797,13.673302,5.49959,4.0999994,4.0999994,1003.4707,100.0,7.558334,10.380393,12.921257,6.175046,4.9,4.9,1003.04156,100.0,9.185418,11.052998,13.65053,7.7345333,6.4999995,6.4999995,1001.88336,100.0,9.0125
2023-11-01,8.073584,13.198757,4.2233486,0.1,0.1,1009.0,100.0,6.991667,7.8483124,13.54318,3.166905,0.1,0.1,1008.4292,100.0,7.8007503,7.6631856,12.698246,4.78283,0.0,0.0,1010.22076,100.0,5.9770827,7.1959057,12.042557,1.8454413,0.0,0.0,1011.19995,100.0,6.2208323,7.2304993,10.808206,3.9247503,0.0,0.0,1010.80005,100.0,6.5375004
2023-11-02,7.418841,11.598062,2.8378773,3.1999998,3.1999998,996.5457,100.0,6.5812507,7.2323585,10.495354,2.3237104,3.4,3.4,996.6709,100.0,7.540334,6.576931,10.978314,1.7193098,5.7,5.7,996.50006,100.0,6.2145824,8.566775,11.566977,6.096257,1.3,1.3,999.21674,100.0,8.231251,8.423141,12.351704,4.4604845,1.5,1.5,1000.31244,100.0,6.483333
2023-11-03,5.803681,8.664263,3.5041246,13.699999,13.699999,988.9749,100.0,6.7208323,7.200667,9.173813,5.5926743,6.0999994,6.0999994,988.70416,100.0,7.3757496,4.288198,7.1022806,3.1635094,22.0,22.0,990.2251,100.0,5.464583,7.3102055,10.185344,2.7152581,28.4,28.4,988.4875,100.0,8.022917,9.0536175,12.612679,2.5026302,12.5,12.5,987.72925,100.0,8.41875
2023-11-04,3.9626362,6.9300976,1.8772049,0.1,0.1,993.0125,100.0,3.3979168,4.694597,7.1167526,2.4595027,1.0000001,1.0000001,992.1958,100.0,4.5465837,3.4052715,7.0168343,1.0780821,0.8000001,0.8000001,994.5166,100.0,2.1187499,3.9772933,7.295068,0.5914769,0.3,0.3,996.20416,100.0,4.3916664,3.6478117,7.085945,1.7393107,0.0,0.0,996.0542,100.0,3.7458334
2023-11-05,5.7554994,9.917305,3.2528458,1.6,1.6,986.2043,100.0,4.6,6.7049947,10.153333,4.3510246,0.6,0.6,985.27496,100.0,6.409083,5.7610335,11.585517,3.294693,3.1,3.1,988.6333,100.0,3.997917,6.5495133,10.352009,3.7260504,2.8,2.8,989.6416,100.0,6.247917,5.933993,8.513683,3.7598047,3.5,3.5,989.17084,100.0,6.1625
2023-11-06,5.4633574,8.385171,3.823679,1.2,1.2,1004.8208,98.0,4.3437495,6.3321834,9.087864,3.7892036,0.1,0.1,1003.51666,100.0,5.271582,5.633186,8.547423,3.9078941,0.0,0.0,1007.38745,94.0,3.8500001,6.102955,10.270663,2.6127892,0.0,0.0,1006.90826,98.0,4.079167,5.4734254,7.85857,2.5533633,0.1,0.1,1005.3875,100.0,4.6187496
2023-11-07,5.338037,8.630036,2.6326075,0.2,0.2,1014.0168,100.0,4.5125,5.140963,8.461834,2.4472985,0.1,0.1,1013.175,100.0,4.971583,4.946757,7.817648,2.7058206,3.2999997,3.2999997,1015.7834,100.0,4.4500003,5.295758,10.288862,1.2004118,0.70000005,0.70000005,1015.57513,100.0,5.0750003,6.001429,9.57535,3.6327333,2.4,2.4,1014.92914,100.0,5.191667
2023-11-08,2.8969262,5.0847044,0.6722946,0.1,0.1,1016.64984,100.0,3.3062496,3.6799085,7.229805,-0.5186963,0.0,0.0,1015.72076,100.0,3.8924172,2.4459603,5.4860973,-0.51287174,0.0,0.0,1018.6165,100.0,2.0645835,3.3790739,7.0581865,0.31224632,0.0,0.0,1017.7375,100.0,2.5499997,4.0779386,5.9379196,1.4549966,0.1,0.1,1016.4749,100.0,3.8291664
2023-11-09,3.297392,10.046635,-0.0009431839,0.1,0.1,1011.3042,100.0,1.4062499,2.915427,8.22971,-2.3284848,1.4,1.4,1010.6541,100.0,2.8153334,1.7920138,9.877012,-2.6642652,0.0,0.0,1012.52924,100.0,0.17083335,1.680388,6.740782,-3.7405863,0.0,0.0,1014.45,100.0,2.4062502,3.905855,7.4055767,0.6381149,0.0,0.0,1014.11255,100.0,2.9020832
2023-11-10,3.8717794,7.500739,0.94356585,0.3,0.3,1004.66254,100.0,3.341667,4.110206,6.788561,-1.1955953,0.4,0.4,1003.94574,100.0,5.065334,3.9347599,8.607331,-0.49234986,0.4,0.4,1005.4875,100.0,2.2333333,4.2023168,6.846689,-0.11712885,1.1,1.1,1006.80005,100.0,5.5208335,5.9172273,7.926779,3.4470987,6.9999995,6.9999995,1006.4917,100.0,5.414583
2023-11-11,1.1305019,3.303626,-1.0222495,2.5,2.5,1003.9124,100.0,2.6416667,1.5657688,3.9067574,-1.4358163,1.2,1.2,1003.7751,100.0,2.9174166,0.16365348,1.6878176,-2.0171888,2.3999999,2.0,1005.2791,100.0,1.5208335,2.4759934,6.37938,-0.15962029,0.4,0.4,1004.09155,100.0,3.3041666,5.456948,7.2578077,2.8782454,3.3000002,3.3000002,1002.82495,100.0,5.7000003
2023-11-12,0.31869212,4.8815928,-2.308408,0.0,0.0,1009.63336,100.0,1.1583333,1.4435592,5.4209175,-1.8636339,0.0,0.0,1009.1084,100.0,2.1882498,0.1258652,5.099468,-2.691389,0.0,0.0,1010.65826,100.0,0.06666667,1.3250197,5.789283,-3.3885221,0.0,0.0,1010.1624,100.0,0.91875005,2.2054503,3.931409,-0.8041129,6.7999997,6.7999997,1009.0833,100.0,2.866667
2023-11-13,1.2267957,8.021324,-2.9158652,7.6,7.6,1010.3833,100.0,3.1000001,1.5634314,4.2630873,-3.551466,10.8,10.8,1010.1458,100.0,3.1715834,2.6987035,8.496445,-1.9476948,13.1,13.1,1011.5125,100.0,4.0187497,-0.037561398,3.3352242,-4.561872,4.5,4.5,1013.0251,100.0,1.4770833,0.8510887,4.284668,-2.6476676,0.6,0.6,1012.30005,100.0,1.4979167
2023-11-14,6.028318,8.892448,3.0999913,0.2,0.2,1006.0042,100.0,6.35,6.0424695,9.431147,1.538178,2.4999998,2.4999998,1004.77924,100.0,6.0695004,6.9092846,10.3501625,4.4252214,1.5,1.5,1008.8166,100.0,5.870833,6.808038,9.113216,3.7718048,3.1,3.1,1007.82916,100.0,5.554167,5.348887,8.046836,2.4978156,8.0,8.0,1006.22076,100.0,6.0062504
2023-11-15,4.517288,6.90425,2.640109,12.0,12.0,1010.4084,100.0,5.741667,6.3187747,8.222506,5.4225903,14.400002,14.400002,1009.75415,100.0,6.882,4.2742906,5.411352,2.8156605,12.5,12.5,1012.6543,100.0,4.6583333,5.3504233,6.9999037,4.2942905,4.0999994,4.0999994,1010.5334,100.0,5.570833,4.918308,7.58595,3.2936711,5.9999995,5.9999995,1008.6584,100.0,6.1625
2023-11-16,3.5867074,6.5633116,1.7169456,0.90000004,0.90000004,1014.9709,100.0,3.810417,4.0492706,6.7251835,1.4029646,0.4,0.4,1014.43335,100.0,4.32575,3.9021358,6.267679,2.1778727,0.5,0.5,1015.90826,100.0,3.4854167,4.1880937,7.7241,-1.0966251,0.70000005,0.70000005,1015.86255,100.0,4.054167,3.6534026,5.3642054,0.9125624,2.5,2.5,1015.675,100.0,4.535417
2023-11-17,0.50142133,3.9076138,-1.2412448,0.1,0.1,1015.325,100.0,1.283333,1.2169496,4.116295,-1.5788791,0.4,0.4,1015.5083,100.0,2.4549167,0.25116238,3.8574848,-3.202537,5.4,5.4,1015.02075,100.0,1.1208333,1.7621204,4.521,-1.1029589,2.0,2.0,1012.5417,100.0,2.23125,1.200153,3.5963392,-1.1321871,3.0,3.0,1012.10004,100.0,2.8729165
2023-11-18,0.38205156,2.980824,-1.5682197,0.70000005,0.70000005,1024.6127,100.0,0.42083335,1.1376528,3.9987879,-1.0437484,0.1,0.1,1024.5125,100.0,1.6028333,-2.3610876,1.3934288,-4.0992785,0.0,0.0,1025.7125,100.0,-1.8604168,-1.3838469,0.811955,-4.884585,0.0,0.0,1023.4167,100.0,-1.025,-1.3229524,0.076862335,-2.9500082,1.2,1.2,1022.5168,100.0,0.3729167
2023-11-19,2.8471124,7.904627,-1.3595283,6.5000005,6.5000005,1013.9624,100.0,4.5125,3.121147,9.10898,-0.309546,7.3999996,7.2999997,1013.2791,100.0,4.659083,3.0998774,8.475477,-1.7226641,5.8,5.6000004,1015.7375,100.0,3.8583333,-1.1798776,1.0761743,-3.789901,2.7999997,1.3000001,1017.4543,100.0,0.9791667,-2.4154837,-0.52578044,-6.0299597,1.8,0.7,1016.59155,100.0,-0.30416662
2023-11-20,5.074857,6.981575,2.8637028,5.6000004,5.6000004,1010.18335,100.0,6.1791663,6.183047,9.198778,1.4633236,5.6,5.6,1009.29156,100.0,6.7695003,4.7829857,7.1775026,1.6854706,0.1,0.1,1012.58325,100.0,4.3729167,4.459763,7.8161163,0.43281698,1.2,1.2,1011.24164,100.0,4.7125,2.9101598,6.1066904,-0.39858365,9.9,9.9,1009.77484,100.0,5.475
2023-11-21,3.2721682,6.795101,-1.4924884,1.0,1.0,1013.321,100.0,4.3187504,2.5558984,6.645548,-2.2266254,1.1,1.1,1013.60834,100.0,4.3299165,2.8957691,5.1183844,-0.16492033,1.3000001,1.3000001,1013.50836,100.0,3.3000002,3.3328521,6.997324,0.705626,0.2,0.2,1012.50433,100.0,3.8208332,3.795118,6.8252735,0.68712807,3.9,3.9,1011.81256,100.0,5.3125
2023-11-22,-3.4403343,-1.7142224,-4.8044786,0.0,0.0,1026.4874,100.0,-2.8083332,-3.5947933,-2.3296437,-5.0229435,0.2,0.0,1027.0209,100.0,-2.1450837,-2.9643986,-0.115707874,-4.042836,0.3,0.3,1025.8417,100.0,-1.7041665,-1.4802545,1.874629,-4.9310913,0.3,0.3,1024.2083,100.0,-1.2229167,-4.430034,-0.7023735,-5.558479,1.1,0.90000004,1025.2749,100.0,-3.05
2023-11-23,-2.7733448,-0.12585449,-5.6269927,0.0,0.0,1020.05426,100.0,-0.96041656,0.61392164,5.2498198,-3.7812698,0.1,0.1,1018.42084,100.0,1.2653333,-1.3652908,1.5276461,-3.873548,0.0,0.0,1022.94165,100.0,-1.6625,-0.915809,2.5613446,-7.026908,0.0,0.0,1021.13763,100.0,-1.2979167,-3.5984237,0.18035793,-6.809863,0.0,0.0,1018.6084,100.0,-1.8541665
2023-11-24,-0.6946518,3.1428032,-3.7983947,6.899999,5.9999995,1002.74164,100.0,1.0729169,0.38108742,5.0292263,-2.6443691,8.6,8.2,1001.8958,100.0,1.9444999,-0.77985543,2.246687,-4.3948264,7.0,6.0999994,1004.9373,100.0,0.8812499,0.6130591,3.7586622,-3.3497486,4.5,4.2,1002.1667,100.0,1.0458332,-0.18621515,3.5196543,-4.413622,4.8999996,4.8999996,999.85846,100.0,1.2062501
2023-11-25,-4.0467086,-1.9172728,-5.988288,6.1999993,0.1,1003.55835,100.0,-2.5104167,-2.9604003,-0.15210772,-5.7362347,5.3999996,0.0,1003.375,100.0,-1.0284166,-5.206804,-3.7575665,-6.801656,4.0,0.0,1004.84576,100.0,-3.7604163,-3.6576622,-2.6423972,-5.026841,1.8000001,0.0,1002.3166,100.0,-3.5708332,-4.311144,-3.0174017,-6.172739,2.3999996,0.1,1001.11237,100.0,-2.8291664
2023-11-26,-4.872243,-2.817834,-6.6866574,2.2,0.0,1012.5708,100.0,-3.2854168,-3.8310158,-1.3934648,-5.5884557,1.4000001,0.0,1012.42487,100.0,-2.193,-5.973551,-3.7286162,-7.8737965,1.7,0.0,1013.3958,100.0,-4.2604165,-5.287082,-2.4771,-6.6826916,0.0,0.0,1011.1458,100.0,-4.5291667,-6.3718452,-4.5310626,-8.890457,1.3000001,0.0,1010.10834,100.0,-5.3895836
2023-11-27,-1.5092092,1.0731144,-2.788373,5.6,4.2999997,1007.30835,100.0,0.62916666,-0.72984314,0.3278265,-1.9065557,7.8,1.6999999,1006.97076,100.0,1.3611665,-2.2646701,-0.53115106,-3.9051142,3.5000002,0.4,1008.5083,100.0,-1.0583333,-1.8589739,1.2841845,-6.65374,1.7000002,1.3000002,1008.75824,100.0,-0.4562498,-3.6075985,-0.80369663,-8.271256,0.0,0.0,1008.99585,100.0,-2.6395829
2023-11-28,-3.6570368,-0.7741983,-7.41642,8.1,2.9,996.9541,100.0,-0.6875,-4.0241227,-1.1913321,-7.778241,6.2999983,0.0,997.79987,100.0,-0.95550007,-3.2183511,0.25274324,-7.338552,3.8000002,0.90000004,996.55835,100.0,-0.8041666,-2.1377661,0.35734653,-6.8128242,5.0999994,1.7000002,996.0208,100.0,0.056250054,-4.351195,-1.9982953,-8.0995655,7.999998,0.1,996.6626,100.0,-1.4895834
2023-11-29,-5.890475,-4.645385,-7.666154,1.0,0.0,1007.33344,100.0,-4.44375,-5.890598,-3.5905316,-8.125143,0.3,0.0,1006.62494,100.0,-3.3867495,-6.536608,-4.554388,-8.379742,0.6,0.0,1008.7083,100.0,-5.8187504,-7.4106727,-4.0394993,-9.821771,0.4,0.0,1008.97516,100.0,-6.4354167,-8.00855,-6.533542,-9.204134,0.2,0.0,1008.48334,100.0,-5.6083336
2023-11-30,-3.8631487,0.10094643,-6.25605,0.5,0.0,1004.6416,100.0,-2.439583,-4.2186656,-1.9636464,-8.421105,0.5,0.0,1004.7209,100.0,-1.8284168,-5.2778096,-1.3770578,-7.890602,2.1000001,0.0,1005.0125,100.0,-5.21875,-5.0141788,-3.1906555,-7.3030796,0.9000001,0.0,1006.6875,100.0,-3.4729168,-4.651638,-1.8333402,-7.1372595,0.5,0.0,1006.2668,100.0,-3.7937505
2023-12-01,-4.9034305,-4.0873876,-5.8386097,7.9,0.0,1004.69165,100.0,-2.5375,-5.556177,-3.1844454,-9.252154,3.1000004,0.0,1005.1335,100.0,-3.007583,-3.8126726,-2.3436484,-5.5158253,15.6,0.0,1003.4666,100.0,-1.3354167,-3.2578113,-1.4754231,-4.7981286,9.499999,0.0,1004.0081,100.0,-1.4229169,-4.3519664,-3.1236806,-5.844626,5.4000006,0.0,1004.7668,100.0,-1.7395834
2023-12-02,-7.6537576,-5.284292,-10.704461,11.299999,0.0,1008.30005,100.0,-4.0187497,-7.7393126,-5.7705708,-8.878793,3.8,0.0,1009.14166,100.0,-4.1513333,-7.307335,-4.1858497,-9.270535,23.900005,0.0,1007.19147,100.0,-3.9187498,-6.3030705,-3.848436,-9.57944,12.599999,0.0,1004.1082,100.0,-3.3104162,-8.007806,-5.807617,-10.176064,19.9,0.20000002,1004.76654,100.0,-3.2104168
2023-12-03,-9.880692,-7.718463,-12.056437,0.3,0.0,1022.54987,100.0,-6.585417,-6.478443,-4.1933136,-10.884859,0.7,0.0,1021.72076,100.0,-4.2867503,-11.5658865,-7.51729,-18.766613,0.3,0.0,1024.2042,100.0,-9.447917,-9.543198,-6.048796,-12.712524,0.0,0.0,1022.05414,100.0,-7.3041673,-9.589008,-7.455843,-14.468716,5.4,0.0,1020.43335,100.0,-6.3187504
2023-12-04,-11.693474,-8.081522,-15.660576,0.0,0.0,1021.1292,100.0,-8.54375,-9.249047,-6.233959,-11.740319,0.0,0.0,1021.1584,100.0,-6.3575835,-13.300418,-8.312227,-19.415306,0.0,0.0,1020.88745,100.0,-10.420834,-10.64098,-6.8522406,-16.370872,0.0,0.0,1022.89166,100.0,-7.8666673,-10.179573,-6.063099,-14.388241,0.4,0.0,1023.3291,100.0,-8.193749
2023-12-05,-9.128356,-5.455077,-14.079249,0.2,0.0,1013.25836,100.0,-6.5375,-7.1912427,-5.971884,-9.427727,0.5,0.0,1013.2874,100.0,-4.3784175,-8.391103,-0.029876709,-18.718903,0.1,0.0,1012.83344,100.0,-6.464583,-6.3027554,-4.518865,-8.7704,0.0,0.0,1015.52075,100.0,-3.89375,-10.871941,-7.224633,-13.923479,0.0,0.0,1015.7166,100.0,-8.522918
2023-12-06,-4.1165986,-1.6128411,-10.106632,0.9,0.5,1014.21674,100.0,-1.808333,-4.0632186,-2.0981805,-7.895456,0.2,0.0,1014.51666,100.0,-1.8075832,-2.9021463,-0.4053197,-5.6364546,0.3,0.3,1014.47504,100.0,-1.3937502,-4.674786,-3.1620972,-6.6727962,3.3999999,0.0,1015.94165,100.0,-2.4479163,-6.0509706,-3.9989734,-8.955902,2.8999994,0.0,1015.6875,100.0,-3.1291666
2023-12-07,-2.850608,-1.8158073,-4.253887,1.1,0.30000004,1020.94586,100.0,-0.58125,-1.618431,0.03003931,-4.906945,0.6,0.3,1020.83746,100.0,0.25908327,-4.3879685,-1.87853,-13.407072,0.3,0.0,1021.62506,100.0,-2.3874998,-3.1813724,-2.1266792,-4.558808,0.0,0.0,1020.0708,100.0,-1.0770833,-5.956633,-4.543125,-7.5854297,1.8000002,0.0,1020.6084,100.0,-3.4645834
2023-12-08,-5.7422657,-2.3575416,-9.753243,0.70000005,0.0,1017.32916,100.0,-3.3020837,-5.011679,-3.1776147,-7.1769943,1.4,0.0,1017.3582,100.0,-1.9325833,-8.40627,-4.5106773,-13.632704,0.1,0.0,1017.4917,100.0,-5.066667,-5.645944,-3.6933198,-8.402977,0.0,0.0,1019.51245,100.0,-2.4687498,-8.799943,-4.2875137,-13.4766445,0.0,0.0,1020.24164,100.0,-5.766667
2023-12-09,-2.5207846,-0.76356936,-3.777811,2.2999997,0.1,1014.5959,100.0,0.029166648,-2.134201,-0.8108735,-3.6085408,1.6000001,0.70000005,1014.52094,100.0,0.45075,-2.8234403,0.0636425,-5.720813,2.5,2.1000001,1015.31665,100.0,-0.66875,-4.6427264,-4.112642,-5.6734796,3.2,0.10000001,1018.304,100.0,-1.0604166,-5.7426147,-4.78189,-7.0808363,0.5,0.0,1017.75,100.0,-2.31875
2023-12-10,-0.64671373,1.5187321,-3.6311495,2.6,1.6,1008.02924,100.0,1.8395833,-0.8553534,1.3841739,-3.0867023,8.700001,0.3,1007.27094,100.0,1.5486665,-0.99775666,1.284306,-6.4489574,2.7999995,2.5999997,1010.21246,100.0,0.36875,-3.8528852,-0.8447137,-7.516544,4.4,0.0,1011.53326,100.0,-0.8062499,-4.391235,-2.752323,-5.493965,1.7,0.4,1010.6125,100.0,-0.8999998
2023-12-11,2.4172804,5.7068243,-0.25707746,4.899999,4.899999,1004.51263,100.0,4.2166667,1.7156414,3.8392277,0.094096184,2.0,1.8000001,1003.3459,100.0,3.5278337,1.1367112,3.5157943,-2.0006323,0.6,0.6,1007.64166,100.0,2.1854167,-2.8898628,0.27435207,-8.459758,6.8,5.5,1008.7,100.0,-0.22500008,-2.0528915,-0.72659016,-4.038379,3.4,3.4,1007.0584,100.0,1.0270833
2023-12-12,2.9568052,5.2755365,1.6443367,3.4999998,3.4999998,1008.5334,100.0,3.872917,2.9670346,5.906064,0.13750887,0.90000004,0.90000004,1008.08325,100.0,3.954917,1.9644928,4.885997,-0.81946564,2.1999998,2.1999998,1010.0293,100.0,2.9937503,-0.38194266,6.0084305,-4.0666027,0.1,0.1,1010.0625,100.0,1.5333332,-0.6388285,3.4486823,-4.7809277,1.2,1.2,1009.25,100.0,1.9354167
2023-12-13,3.2946913,7.389762,-0.7454071,3.1,3.1,1001.429,100.0,4.589583,2.380325,5.4636,0.10226679,2.1999998,2.1999998,1001.696,100.0,3.9882498,2.2187304,5.5050554,-2.032853,2.5,2.5,1002.2251,100.0,3.5979166,1.3915768,3.225441,-0.04879093,3.2999997,3.2999997,1003.07916,100.0,3.310417,1.6849861,3.5249777,-0.74432874,2.5999997,2.5999997,1002.8042,100.0,2.9250002
2023-12-14,1.834849,3.982339,-0.7454071,3.6999996,3.6999996,1012.2876,100.0,3.6416667,1.2183611,4.13797,-2.3750186,0.1,0.1,1012.43756,100.0,2.72575,0.5877041,2.192052,-1.220088,4.2000003,4.2000003,1012.3875,100.0,2.6541667,1.2696419,4.507448,-0.96580696,0.0,0.0,1010.95416,100.0,3.0354166,1.7766224,2.4134521,-0.48490953,0.70000005,0.70000005,1010.5081,100.0,3.5625
2023-12-15,-0.10726837,0.986588,-1.3620672,0.6,0.6,1031.5873,100.0,0.8395836,0.6432772,2.1555548,-2.3071861,1.0,1.0,1031.5459,100.0,1.7986665,-1.3862313,0.5372529,-2.6875966,1.9000002,1.9000002,1032.2208,100.0,0.23333335,-1.4518853,0.7880931,-5.762187,0.1,0.1,1030.675,100.0,-0.18125002,-2.4711773,-0.6038685,-5.672306,0.3,0.3,1030.4584,100.0,-0.5854166
2023-12-16,0.4935756,3.2212024,-1.793021,0.2,0.2,1039.2167,100.0,1.5833334,1.368884,3.8763227,-2.0385609,0.4,0.4,1038.7167,100.0,2.4236667,-1.3135346,1.6401505,-4.445155,0.0,0.0,1040.925,100.0,-0.21458332,-1.4292898,3.3663054,-5.1898527,0.0,0.0,1039.3958,100.0,0.0041666925,-2.4015887,0.70075655,-5.8231664,0.1,0.1,1038.2626,100.0,0.16458331
2023-12-17,-0.25662842,4.049863,-2.4931273,0.0,0.0,1037.5708,100.0,1.2041665,-0.65718776,3.4045548,-3.9700117,0.0,0.0,1036.9209,100.0,1.5049167,-2.3539557,6.4692,-5.9624557,0.0,0.0,1039.0958,100.0,-0.5520833,-1.2587885,4.965702,-6.1214128,0.0,0.0,1038.3082,99.0,0.35624993,-1.5572333,1.8487101,-3.55031,0.0,0.0,1036.2501,100.0,1.4666666
2023-12-18,0.13215725,4.783395,-1.8776023,0.0,0.0,1032.4375,100.0,-0.08333335,-0.47260323,3.8268185,-3.7805135,0.0,0.0,1031.6127,81.0,0.48199996,-1.2766958,7.460864,-5.612266,0.0,0.0,1033.475,12.0,-1.1645834,-2.0816367,1.0023313,-5.7784953,0.0,0.0,1033.6167,100.0,-0.6895833,-1.0502805,2.6754055,-2.8984203,0.0,0.0,1031.4459,93.0,1.1041667
2023-12-19,-0.1239602,3.0984478,-1.40559,0.4,0.4,1022.7498,100.0,-1.3083334,-0.55953616,2.3155465,-4.130296,1.3000001,1.3000001,1021.9375,100.0,-0.27216658,-0.50663704,6.1633205,-4.480957,0.0,0.0,1024.3707,100.0,-2.3354166,-2.8262682,1.3688011,-7.9802446,0.0,0.0,1024.8707,100.0,-2.5541666,-0.53930616,2.7174554,-2.7793572,0.0,0.0,1022.43756,100.0,-0.86249995
2023-12-20,-0.79956836,1.1241126,-2.0863962,6.5999994,6.5999994,1013.2251,100.0,1.5145832,0.89051217,2.5691862,-0.59077,3.6000001,3.6000001,1012.2249,100.0,2.4424167,-0.1031547,1.1036997,-2.4226997,1.6,1.6,1015.6291,100.0,0.012500003,-1.7435923,2.024362,-7.9346266,2.9,2.9,1014.06665,100.0,-0.44583333,-1.8551215,-0.12816143,-3.2457075,6.2,6.2,1012.0708,100.0,0.49375
2023-12-21,-0.4638947,2.2824821,-2.6095757,12.6,12.4,998.9082,100.0,3.2562501,1.8575929,3.6871471,-0.05622959,13.400001,12.8,997.0791,100.0,4.2695003,-0.424112,1.5858426,-2.7317636,6.7,6.7,1003.3958,100.0,1.2729167,0.3026906,2.209958,-2.1048374,14.700001,14.300001,1002.1291,100.0,2.0208333,-1.9713217,0.5859747,-4.159526,8.599999,7.9999995,999.7917,100.0,1.9979167
2023-12-22,-2.3306768,-0.2738459,-3.703341,4.0,3.6999998,994.5,100.0,-0.5083332,-1.3343692,0.6097288,-2.6828258,15.7,4.6000004,993.6584,100.0,0.7153333,-2.496816,-0.71275544,-3.8145444,7.9,4.3,997.625,100.0,-0.041666698,-1.7057823,1.2151461,-3.342134,3.4,3.0,994.34174,100.0,-0.54791665,-2.4959054,1.7160726,-4.182216,2.1999998,1.0,991.1875,100.0,-1.1333333
2023-12-23,-2.715162,-0.19065666,-4.6277227,21.299997,11.9,1002.4124,100.0,0.36249995,-1.305679,0.9192128,-3.922514,21.400002,5.7999997,1001.8376,100.0,0.6465833,-1.779581,0.61728954,-4.1261826,14.8,12.6,1003.77905,100.0,2.1416667,-3.1162856,-1.5313213,-5.5916824,25.5,4.4999995,1001.8084,100.0,-0.85625005,-3.806977,-2.3647103,-6.229382,7.1,0.70000005,999.18744,100.0,-2.141667
2023-12-24,2.232503,3.782299,0.014377594,6.0000005,6.0000005,1006.0376,100.0,5.235417,3.3397353,6.016632,0.25481176,12.700002,12.700002,1004.8083,100.0,4.7424164,2.1333609,4.337742,0.129807,3.7000003,3.7000003,1009.825,100.0,3.9250002,1.1073337,4.3698606,-3.422596,6.399999,6.399999,1007.4666,100.0,2.45625,-1.3634124,0.82336664,-3.1603456,7.3999996,3.6000001,1005.66656,100.0,1.875
2023-12-25,4.347512,5.814967,3.136911,0.4,0.4,1007.95,100.0,6.0062504,7.0799427,9.119765,5.951277,0.5,0.5,1006.1792,100.0,7.2945,5.2978306,6.133341,4.4502897,0.3,0.3,1011.4375,100.0,5.0145836,6.45896,8.122297,4.4434576,0.5,0.5,1009.1458,100.0,6.114584,4.4308047,6.766097,1.0295334,1.6,1.6,1006.4832,100.0,5.914583
2023-12-26,4.0564294,5.2192106,2.5108852,0.2,0.2,1012.9709,100.0,5.2291665,5.7169995,7.545003,2.7503414,0.2,0.2,1011.6792,100.0,6.0570006,3.6571198,5.7143803,1.4704475,0.0,0.0,1015.9959,100.0,3.3895833,5.113794,6.913767,2.2721071,0.1,0.1,1014.1624,100.0,4.7166667,4.212456,5.5511217,2.2411623,0.1,0.1,1011.92487,100.0,5.1770835
2023-12-27,1.5118486,4.5703754,-0.9934082,0.0,0.0,1022.60425,100.0,2.3729167,2.0998232,3.7559109,-0.5091667,0.4,0.4,1022.304,100.0,2.8153334,1.0461905,6.557992,-3.9279003,0.0,0.0,1023.47095,100.0,1.7104164,1.2257799,5.5678253,-1.5290017,0.0,0.0,1023.8457,100.0,1.7041668,0.52684647,3.9028263,-1.9883246,0.0,0.0,1022.97076,100.0,0.61458343
2023-12-28,1.4752458,4.697445,-1.947485,8.0,8.0,1018.0208,100.0,1.6124998,1.0419623,6.7998075,-3.510434,0.0,0.0,1017.27496,100.0,2.5090833,2.3196971,7.050685,-1.7565675,0.0,0.0,1019.4917,100.0,-0.6020834,0.23440804,2.339581,-2.4650683,0.2,0.2,1021.60004,100.0,2.2270832,0.44852963,2.3371825,-1.9886565,8.700001,8.700001,1019.2625,100.0,2.2958333
2023-12-29,4.1026454,6.1224184,2.7318244,0.0,0.0,1014.62915,100.0,4.616667,4.540166,7.269745,2.5863485,0.1,0.1,1013.27496,100.0,5.467417,3.7341394,6.679302,1.9752274,0.0,0.0,1017.49176,100.0,3.133333,1.7863005,8.640356,-3.68336,0.0,0.0,1017.30426,100.0,2.5041668,1.982613,4.0755424,0.08899355,2.8,2.8,1015.7041,100.0,2.8937502
2023-12-30,3.364702,4.9445114,0.8128581,0.3,0.3,1014.91656,100.0,3.6000001,4.028048,6.4008713,-0.71983576,0.4,0.4,1013.87915,100.0,4.2674165,2.7564564,5.2393646,-2.0095005,0.0,0.0,1017.37085,100.0,2.8979166,1.705687,7.183074,-2.910328,0.1,0.1,1016.60406,100.0,2.0833333,2.532935,5.295784,0.59490776,0.0,0.0,1015.375,100.0,3.2062502
2023-12-31,0.65138704,5.414585,-3.422215,0.1,0.1,1011.60004,100.0,2.1645834,0.72506446,2.5434618,-1.7074406,0.1,0.1,1011.64996,100.0,2.5570002,-1.3912363,2.2484555,-4.819826,0.3,0.3,1012.05414,100.0,0.3708333,-0.39975762,3.4905133,-4.8341293,0.2,0.2,1013.4917,100.0,1.6145834,1.297279,6.213043,-4.6594443,0.0,0.0,1013.32074,100.0,2.3666668
2024-01-01,0.67692155,1.8086495,-0.9018018,1.8,1.8,1009.97076,100.0,1.7416668,1.1102499,3.7135916,-1.8644488,1.1,1.0,1009.1042,100.0,2.7153332,-0.16764264,1.8418112,-1.9793804,2.1999998,2.1999998,1012.14996,100.0,0.5395834,-0.026839128,3.05617,-4.5684896,5.3999996,5.3999996,1010.96246,100.0,1.2208334,0.9998402,3.7672653,-2.8325531,9.400001,9.400001,1009.47076,100.0,3.145833
2024-01-02,0.36853847,2.932043,-2.0305276,12.799999,12.799999,1005.6541,100.0,2.7979167,0.6846199,4.447565,-2.816864,15.8,12.3,1004.62085,100.0,3.1694996,0.20513596,2.7629337,-2.5276155,6.1000004,6.1000004,1008.29584,100.0,0.83958334,-1.6109864,1.2072682,-5.375014,6.8,6.8,1009.39594,100.0,0.39375004,-1.4085182,0.774631,-3.28395,2.4,2.4,1008.3792,100.0,1.1416668
2024-01-03,3.7071807,5.503929,2.7356534,2.9,2.9,996.82495,100.0,4.870834,5.1059957,6.0849714,4.2802715,5.1999993,5.1999993,995.3667,100.0,5.9111667,3.950444,5.750746,2.263568,4.1,4.1,1000.304,100.0,3.7124999,4.0190463,7.718628,0.61247826,4.7999997,4.7999997,999.92926,100.0,4.0833335,2.338681,5.997156,-0.05962038,10.000001,10.000001,998.27075,100.0,4.6000004
2024-01-04,2.07284,3.358026,0.9063387,13.900001,13.700001,1000.3208,100.0,4.0750003,3.4985445,4.573186,0.8488555,4.2,4.0,999.45,100.0,4.4195,1.2829046,2.5884924,0.0913949,17.0,14.500001,1003.47906,100.0,2.5666668,3.1785023,4.983206,2.0159612,4.5,4.5,1001.425,100.0,3.23125,1.8617926,3.5435944,0.09964037,8.300001,8.300001,999.3833,100.0,3.8895833
2024-01-05,1.3096873,5.0724506,-0.5699544,0.6,0.6,1006.67505,100.0,2.8895836,0.9686591,3.9820843,-2.0545483,0.70000005,0.70000005,1006.7334,100.0,2.871583,0.071184695,4.554777,-2.8162322,0.0,0.0,1007.34174,100.0,1.0749999,0.0018640856,3.5630722,-3.3499024,0.0,0.0,1008.45,100.0,1.19375,1.0323299,5.0339327,-1.5708625,0.0,0.0,1008.5041,100.0,1.4958334
2024-01-06,0.72332126,2.243125,-2.383534,4.499999,4.499999,1007.9666,100.0,2.7395837,0.25371262,3.5093179,-4.7317433,0.0,0.0,1008.5125,100.0,2.4861665,0.46945134,1.7693343,-0.6940675,7.7999997,7.7999997,1007.2625,100.0,2.397917,1.2722505,3.8984928,-1.7571864,9.2,9.2,1006.51263,100.0,3.1708333,0.3243294,2.7658033,-3.9713845,11.700001,9.900001,1007.4209,100.0,2.6104167
2024-01-07,-8.353417,-3.2934856,-12.117806,3.1000001,0.1,1016.95844,100.0,-6.045833,-8.961149,-5.424246,-10.945208,0.1,0.0,1018.20844,100.0,-5.8784165,-7.012446,-1.0590591,-11.63628,11.6,1.1999999,1014.75006,100.0,-4.083333,-6.93738,-2.3230233,-11.150919,5.799999,1.0,1011.8833,100.0,-5.19375,-10.346766,-4.492906,-12.992508,8.400001,0.0,1014.24164,100.0,-5.8333335
2024-01-08,-12.128669,-10.27869,-14.039927,0.0,0.0,1028.1708,100.0,-12.614583,-12.460544,-10.281787,-14.193717,0.0,0.0,1029.1376,100.0,-11.7179985,-11.911381,-10.671164,-14.40504,0.9000001,0.0,1026.6,100.0,-10.264584,-11.598789,-9.855912,-13.194489,1.0,0.0,1024.0583,100.0,-12.7,-14.868844,-12.393107,-16.566038,0.8000001,0.0,1027.0626,100.0,-12.852084
2024-01-09,-12.225923,-8.652834,-14.241495,0.0,0.0,1034.9418,0.0,-14.2229185,-11.198438,-4.9956036,-14.671538,0.0,0.0,1035.2499,0.0,-13.315917,-14.177144,-9.777843,-17.762299,0.0,0.0,1033.8082,8.0,-13.241666,-12.288873,-8.400985,-14.065848,0.0,0.0,1033.6332,8.0,-16.33125,-17.557695,-14.974947,-19.41669,0.0,0.0,1037.2,99.0,-15.4020815
2024-01-10,-10.981055,-5.475024,-14.316877,0.0,0.0,1033.0917,0.0,-12.564583,-7.518952,-4.0179076,-11.108867,0.0,0.0,1033.3876,0.0,-11.736748,-11.314521,-6.3801866,-14.095271,0.0,0.0,1031.8457,30.0,-10.102084,-10.722282,-4.1959915,-14.84647,0.0,0.0,1034.1125,1.0,-13.55,-15.274974,-9.265363,-20.794886,0.0,0.0,1034.8585,100.0,-14.274999
2024-01-11,-8.77743,-2.7558975,-13.149584,0.0,0.0,1030.5708,100.0,-8.3875,-6.224308,-0.7320163,-10.570962,0.0,0.0,1030.3999,100.0,-8.099248,-10.257799,-7.4165745,-12.520184,0.0,0.0,1030.9417,100.0,-8.2875,-8.3994665,-1.3811047,-13.3963175,0.0,0.0,1028.6376,100.0,-9.925,-10.309318,-4.8000765,-14.593908,0.70000005,0.0,1028.2876,100.0,-8.877084
2024-01-12,-5.5006256,-3.366101,-7.2406735,0.0,0.0,1030.0375,100.0,-4.1833334,-3.8073692,-2.1406906,-5.363346,0.0,0.0,1029.8833,100.0,-2.4013336,-7.697697,-4.8025846,-12.940235,0.0,0.0,1030.6875,100.0,-5.745833,-5.8363194,-3.4942396,-7.6269894,0.0,0.0,1028.1875,100.0,-5.322917,-7.707148,-4.6559544,-11.815903,0.70000005,0.0,1027.4542,100.0,-4.3166666
2024-01-13,-5.9637485,-5.1438384,-7.0866976,0.0,0.0,1021.6541,100.0,-4.160416,-3.2719364,-2.3547385,-3.98634,0.1,0.1,1020.67505,100.0,-1.9013335,-9.950446,-5.884422,-14.130606,0.0,0.0,1024.2499,100.0,-8.068749,-5.6670456,-4.3875985,-7.532275,0.0,0.0,1021.5168,100.0,-5.1791663,-6.76755,-4.5155506,-9.173165,0.0,0.0,1019.55,100.0,-3.9250002
2024-01-14,-5.9381194,-3.3606985,-7.196995,0.4,0.0,1008.9251,100.0,-3.8791668,-3.1959314,-1.8541219,-5.152669,1.3000002,0.1,1007.7834,100.0,-1.4075834,-8.574426,-4.8208604,-13.240374,0.0,0.0,1012.1501,100.0,-6.5687504,-4.9598207,-3.014357,-7.183067,0.0,0.0,1009.90826,100.0,-4.525,-6.4240994,-4.7885227,-8.620108,1.2,0.0,1007.2292,100.0,-2.9833336
2024-01-15,-7.3739815,-5.9029903,-8.578815,0.2,0.0,1000.34174,100.0,-5.862501,-4.7250447,-3.4707744,-5.80463,2.0000002,0.0,998.8459,100.0,-3.8471668,-8.295949,-6.192926,-13.5623045,0.8000001,0.0,1003.3208,100.0,-6.475,-6.4047456,-3.6517448,-8.465666,0.1,0.0,1001.64575,100.0,-6.202083,-7.714618,-4.786183,-10.162893,0.0,0.0,999.45,100.0,-4.666667
2024-01-16,-6.421953,-4.3005433,-7.7285523,1.2,0.0,1008.3667,100.0,-6.083332,-5.741581,-3.6238222,-10.40713,1.2,0.0,1007.39166,100.0,-4.909666,-8.176066,-5.5523014,-11.453798,0.0,0.0,1010.7083,100.0,-6.7520833,-5.9051385,-3.2085574,-7.621416,0.2,0.0,1008.93756,100.0,-6.8500004,-6.868995,-4.696402,-8.3328,2.4,0.0,1007.4959,100.0,-5.214584
2024-01-17,-5.7765183,-1.1620438,-9.03754,1.4000001,0.2,1000.08344,100.0,-5.504166,-7.481958,-2.4871795,-11.298895,4.6,1.1,1000.2542,100.0,-5.2096667,-7.6458106,-0.10848999,-15.242634,1.0,0.6,1000.76666,100.0,-6.285416,-6.232823,-3.7082362,-9.383702,0.3,0.1,1003.64996,100.0,-4.304167,-5.24171,-1.740447,-11.6865835,1.4000001,0.40000004,1003.0542,100.0,-4.379166
2024-01-18,-3.7298107,1.616138,-7.2753677,3.4,1.6,994.52924,100.0,-0.7541668,-4.052382,-0.70351005,-6.3338814,5.1999993,2.0,995.3084,100.0,-1.3388333,-0.49122548,4.7809515,-7.296386,2.0,0.8000001,993.9417,100.0,1.0770835,-2.18157,1.0337076,-5.4313517,5.4,5.4,994.3084,100.0,0.44999996,-2.2772706,-0.046860695,-6.5001516,9.1,4.8000007,993.98755,100.0,1.0687501
2024-01-19,-6.9014907,-4.440482,-9.628014,0.1,0.0,1017.5498,100.0,-5.820833,-8.362823,-4.1698785,-13.649323,0.0,0.0,1017.2625,100.0,-5.9200826,-7.616446,-5.4215584,-10.732407,0.0,0.0,1018.4333,100.0,-6.2604165,-6.7127075,-3.9084356,-8.929144,0.0,0.0,1016.06665,100.0,-6.6125007,-7.4966073,-4.1892023,-10.20187,0.6,0.0,1015.45,100.0,-5.3937497
2024-01-20,-8.034535,-4.120308,-10.126446,0.0,0.0,1030.0333,16.0,-6.9979167,-9.737891,-3.6111474,-15.160531,0.0,0.0,1029.4082,62.0,-7.809666,-8.540435,-1.533206,-12.884561,0.0,0.0,1031.5082,18.0,-9.070832,-7.33057,-1.4449205,-10.268231,0.0,0.0,1030.1835,16.0,-8.347917,-8.854373,-5.9699736,-10.83423,0.0,0.0,1028.4125,92.0,-6.90625
2024-01-21,-7.6454506,-1.7634695,-11.54723,0.0,0.0,1031.8165,100.0,-8.733334,-9.621267,-5.506859,-12.972972,0.0,0.0,1031.5167,100.0,-8.26175,-8.346096,0.3747077,-13.862942,0.0,0.0,1032.2665,100.0,-11.135417,-7.2413898,-1.6843438,-10.434569,0.0,0.0,1033.9417,100.0,-7.8895836,-6.57078,-2.3349128,-9.820951,0.0,0.0,1032.8417,100.0,-6.0166664
2024-01-22,-2.1090982,2.6695185,-7.5907025,0.8,0.8,1020.48755,100.0,-4.8666654,-3.4640768,1.7034206,-12.173353,0.4,0.4,1019.2751,100.0,-2.372167,-2.257201,2.2478576,-7.4276366,6.1,6.1,1023.14996,100.0,-7.0145836,-6.3323364,-2.539412,-10.361081,3.7,3.7,1027.2543,100.0,-6.5833325,-6.0089345,-3.9361472,-7.4929094,0.5,0.5,1024.2542,100.0,-7.147917
2024-01-23,-1.0566994,1.3783073,-2.5716107,0.0,0.0,1023.8,100.0,0.91458327,-0.5777611,1.6182218,-3.1760685,0.8,0.5,1022.67505,100.0,0.88616675,-1.2671564,1.1319304,-3.145692,2.6,1.8000001,1026.254,100.0,-0.22708338,-3.323661,1.7271671,-6.203949,1.9,0.8999999,1025.5665,100.0,-1.8020834,-3.8959725,0.3470173,-5.839279,2.1,0.9,1023.84174,100.0,-0.69166666
2024-01-24,2.2871099,6.641013,-1.3301761,2.6,2.6,1019.1792,100.0,3.508333,3.0128262,6.9793024,-0.47440577,2.1999998,2.1999998,1017.7209,100.0,4.2986674,2.4126253,6.9568186,-1.4507782,3.4,3.4,1022.67065,100.0,3.1125002,1.3459916,8.124848,-4.8377514,2.5999997,2.5999997,1021.40826,100.0,2.325,-1.4695421,1.6924057,-5.3022833,6.2,6.2,1019.46674,100.0,1.6125001
2024-01-25,0.29858038,2.2928028,-3.1086264,0.8,0.8,1024.6666,100.0,0.86666673,0.8898322,3.4785938,-2.0285215,0.0,0.0,1023.625,100.0,2.1236668,-0.19127129,1.3883791,-3.4072104,0.0,0.0,1026.5751,100.0,0.04583333,0.59935284,2.6252947,-1.2320018,0.1,0.1,1022.39166,100.0,0.36875,0.11573934,1.6567645,-1.5860114,0.6,0.6,1019.90405,100.0,0.39583328
2024-01-26,-0.28213313,5.2855244,-4.909158,1.9,1.9,1024.8334,100.0,1.7541667,-0.3167731,4.1752806,-4.20474,2.0,2.0,1024.4332,100.0,1.3674165,-0.020729115,4.53541,-5.5997295,2.3,2.3,1026.171,100.0,1.4499999,-0.76385075,2.5017176,-5.0295753,2.0,2.0,1025.1833,100.0,0.2770834,-0.36369324,1.5573435,-1.6438439,5.1000004,5.1000004,1023.62915,100.0,0.63333327
2024-01-27,-2.2291586,0.992157,-4.8496,0.0,0.0,1033.3291,85.0,-1.1624999,-1.0442201,2.0859075,-4.3070908,0.0,0.0,1032.9208,100.0,-0.034666646,-2.972007,-0.61238146,-6.9385033,0.0,0.0,1034.5458,100.0,-2.2458334,-2.38323,-0.82640886,-3.701372,0.0,0.0,1030.7958,100.0,-1.4270835,-1.9166584,0.6528988,-3.066565,1.1,1.1,1028.225,100.0,-0.8645835
2024-01-28,-3.7532902,3.3817005,-7.371846,0.0,0.0,1037.7501,41.0,-2.2604167,-2.0834758,1.8142929,-5.5806856,0.0,0.0,1037.6957,49.0,-1.6450834,-4.0185413,3.7319517,-8.1507225,0.0,0.0,1037.8707,9.0,-4.4791665,-2.689906,4.17264,-6.553203,0.0,0.0,1038.2583,100.0,-1.7854166,-0.8823831,2.1303625,-6.6469307,0.0,0.0,1037.9874,100.0,-0.38749996
2024-01-29,-4.319378,3.2428074,-8.462757,0.0,0.0,1035.6376,100.0,-3.5145833,-3.9586842,0.30921364,-6.6290584,0.0,0.0,1035.8209,100.0,-2.3305004,-4.5207543,2.871427,-7.868973,0.0,0.0,1035.8,37.0,-3.3083336,-3.701168,1.4724159,-7.6880665,0.0,0.0,1038.275,20.0,-2.2854164,-3.4820986,2.2675323,-7.208539,0.0,0.0,1037.4794,36.0,-2.1354167
2024-01-30,-4.305878,1.1746669,-7.5047226,0.0,0.0,1034.9708,100.0,-2.9624999,-4.145138,-1.1924942,-5.970811,0.0,0.0,1035.0208,100.0,-1.7721667,-4.0722804,3.5088735,-7.6075797,0.0,0.0,1034.9541,100.0,-2.7041667,-3.4675906,0.3023758,-5.517049,0.0,0.0,1037.3667,87.0,-1.7562498,-3.1567764,1.0854349,-5.2185254,0.0,0.0,1035.8083,92.0,-2.7250001
2024-01-31,-1.730412,1.6134262,-4.67491,0.70000005,0.70000005,1033.1833,100.0,0.3333333,-1.155361,3.559102,-4.514776,0.3,0.3,1032.9292,100.0,0.30908322,-2.2393272,4.7924643,-6.0078716,0.1,0.1,1033.4707,100.0,-1.0604166,-3.4112377,-0.3735764,-6.3510456,0.5,0.5,1035.2416,100.0,-1.5499998,-3.6809175,-0.5552671,-5.518259,0.8,0.8,1033.6832,100.0,-1.2270832
2024-02-01,0.32355413,4.158375,-3.8196874,1.7,1.7,1026.5292,100.0,2.10625,-0.025861302,4.9226446,-4.382685,1.4000001,1.4000001,1026.0709,100.0,1.482,-0.18982886,3.1912374,-4.2138667,2.2999997,2.2999997,1028.0208,100.0,1.8812499,-1.7540778,3.115121,-6.7391357,0.5,0.5,1027.2667,100.0,0.36458337,-2.0262136,1.7764921,-4.6671357,1.8000001,1.8000001,1025.3499,100.0,1.0958333
2024-02-02,-1.1082627,1.0344467,-2.6672356,0.0,0.0,1028.225,100.0,-0.043749988,0.37642005,2.513997,-2.2953787,0.2,0.2,1027.3666,100.0,1.1653333,-1.1424173,1.5670357,-4.8909082,0.2,0.2,1030.0751,100.0,-0.07916665,-0.609517,2.654099,-3.0664778,0.4,0.4,1028.3,100.0,0.018750018,-0.8759561,2.5830746,-4.9874263,0.0,0.0,1026.4708,100.0,-0.41875002
2024-02-03,2.3961744,3.9732437,0.44016457,0.1,0.1,1023.37506,100.0,3.789583,4.550403,5.9159327,3.2309928,1.0000001,1.0000001,1022.47095,100.0,5.511167,1.8721434,3.7257357,0.4769125,0.3,0.3,1025.779,100.0,2.2875,2.7732832,5.0315914,-2.7212415,0.0,0.0,1022.6667,100.0,3.0749998,2.1804626,4.6354628,-1.0705392,0.1,0.1,1020.12085,100.0,3.3645833
2024-02-04,3.1066964,4.2731314,2.117015,2.5,2.5,1019.51245,100.0,5.2083335,5.638668,7.1259117,4.7522783,7.2000003,7.2000003,1018.29156,100.0,6.2465825,2.7105224,4.3063717,1.6204453,2.1,2.1,1022.67505,100.0,3.825,4.237154,5.8954926,3.1673555,0.5,0.5,1019.4583,100.0,4.5312495,3.6675565,5.7720785,2.6627893,3.9999998,3.9999998,1016.74164,100.0,4.8499994
2024-02-05,3.172371,5.0414276,1.9678788,0.3,0.3,1015.6624,100.0,4.3437495,5.8764825,8.468665,3.3171477,4.2000003,4.2000003,1014.22504,100.0,5.9195004,3.4023325,5.5049314,1.4386873,0.3,0.3,1019.16656,100.0,3.3770835,4.481657,7.287099,2.9290452,2.1,2.1,1015.075,100.0,4.3458333,4.52459,6.8890934,2.3282046,3.3,3.3,1012.08344,100.0,4.9645834
2024-02-06,1.5871029,2.8967438,0.30481052,0.0,0.0,1013.93744,100.0,2.2770834,3.230479,5.5611744,1.7193427,0.0,0.0,1012.28754,100.0,3.6715834,2.239843,3.4851027,1.1153412,0.0,0.0,1016.4041,100.0,0.60625,2.9519193,5.087282,0.0903244,0.0,0.0,1014.55005,100.0,0.8979166,2.3859909,3.2923517,0.96593666,0.0,0.0,1012.35406,100.0,1.3249999
2024-02-07,1.7132511,4.25206,-1.2643218,5.8,5.8,1005.8416,100.0,3.2250004,2.77458,6.2077913,0.18137026,7.4,7.2999997,1004.92926,100.0,3.9278336,2.2322552,4.3496094,0.30365562,0.3,0.3,1008.76666,100.0,2.4354165,3.777753,6.350897,1.0410042,0.8,0.8,1007.33765,100.0,2.65625,1.8027161,4.816266,-0.38324952,3.6999998,3.6999998,1005.13324,100.0,2.6291668
2024-02-08,0.4447731,5.337743,-1.696919,6.6999993,5.9999995,1003.08746,100.0,2.2,0.17800094,1.8448324,-1.4467363,8.8,6.1,1003.23334,100.0,2.132,4.717347,7.120165,2.3346348,3.1999996,3.1999996,1002.8999,100.0,5.304167,2.577818,6.4413567,-1.0071025,4.1,4.1,1003.88336,100.0,3.9208333,0.82164365,4.274413,-1.4951875,3.3000002,3.1000001,1004.0627,100.0,2.5729167
2024-02-09,6.056351,8.78111,4.408396,3.3,3.3,994.91675,100.0,7.045833,5.248426,10.748578,0.9861593,8.2,8.2,994.4001,100.0,6.3674164,5.9157233,9.36431,4.50613,1.4,1.4,996.29596,100.0,5.9666667,5.861359,9.144929,2.5599308,2.7999995,2.7999995,997.5,100.0,6.152083,6.081696,9.519078,3.527316,1.1000001,1.1000001,996.98755,100.0,6.577083
2024-02-10,6.975759,11.686791,3.3434887,2.3,2.3,991.9749,100.0,6.9187493,6.59368,10.688584,3.679881,2.2,2.2,992.3958,100.0,7.084084,5.535707,10.621672,0.5464134,0.3,0.3,991.55414,100.0,5.402083,6.9436917,11.060723,2.9962897,2.1999998,2.1999998,993.71246,100.0,6.4479165,7.6479354,12.074921,4.7035465,4.0,4.0,994.7083,100.0,6.2916665
2024-02-11,4.474467,6.3996,2.6134567,8.1,8.1,990.48334,100.0,6.11875,5.7467194,8.31271,2.0592947,10.800001,10.800001,990.28326,100.0,6.8320003,4.502814,6.901182,1.9908543,3.2,3.2,991.51654,100.0,4.877083,6.0910645,8.151416,3.9673796,6.7,6.7,992.4124,100.0,7.5875,7.269341,9.22405,4.7619343,5.4,5.4,993.10406,100.0,7.462501
2024-02-12,3.2414296,6.878565,0.9489894,2.0,2.0,1002.3833,100.0,4.245833,4.1994915,7.520769,-0.63524294,1.9000001,1.9000001,1001.8835,100.0,4.6507497,2.1984146,5.1656485,0.031182766,0.6,0.6,1004.0042,100.0,2.5770833,3.85989,7.0567236,-0.45843267,0.1,0.1,1002.6958,100.0,3.45625,3.2984731,7.823838,-1.7225938,0.5,0.5,1001.5583,100.0,3.8875
2024-02-13,0.90887237,4.545842,-2.709797,0.3,0.3,1017.9126,100.0,0.68333334,2.0881064,5.7501936,-1.2492669,0.0,0.0,1017.56244,100.0,1.4715834,-0.39739808,3.048243,-3.747251,0.0,0.0,1018.8249,100.0,-0.47500002,0.89111537,3.755086,-3.8811443,0.1,0.1,1017.1751,94.0,1.0541669,0.72701263,3.937602,-2.2691584,0.4,0.4,1016.36237,100.0,0.8125
2024-02-14,1.0602046,6.189597,-3.7654972,0.6,0.6,1022.21674,100.0,1.9187499,1.6940422,7.668519,-2.9731822,0.0,0.0,1021.7249,100.0,2.21325,0.54615587,6.9679365,-5.126503,0.0,0.0,1023.41675,100.0,0.68958336,-0.23931898,5.609625,-6.1820683,0.3,0.3,1023.8835,100.0,0.35208336,-0.42156753,4.0491724,-5.307665,0.0,0.0,1023.2917,100.0,-0.18125002
2024-02-15,6.5273857,12.374104,3.1496058,0.4,0.4,1021.0583,100.0,6.9458337,6.050749,12.4569435,0.34910107,0.4,0.4,1020.79596,100.0,6.8820004,6.3403697,12.479099,1.6757307,0.5,0.5,1021.7249,100.0,5.8312497,4.637466,9.99841,0.11855364,0.8000001,0.8000001,1023.09174,100.0,5.058333,3.9831724,8.575109,0.13227463,0.0,0.0,1022.6667,100.0,4.0895834
2024-02-16,4.9597325,10.846309,-0.70257807,0.5,0.5,1019.36664,100.0,5.18125,5.6870456,8.797585,2.63547,0.0,0.0,1019.45,100.0,6.446583,3.4952326,9.523717,-0.0012521744,0.0,0.0,1019.7874,100.0,4.2562494,3.558137,8.268501,0.2134099,0.0,0.0,1021.98755,97.0,3.5062501,4.7101855,9.577993,0.41692638,0.0,0.0,1021.6042,100.0,3.9270833
2024-02-17,6.805185,9.044189,3.9389381,8.6,8.6,1026.7999,100.0,6.2166667,7.3608527,9.247662,5.181616,5.0,5.0,1026.8875,100.0,6.884084,4.541065,9.147366,0.89070034,4.2999997,4.2999997,1027.1666,100.0,4.9125,3.1880865,10.303829,-1.4067175,2.2,2.2,1027.1293,100.0,3.7250001,3.2367938,6.2413197,0.6479387,6.7999997,6.7999997,1026.2374,100.0,3.6187503
2024-02-18,5.4371257,9.527137,1.8573966,0.0,0.0,1031.3873,100.0,3.3854163,4.4655805,7.9318905,0.11149073,0.1,0.1,1031.3916,100.0,4.4695,3.8664014,9.042132,-0.74068475,0.0,0.0,1031.7375,100.0,2.4729166,2.218251,8.954846,-2.7675982,0.0,0.0,1032.4083,100.0,1.6229166,1.9648265,5.0756874,-2.3752246,0.0,0.0,1032.8792,100.0,0.8979166
2024-02-19,3.4760773,4.3814163,1.984559,2.8,2.8,1022.2708,100.0,4.102083,4.581304,5.7846127,2.4152956,4.8999996,4.8999996,1021.5125,100.0,5.604917,3.369153,4.910845,0.677228,2.0,2.0,1024.2291,100.0,3.0062504,2.4214756,6.9052296,-2.2860484,1.7,1.7,1023.4834,100.0,2.5833333,1.7801328,4.8764744,-1.8309624,1.3,1.3,1022.1333,100.0,1.9625
2024-02-20,3.113382,5.18647,1.239439,1.1,1.1,1024.7374,100.0,3.1333334,3.5771658,4.94256,0.67411375,0.3,0.3,1024.4252,100.0,3.7319994,2.3228528,4.204525,0.99018097,0.70000005,0.70000005,1026.0209,100.0,1.9645834,2.7742856,7.3483744,-3.0510998,0.2,0.2,1024.4791,100.0,2.547917,3.1239393,6.8532515,0.33628464,5.0999994,5.0999994,1023.04584,100.0,4.2041664
2024-02-21,3.9253607,8.068009,2.0757885,0.1,0.1,1020.45844,100.0,2.9208336,4.8179426,9.590912,2.4272523,0.5,0.5,1019.67926,100.0,4.0486674,2.940629,7.8365173,0.1485753,0.2,0.2,1022.19586,100.0,1.2937499,2.2401984,6.36679,-1.8078566,0.4,0.4,1022.4292,100.0,2.5895832,1.2812682,3.832345,-1.8125501,0.70000005,0.70000005,1021.69183,100.0,2.8374999
2024-02-22,4.1767573,6.1568584,2.0654883,5.3,5.3,1002.36664,100.0,4.597917,5.7081285,8.2855835,3.3701115,6.0,6.0,1000.9749,100.0,6.4840837,4.440475,6.5650043,2.5549002,0.6,0.6,1004.6209,100.0,2.0291667,2.648223,5.3137913,-2.2300243,1.3000001,1.3000001,1006.8833,100.0,3.2,3.4522865,5.4489746,0.93008184,0.1,0.1,1006.11255,100.0,1.9083333
2024-02-23,4.013799,5.5247173,2.2748065,1.3,1.3,998.28345,100.0,3.3291671,4.6639237,7.3020744,1.2650967,1.2,1.2,997.48334,100.0,4.217417,3.080796,4.888281,-1.8263516,10.0,9.2,999.42505,100.0,3.0833337,4.0048714,5.6981173,2.3411732,13.500001,13.500001,999.9333,100.0,4.933333,4.5379367,6.224904,2.5670795,8.600001,8.600001,999.9668,100.0,5.43125
2024-02-24,2.5193584,6.866212,-0.83545566,1.3000002,1.3000002,1004.92096,100.0,1.9625,2.7188265,6.5146008,-1.7744961,1.4,1.4,1004.66235,100.0,2.5653331,0.9317946,6.9508743,-2.7347798,2.8,2.1000001,1005.6584,100.0,0.6895833,3.0449169,6.0331154,0.39852905,2.8999999,2.8999999,1006.125,100.0,3.0104163,3.6744807,6.080714,-0.96624637,2.1,2.1,1005.60016,100.0,3.4187498
2024-02-25,0.8643465,6.522398,-3.483465,0.1,0.1,1008.46674,100.0,1.7270833,2.0614614,5.956314,-2.7618752,0.1,0.1,1008.52496,100.0,2.7590835,0.8432469,7.394472,-3.7770813,0.0,0.0,1008.36255,100.0,0.8458333,2.4886365,7.010848,-3.0937061,0.7,0.7,1009.23755,100.0,2.7666667,4.068933,8.668065,-0.363482,0.0,0.0,1009.50415,100.0,2.4062502
2024-02-26,0.0029803615,5.8662167,-5.011142,0.1,0.1,1005.3835,100.0,1.1562501,0.6961706,5.718322,-3.9928095,0.2,0.2,1005.7625,100.0,2.3340833,-0.65365654,6.133091,-6.774719,0.0,0.0,1004.5374,100.0,0.10624993,3.629484,8.088497,0.6158948,0.1,0.1,1005.4292,100.0,3.2270832,5.2424045,10.41736,-0.49804306,0.70000005,0.70000005,1006.6374,100.0,4.4604173
2024-02-27,0.77159995,5.699114,-2.8912501,1.0000001,1.0000001,1013.0916,100.0,2.8333333,2.0616462,4.964657,-1.7802761,0.0,0.0,1013.50433,100.0,3.836167,0.034068506,5.54628,-4.902888,0.0,0.0,1012.38324,100.0,1.4520835,5.7561035,11.39697,-0.50288916,0.70000005,0.70000005,1011.6667,100.0,4.804167,8.468425,15.8013,2.7859306,0.1,0.1,1012.0667,100.0,6.4895835
2024-02-28,2.4025958,4.3866177,0.9097023,0.1,0.1,1020.3999,100.0,3.5520833,2.5024393,5.7860746,-0.9955306,0.3,0.3,1020.7124,100.0,3.6257498,2.5777352,5.188895,0.6649065,0.2,0.2,1020.14154,100.0,3.7166672,7.171574,11.018724,4.11734,0.2,0.2,1018.40826,100.0,6.6437497,7.559517,12.232246,3.7281642,1.9,1.9,1018.45825,100.0,7.1166673
2024-02-29,1.7713212,8.233781,-2.5288913,0.0,0.0,1018.52496,100.0,2.5666666,1.9539343,5.376796,-1.9149885,0.0,0.0,1018.8708,100.0,2.9507504,4.90864,9.428037,2.328157,0.0,0.0,1017.28754,100.0,4.7937493,6.971245,12.005915,3.8631115,0.0,0.0,1018.7043,100.0,6.1104164,6.101124,12.330406,2.8491302,0.3,0.3,1019.66235,100.0,6.2041664
2024-03-01,4.808017,13.041418,-1.4154589,1.8000001,1.8000001,1008.0041,100.0,5.266667,5.695111,9.709064,2.3670597,1.9000001,1.9000001,1008.5166,100.0,6.2382503,5.011805,9.622623,1.3161659,3.2,3.2,1007.51666,100.0,5.7687507,6.952604,9.76449,4.127412,2.9999998,2.9999998,1010.0583,100.0,7.097917,7.118155,14.511255,2.040462,2.6999998,2.6999998,1010.7793,100.0,6.3729167
2024-03-02,6.4380455,10.439974,3.762926,0.0,0.0,1007.92505,100.0,5.879166,6.439747,9.186049,3.8620167,0.70000005,0.70000005,1007.97906,100.0,6.5549164,4.0730453,8.563571,0.07490015,0.0,0.0,1008.13745,100.0,4.702083,6.8807526,9.9243355,4.873146,0.4,0.4,1009.7666,100.0,7.354166,7.0201783,11.783226,1.9350624,0.8000001,0.8000001,1010.16656,100.0,6.685417
2024-03-03,6.404405,10.79736,2.654849,0.0,0.0,1004.96674,100.0,5.3854165,6.944567,9.2725315,4.615285,0.9000001,0.9000001,1005.40845,100.0,6.5507503,4.6643324,10.378795,0.43559504,0.0,0.0,1004.3833,100.0,4.877083,5.899346,10.977261,3.113515,0.4,0.4,1006.8,100.0,5.981251,6.9125752,12.193031,1.0206728,0.0,0.0,1008.3874,100.0,5.0729165
2024-03-04,4.839043,11.544326,-0.2250967,0.0,0.0,1007.60834,100.0,5.0291667,7.10978,13.545483,0.95709324,0.1,0.1,1007.69586,100.0,6.2861667,3.873892,11.959618,-2.5439224,0.0,0.0,1007.0457,100.0,3.2145832,5.777325,12.481241,-0.33850884,0.0,0.0,1007.125,37.0,4.320833,7.5555573,11.991749,2.722898,0.1,0.1,1007.24567,57.0,4.8312497
2024-03-05,3.7056415,5.815193,1.5591564,0.0,0.0,1014.2542,100.0,3.3687499,5.0672073,7.828017,2.6085458,0.3,0.3,1014.53754,100.0,4.6569996,3.6771688,7.121667,-0.10688305,2.3999999,2.3999999,1013.9583,100.0,4.2708335,4.049196,8.021555,1.2423553,0.90000004,0.90000004,1013.33746,100.0,4.395833,4.408614,7.083683,2.877726,1.5,1.5,1013.66675,100.0,4.427084
2024-03-06,1.7316488,5.786108,-2.4573865,0.1,0.1,1021.00415,100.0,1.7479166,1.9788173,5.925063,-0.77342343,0.0,0.0,1021.64996,100.0,2.0424166,2.189618,5.156146,-0.76828,0.1,0.1,1019.8123,100.0,2.3249998,2.3703117,5.6120024,-1.3424845,0.0,0.0,1019.44995,100.0,1.2020832,0.7510111,3.883603,-2.0491385,1.1,1.1,1020.4749,100.0,1.3854165
2024-03-07,-0.25625783,1.7785172,-3.8806129,0.70000005,0.70000005,1023.7708,100.0,-0.52708334,0.413636,2.2944746,-2.1346214,0.1,0.1,1024.4751,100.0,-0.005499989,-0.26006082,2.5860295,-1.9077725,2.6,2.3999999,1022.6541,100.0,-0.2541667,-0.40952578,1.640491,-2.0742211,0.0,0.0,1021.75,100.0,-0.027083382,-1.9625525,-0.36649013,-3.199918,0.1,0.1,1023.10425,100.0,-0.48750004
2024-03-08,-1.044259,3.9704762,-5.362982,0.1,0.1,1019.8167,100.0,-0.79375005,0.0146601,4.815941,-5.4041033,0.0,0.0,1020.04596,100.0,-0.45966688,-1.8293992,1.4479628,-3.89214,0.0,0.0,1018.8708,100.0,-0.8062499,-0.4659959,2.9154615,-3.3451338,0.2,0.2,1020.7292,100.0,-0.23333341,-0.4856075,5.5843573,-5.4765644,0.0,0.0,1021.65826,100.0,-1.1333332
2024-03-09,2.0116413,7.410926,-2.8227031,0.0,0.0,1009.68353,100.0,1.8708333,1.8954321,5.790721,-1.2884355,0.8000001,0.8000001,1010.28345,100.0,2.673667,1.0850612,9.111235,-4.107216,0.0,0.0,1008.67096,100.0,1.6291666,1.0963379,3.652359,-1.3849277,0.3,0.3,1013.4917,100.0,2.8625,1.2499012,6.738578,-4.8177814,0.0,0.0,1015.1333,100.0,0.18125004
2024-03-10,4.8854036,10.530364,0.15537167,0.0,0.0,1001.7,100.0,4.3374996,4.637447,8.89452,-0.9252596,0.1,0.1,1002.4917,100.0,5.2278333,4.5500064,11.472336,-1.0797482,0.0,0.0,1000.5041,100.0,3.6750002,4.8896036,8.198475,1.9719486,0.9000001,0.9000001,1005.1458,100.0,5.6895833,6.489453,10.515202,0.6648035,0.0,0.0,1007.51666,100.0,3.8291667
2024-03-11,6.4760785,10.436781,1.749165,0.0,0.0,1004.03326,100.0,4.635417,7.4977593,11.339611,2.7842736,0.4,0.4,1003.9709,100.0,6.2340827,6.2801433,9.913331,1.7317276,1.6,1.6,1004.53345,100.0,3.8937502,8.186557,10.716112,6.1563635,5.7,5.7,1004.8709,100.0,7.554167,9.70066,13.077869,6.9472437,0.6,0.6,1005.5708,100.0,7.085418
2024-03-12,5.892853,7.9523544,4.224227,1.3000001,1.3000001,1013.2,100.0,3.8958337,6.347868,9.592215,1.6377683,0.3,0.3,1013.2083,100.0,4.4111667,3.2851012,5.0715933,1.5125866,4.8999996,4.8999996,1013.925,100.0,3.76875,4.7674685,6.8825254,3.5161743,22.999998,22.999998,1010.7375,100.0,6.214583,5.694385,8.209196,4.659089,5.2,5.2,1010.37494,100.0,6.9687495
2024-03-13,4.5317483,9.524328,0.41457748,0.1,0.1,1017.8835,100.0,3.1374998,5.13279,10.1465435,0.096254826,0.0,0.0,1017.59595,100.0,3.8778336,2.8918564,7.850397,-2.8511412,0.0,0.0,1018.61237,100.0,1.7270833,6.063656,9.25408,1.5871806,1.6,1.6,1016.87085,100.0,4.2249994,4.9289927,7.5558624,0.76019096,5.1999993,5.1999993,1016.6375,100.0,4.5562496
2024-03-14,6.361044,12.282618,0.59941673,0.0,0.0,1016.92084,100.0,5.3916664,6.9759636,11.452207,3.5119376,0.0,0.0,1016.8083,100.0,6.315333,4.5492787,10.46603,-2.6902385,0.0,0.0,1017.5168,100.0,4.225,5.18757,10.188933,-0.5230322,0.0,0.0,1017.5542,100.0,3.2104168,4.4769506,10.296663,-0.61745214,0.0,0.0,1017.62915,100.0,1.7125001
2024-03-15,8.538242,14.800112,3.4406223,0.90000004,0.90000004,1013.1501,100.0,7.322916,8.328435,15.530226,3.2069564,3.8,3.8,1013.0417,100.0,8.061167,7.5731564,14.539221,1.7491555,0.5,0.5,1014.0332,100.0,6.035416,5.88635,11.708111,-0.103722095,0.0,0.0,1015.3916,100.0,4.44375,5.174812,11.216891,-2.0423143,0.0,0.0,1015.15405,100.0,2.8312502
2024-03-16,7.025631,10.640225,3.0087829,3.7,3.7,1015.99585,100.0,6.714584,6.518158,11.745331,1.8430462,6.9,6.9,1015.67505,100.0,6.5299172,6.9267907,10.618233,4.1978607,4.7999997,4.7999997,1017.2541,100.0,6.047917,8.29654,12.767429,3.8094692,0.8,0.8,1016.1875,100.0,6.222917,7.452713,11.775167,4.3968563,2.0,2.0,1015.2583,100.0,5.9979167
2024-03-17,1.9151696,6.027854,-1.768708,0.1,0.1,1023.7583,100.0,0.4333333,1.6668491,7.066003,-2.8659644,0.0,0.0,1023.68335,100.0,0.2445,3.5054257,7.12821,0.16988754,0.5,0.5,1023.696,100.0,1.3812498,2.459485,6.583516,-1.4550672,0.0,0.0,1022.77094,100.0,-0.037500028,2.8484695,6.626951,-2.3285522,1.3,1.3,1021.9333,100.0,-0.50208324
2024-03-18,0.24866633,5.9114227,-5.9267926,0.0,0.0,1020.04156,100.0,-1.7395835,0.58147985,7.665493,-5.103712,0.0,0.0,1020.27515,100.0,-1.0596668,2.1393986,8.358259,-3.3962407,0.0,0.0,1018.80414,100.0,-0.12708332,-0.22506279,6.0903444,-5.4216485,0.0,0.0,1019.66254,100.0,-2.3583333,-1.8948702,-0.15567207,-3.62251,0.0,0.0,1020.8376,100.0,-3.8666666
2024-03-19,-0.67934304,6.1570997,-6.886516,0.0,0.0,1022.69165,100.0,-2.2250001,0.15929623,6.176243,-5.905046,0.0,0.0,1022.78754,100.0,-1.5721668,0.6492842,7.092947,-4.2612963,0.0,0.0,1021.7417,98.0,-1.7229166,-1.6761237,4.4420996,-6.6248074,0.0,0.0,1023.2041,90.0,-3.7145834,-1.7977886,2.429781,-6.760481,0.1,0.0,1023.57904,100.0,-2.9958332
2024-03-20,3.373078,12.201647,-5.6520247,0.0,0.0,1022.1917,100.0,1.3937501,5.25968,11.667298,-2.7623045,0.0,0.0,1022.2124,100.0,2.1111665,3.8846865,12.8227215,-4.8505845,0.0,0.0,1021.8208,100.0,1.40625,1.0293807,8.506518,-7.1123314,0.0,0.0,1023.47906,100.0,-0.9000003,0.5015439,7.7698956,-7.4349394,0.0,0.0,1023.1333,100.0,-1.6916666
2024-03-21,7.3527837,14.08226,1.6159706,1.6,1.6,1020.21674,100.0,5.883333,8.556693,14.194275,3.6808486,5.7,5.7,1020.42914,100.0,6.479917,5.8542843,14.463879,-1.0131059,2.5,2.5,1020.5041,100.0,4.65,5.003351,13.110037,-2.3818357,0.6,0.6,1020.5125,100.0,3.5874996,5.4681106,13.216015,-2.6232467,0.0,0.0,1020.1208,100.0,2.3104167
2024-03-22,7.0759397,11.508625,2.6175404,0.3,0.3,1018.83746,100.0,5.1229167,7.377439,11.678367,1.7863827,1.2,1.2,1018.44586,100.0,5.8819995,6.5713234,13.23838,-0.61031055,0.1,0.1,1019.56256,100.0,4.389583,7.34079,11.481552,4.178446,0.0,0.0,1018.8833,100.0,5.2604165,7.107008,10.245003,4.1987705,0.5,0.5,1018.3167,100.0,5.712501
2024-03-23,5.516642,9.768315,0.6693716,1.3000001,1.3000001,1007.24994,100.0,3.8145838,5.915184,10.342351,-0.12045431,0.8,0.8,1006.95844,100.0,5.2465835,5.1132703,11.893322,0.037589073,2.2999997,2.2999997,1008.8833,100.0,3.5145836,7.2709107,15.6527195,2.6810107,3.8999999,3.8999999,1008.3001,100.0,4.9854164,7.479891,13.817141,2.4996738,4.1,4.1,1006.9707,100.0,5.2333336
2024-03-24,-0.2598825,3.3276763,-2.873108,2.3999999,2.0,1006.11237,100.0,-0.17708333,0.043973684,3.4700284,-4.3623033,2.8999999,1.8,1005.14996,100.0,0.20075,-0.36279333,2.0816507,-3.0968928,3.4999998,1.0000001,1008.0291,100.0,-1.3562502,0.93448585,5.1215973,-4.5166793,1.4000001,1.1,1007.12067,100.0,-0.5104167,1.3059349,4.7486067,-1.5678425,2.8999999,2.3,1006.0583,100.0,1.19375
2024-03-25,1.1466008,6.456032,-2.206607,1.0,1.0,1005.94995,100.0,-0.05000003,2.1845672,6.0974884,-0.59270144,4.1,3.3999999,1005.425,100.0,1.3174167,0.07130856,4.8991604,-4.029901,2.1,1.6000001,1007.67926,100.0,-1.15625,0.80818516,5.615465,-2.7010877,0.5,0.5,1006.87085,100.0,-0.29791668,0.47571027,4.6909637,-2.399874,3.1,2.8000002,1006.0041,100.0,1.28125
2024-03-26,3.2097547,10.064356,-3.7630067,0.0,0.0,1000.5208,100.0,-0.37083337,2.5959084,9.349321,-5.0607266,0.0,0.0,1000.92505,100.0,0.5840833,2.6489599,10.189006,-3.9456377,0.0,0.0,999.68744,100.0,-0.34166667,2.2782319,7.369644,-3.3110056,0.0,0.0,1003.74994,100.0,-0.87291664,2.782449,8.550808,-4.367835,0.0,0.0,1005.7041,100.0,-0.5770833
2024-03-27,8.696969,15.428329,2.010273,0.0,0.0,989.89996,100.0,3.6208332,7.6786137,15.518999,-0.7874069,0.0,0.0,990.29584,100.0,4.2174163,8.141561,15.376076,1.0666738,0.2,0.2,989.68353,100.0,3.65625,5.8109765,9.575811,1.2530003,1.3000001,1.3000001,995.554,100.0,3.8541663,8.251493,13.675438,0.49987173,0.0,0.0,996.5708,100.0,3.1833332
2024-03-28,5.554027,10.554686,1.1983986,3.5,3.5,992.8125,100.0,4.060416,6.611791,10.214137,2.8852024,1.0,1.0,991.77515,100.0,5.242417,5.143786,12.145851,-0.108569145,4.3,4.3,994.81665,100.0,3.4125001,7.811712,11.326929,3.6532474,6.899999,6.899999,994.48334,100.0,5.9750004,8.25833,10.805618,5.8240986,1.6,1.6,994.1375,100.0,5.839583
2024-03-29,7.6660333,15.787115,-0.013628006,0.0,0.0,1003.27075,100.0,3.5395832,6.795442,15.595682,-1.7079511,0.0,0.0,1003.24164,100.0,4.22575,7.656504,17.351147,-0.8572483,0.0,0.0,1004.15424,100.0,2.9395835,6.845108,14.340672,-1.8203502,0.0,0.0,1006.8542,100.0,5.08125,6.867226,11.7079,0.35813332,1.3000001,1.3000001,1006.821,100.0,4.8624997
2024-03-30,12.673425,19.969921,5.5050564,0.0,0.0,1001.35834,100.0,5.604166,12.1405115,20.312765,4.587366,0.0,0.0,1001.5791,100.0,8.304917,10.466504,16.670418,4.4075594,0.0,0.0,1002.3625,100.0,3.5062504,11.354198,18.279003,5.1190147,0.0,0.0,1005.05414,100.0,7.660416,13.153573,18.003109,8.796947,0.0,0.0,1005.571,100.0,7.0916657
2024-03-31,12.3742895,20.480045,5.6272135,0.0,0.0,999.1042,100.0,5.8854175,12.663369,19.079412,4.5286074,0.0,0.0,999.23737,100.0,7.098667,11.774377,16.852438,7.090171,0.0,0.0,999.39996,100.0,4.3166666,12.58125,17.593004,9.503453,0.0,0.0,1002.07495,100.0,7.1416664,13.599254,17.509352,9.073439,0.0,0.0,1002.67084,100.0,6.3312507
2024-04-01,10.66753,20.65005,5.0095825,1.1,1.1,997.35004,100.0,6.389582,10.350987,18.300953,5.2689667,0.0,0.0,997.18335,100.0,7.6111665,10.165801,19.053911,4.9762125,0.5,0.5,998.5293,100.0,5.7895837,12.340968,19.09568,7.3176403,2.4,2.4,999.5876,100.0,8.733333,13.713511,18.196693,9.836576,1.9,1.9,998.9875,100.0,8.279166
2024-04-02,5.32134,8.089127,3.0645142,1.3000001,1.3000001,1007.14996,100.0,3.1458337,6.7399387,9.585796,3.7396078,0.2,0.2,1006.33746,100.0,4.386167,4.6323075,6.9761515,2.7971582,3.5000002,3.5000002,1009.4419,100.0,2.7541666,6.230926,9.136423,3.3868837,2.9999995,2.9999995,1006.84576,100.0,3.6916668,7.664591,12.916136,4.7318926,20.1,20.1,1004.571,100.0,5.78125
2024-04-03,6.8165803,10.909189,2.1970143,1.4000001,1.4000001,1010.3499,100.0,3.8083336,7.572499,11.578854,2.5419512,1.9000002,1.9000002,1009.64996,100.0,5.9757495,6.3021526,11.290288,1.3118458,0.6,0.6,1012.0208,100.0,2.545833,7.608362,14.165146,1.0200772,0.6,0.6,1011.54584,100.0,4.0624995,6.7649817,10.933229,1.313879,2.0,2.0,1010.3584,100.0,4.039583
2024-04-04,8.744351,12.625427,6.0366154,3.4999998,3.4999998,1012.29156,100.0,7.6437497,9.074286,12.876007,4.2906237,2.7,2.7,1011.3584,100.0,8.186168,8.79416,14.381548,5.7337046,1.9000002,1.9000002,1014.4333,100.0,6.841667,10.000646,14.6980095,3.5380273,1.1000001,1.1000001,1013.9915,100.0,6.9979153,9.6586685,13.306412,6.005208,1.6000001,1.6000001,1013.0708,100.0,7.5708337
2024-04-05,11.848405,18.444836,6.0769176,0.6,0.6,1015.85834,100.0,8.664583,10.954213,18.275463,3.7281418,1.2,1.2,1015.3333,100.0,9.284083,11.988721,18.067024,5.9296713,0.3,0.3,1017.47925,100.0,8.6125,11.221726,16.968727,3.8959131,0.0,0.0,1017.94586,100.0,8.28125,10.395005,14.958286,5.502927,0.3,0.3,1017.24585,100.0,7.8916664
2024-04-06,16.938372,23.747925,11.64902,1.3,1.3,1017.07086,100.0,10.349999,16.864737,24.38754,10.663634,0.2,0.2,1016.825,100.0,11.634084,15.892052,23.639412,8.591377,0.0,0.0,1017.8582,100.0,8.695834,15.797421,24.55118,9.813682,0.1,0.1,1018.1624,100.0,10.647916,13.765273,19.56113,10.461566,0.8000001,0.8000001,1018.02924,100.0,10.43125
2024-04-07,16.78842,25.863277,8.888938,0.0,0.0,1017.175,100.0,9.439583,17.97541,25.865566,9.939657,0.0,0.0,1017.2083,100.0,11.961169,15.514659,27.066109,6.908167,0.0,0.0,1017.7249,100.0,7.6791673,16.382912,24.317642,7.89027,0.0,0.0,1019.31665,100.0,11.585416,15.663598,24.241903,7.011799,0.0,0.0,1019.22906,100.0,11.2625
2024-04-08,18.527878,27.321486,9.769779,0.0,0.0,1012.5083,100.0,11.764583,18.614931,26.092358,9.174738,0.0,0.0,1012.8166,100.0,12.886167,17.027088,27.06862,8.968969,0.0,0.0,1012.7708,100.0,10.354166,16.462944,21.242376,11.367928,0.0,0.0,1015.7166,100.0,11.15625,17.1492,22.247396,13.400412,0.0,0.0,1015.8958,100.0,10.44375
2024-04-09,17.423906,26.658344,10.243987,0.1,0.1,1009.82495,100.0,11.066667,16.545473,24.803267,10.305608,0.2,0.2,1010.30005,100.0,11.544499,15.442,26.857527,7.1983585,0.0,0.0,1010.1667,100.0,9.531249,15.941037,22.256815,10.557475,0.0,0.0,1011.22095,100.0,9.752083,16.832823,23.313505,10.369772,0.0,0.0,1011.53754,100.0,8.558333
2024-04-10,7.7235603,10.893655,4.394024,5.799999,5.799999,1026.4751,100.0,5.075,8.860268,11.665782,5.640115,10.7,10.7,1026.1832,100.0,5.836168,4.9796996,7.8258257,2.1065984,2.9999998,2.9999998,1027.3375,100.0,4.18125,7.223137,13.806286,4.614073,3.7,3.7,1024.1165,100.0,6.3416667,8.445985,12.968267,6.48143,2.0,2.0,1023.3416,100.0,7.529167
2024-04-11,9.251084,15.650034,1.8475308,0.0,0.0,1033.0499,100.0,4.716667,10.072574,15.611727,4.0683165,0.0,0.0,1032.9667,100.0,5.686167,8.864227,15.18997,3.3786154,0.0,0.0,1033.2084,48.0,4.9062505,10.18728,16.982027,4.3568544,0.0,0.0,1032.1083,100.0,5.4937496,9.951556,15.581518,5.5302353,0.0,0.0,1032.2,100.0,6.9
2024-04-12,11.34286,18.343904,4.062047,0.0,0.0,1031.2125,100.0,5.722917,12.917484,19.525183,6.621647,0.0,0.0,1031.0292,100.0,7.3278337,11.846419,19.484404,3.9669294,0.0,0.0,1031.7458,100.0,7.002083,12.078068,19.863773,3.6562924,0.0,0.0,1031.1375,100.0,6.4520836,12.053291,19.122128,3.1367545,0.0,0.0,1030.9042,100.0,7.1895843
2024-04-13,14.360496,20.70003,7.6056843,0.0,0.0,1026.2335,100.0,8.724999,14.667144,21.736135,7.4155064,0.0,0.0,1025.9042,100.0,10.496584,13.2483,21.617706,4.464574,0.0,0.0,1027.2625,100.0,8.795833,14.938796,22.321262,7.5178623,0.0,0.0,1026.3041,100.0,8.847917,13.8927145,22.09811,6.644432,0.0,0.0,1025.4917,100.0,9.154166
2024-04-14,15.151214,20.599154,11.250981,0.0,0.0,1018.39996,100.0,9.310417,14.269202,19.308887,8.744523,0.0,0.0,1018.32916,100.0,9.98825,14.840134,21.023516,8.499611,0.0,0.0,1019.55817,100.0,9.095832,16.99114,21.779129,10.232703,0.0,0.0,1018.875,100.0,10.166666,14.882412,19.896694,10.567347,3.3999999,3.3999999,1018.1292,100.0,11.068751
2024-04-15,9.834893,12.817062,6.549486,0.8,0.8,1009.02515,100.0,6.2479157,9.588205,13.326397,5.8508167,3.0,3.0,1008.92914,100.0,6.2569995,11.733574,16.022991,8.661717,4.2,4.2,1009.30396,100.0,9.729167,13.434733,19.098272,9.998282,4.6,4.6,1008.9458,100.0,11.181251,11.103211,14.320454,8.285452,12.600001,12.600001,1009.4583,100.0,9.895833
2024-04-16,3.046315,6.6019373,0.39997578,3.8,3.7,1003.625,100.0,0.7708333,3.9445632,7.1768446,0.563962,4.3,4.3,1002.73334,100.0,1.53825,3.092967,7.1403503,1.1630187,1.9000001,1.9000001,1005.49164,100.0,-0.40833333,5.1250863,10.339684,2.5003672,1.0,1.0,1004.9001,100.0,1.0270833,4.160292,8.968827,0.9409399,2.7,2.7,1003.63763,100.0,3.4333334
2024-04-17,2.8062022,6.160964,0.39394474,2.9999998,2.9999998,1006.82086,100.0,1.0479167,3.090072,7.2358713,-0.21533823,0.70000005,0.70000005,1007.10004,100.0,1.71325,1.9959036,6.7510166,-1.5261114,1.4000001,1.4000001,1007.0457,100.0,0.76875013,3.1670153,5.930917,0.65830564,0.1,0.1,1005.30426,100.0,0.62083334,2.1171381,5.51116,0.7789936,2.0,2.0,1005.0833,100.0,2.2729168
2024-04-18,2.0401876,6.1672106,-0.97194767,0.2,0.2,1013.44586,100.0,-0.9125001,1.5236007,5.064748,-2.3044984,0.6,0.6,1013.896,100.0,-0.24300005,1.0539056,3.9909105,-2.3678741,2.5,2.0,1013.4626,100.0,0.29583344,1.7204822,7.0818005,-2.7826543,0.5,0.5,1011.925,100.0,-0.58125,1.2198364,5.0013647,-2.4545841,0.90000004,0.90000004,1011.69586,98.0,0.94166666
2024-04-19,0.14198302,3.1671052,-2.5075858,2.9,2.9,1010.62494,100.0,0.25833353,1.5489999,3.7183418,-1.9198008,2.3000002,2.3000002,1009.52075,100.0,1.4778333,-0.512042,2.6862316,-4.457142,1.5,1.4000001,1013.02905,100.0,-0.32916656,1.6858898,6.32129,-4.3518353,2.1000001,2.0,1012.3042,100.0,-0.16874993,0.8783057,6.023569,-3.761129,2.4,2.4,1011.25836,100.0,0.5270834
2024-04-20,0.2506597,2.034134,-3.206399,8.4,8.4,1011.7708,100.0,1.5979166,1.1238004,3.3566155,-2.3892379,7.0999994,6.8999996,1011.8957,100.0,2.5590832,-0.59770435,0.2972169,-3.0236592,7.4,6.9,1012.6541,100.0,1.1333333,2.2804193,6.116088,-1.0905666,6.3999996,6.3999996,1010.44586,100.0,2.14375,1.4122114,6.423682,-1.5042553,10.5,10.5,1009.8291,100.0,3.3374996
2024-04-21,0.3049573,4.0800247,-3.838286,0.1,0.1,1019.9749,100.0,-2.3208334,0.2935855,4.3537903,-2.855864,0.90000004,0.29999998,1020.6125,100.0,-1.7513332,0.17934324,5.019623,-4.6594343,0.3,0.3,1019.00415,97.0,-1.9770836,0.21782808,3.9125452,-3.2522526,0.3,0.3,1018.55835,100.0,-1.2541666,-1.5009879,-0.028848171,-3.104594,3.1999993,2.8999996,1018.8333,100.0,0.36666664
2024-04-22,-1.0035658,3.2810154,-5.0357223,1.4,1.1,1022.3542,99.0,-3.2687495,-1.1221424,1.7299447,-4.398551,1.1,0.20000002,1023.0125,100.0,-2.0138333,-1.2145767,3.2443929,-6.944697,0.0,0.0,1021.4541,100.0,-3.6104167,0.9803892,5.031373,-3.3410268,0.1,0.1,1020.65424,100.0,-2.0479167,-0.76713985,2.9823809,-3.7950346,0.8000001,0.3,1021.5085,100.0,-1.5062499
2024-04-23,0.72483355,6.1418066,-6.2488785,0.0,0.0,1018.6375,100.0,-3.0895836,1.0506476,8.282614,-6.232748,0.0,0.0,1018.9375,100.0,-3.0763333,0.19429533,3.7495022,-2.441457,1.8000002,0.6,1017.5584,100.0,-1.0312499,0.41115093,4.0274067,-3.71255,2.0,1.5000001,1017.46674,100.0,-0.7750001,1.1109403,6.9651394,-5.354355,0.1,0.1,1018.29156,100.0,-0.5
2024-04-24,3.2859833,6.199562,0.31143427,0.2,0.2,1008.3875,100.0,-1.1145834,3.7191536,7.9605646,0.90949917,0.8,0.8,1008.3875,100.0,0.36325,1.7453394,4.708561,-0.8039973,0.70000005,0.70000005,1009.03345,100.0,-0.70000005,2.4639254,4.4815807,0.91024256,2.3999999,2.3999999,1007.77075,100.0,1.8645834,2.1738205,4.541115,1.1804829,6.5,6.5,1007.35406,100.0,2.8125002
2024-04-25,1.1460265,4.287422,-2.805848,0.90000004,0.90000004,1007.5793,100.0,-0.24166667,2.1463368,6.0722103,-3.2997007,1.3000001,1.0,1006.91254,100.0,0.95908326,0.9652471,5.4303856,-3.7703142,0.1,0.1,1008.77515,85.0,-1.2874999,2.6506674,9.048655,-4.6545253,0.6,0.6,1008.50836,100.0,-0.08333334,2.559511,7.934761,-1.5410209,1.0,1.0,1008.1458,100.0,1.9354167
2024-04-26,5.1068387,12.434923,-2.6044614,0.0,0.0,1009.1875,100.0,0.22708327,5.5257564,11.417252,-0.47130823,0.2,0.2,1009.10425,100.0,1.9090832,4.349967,11.689878,-3.6082096,0.0,0.0,1009.45825,100.0,0.11250001,4.039779,11.1929245,-3.77227,0.0,0.0,1011.29175,99.0,1.6270833,4.7627964,9.674873,-1.5118136,0.5,0.5,1011.7209,100.0,1.8666664
2024-04-27,9.855401,17.944708,1.1168804,0.0,0.0,1011.7583,100.0,3.0583334,10.245587,17.266434,1.6383452,0.4,0.4,1011.84155,91.0,5.0195,7.6565776,15.144829,-0.394845,0.0,0.0,1011.72906,98.0,3.0125,8.303691,14.367643,0.8748722,0.0,0.0,1014.30835,91.0,4.635417,8.37753,14.530512,1.0377035,0.3,0.3,1015.1667,87.0,4.7250004
2024-04-28,13.518941,22.154938,5.034626,0.0,0.0,1014.17914,100.0,6.3187504,13.579173,20.677301,4.8384876,0.0,0.0,1014.42084,100.0,7.779917,12.3294325,22.353907,2.661008,0.0,0.0,1014.20013,100.0,6.027084,12.404202,18.7174,6.442436,0.0,0.0,1016.63336,100.0,7.6291676,12.188187,18.786573,4.5214148,0.0,0.0,1017.8791,99.0,7.306251
2024-04-29,15.817101,24.224684,6.7484903,0.0,0.0,1019.89166,100.0,9.48125,16.066444,22.70504,8.753133,0.0,0.0,1020.5041,100.0,10.640333,14.005887,23.385818,3.6222963,0.0,0.0,1019.6167,95.0,7.9708333,15.059799,22.021858,8.428443,0.0,0.0,1021.5666,100.0,8.7625,16.077745,23.19143,6.3667307,0.0,0.0,1022.2625,100.0,9.8
2024-04-30,17.0483,23.796562,9.680994,0.0,0.0,1018.1125,99.0,6.9145837,17.366966,24.783417,9.239515,0.0,0.0,1018.321,100.0,9.294499,15.394894,22.12397,9.931082,0.0,0.0,1017.9709,8.0,6.9354157,15.526024,21.035854,10.533465,0.0,0.0,1022.0168,100.0,8.691667,16.882803,24.70248,9.530044,0.0,0.0,1022.65424,100.0,9.858334
2024-05-01,15.461579,19.647224,12.055122,0.0,0.0,1011.4624,100.0,7.5333343,15.957278,20.455433,12.016077,0.0,0.0,1011.6667,100.0,9.009084,12.19675,16.305021,9.203875,0.0,0.0,1011.02924,100.0,8.054166,13.583676,16.764057,9.678979,0.0,0.0,1015.4541,100.0,7.3249993,15.261238,22.678112,8.058163,0.0,0.0,1016.2959,99.0,7.347916
2024-05-02,15.144799,19.569592,11.256468,0.1,0.1,1004.7043,95.0,8.614583,15.810333,20.445974,12.228813,0.4,0.4,1004.89166,100.0,9.767417,13.2126465,17.266712,9.320647,0.0,0.0,1004.02094,100.0,8.691666,13.599427,17.131176,10.431725,1.0,1.0,1008.36664,100.0,9.162501,14.724503,20.465694,7.552491,4.3,4.3,1009.9124,100.0,9.560417
2024-05-03,13.80911,17.004347,10.341036,9.7,9.7,1009.4041,100.0,10.414583,15.531236,21.771181,11.880487,11.999999,11.999999,1009.42084,100.0,12.079918,10.211672,12.551182,8.011837,0.8,0.8,1010.26263,100.0,8.183334,13.731033,18.45942,11.1650095,3.4,3.4,1010.13763,100.0,11.075,15.857627,22.803482,10.1751585,0.2,0.2,1009.7126,100.0,9.73125
2024-05-04,15.101392,20.379225,10.871144,0.0,0.0,1015.2209,100.0,10.152083,15.001401,20.044672,8.571492,0.1,0.1,1015.48755,100.0,10.861168,12.253384,18.879622,5.232155,0.1,0.1,1015.6707,100.0,8.562499,15.725675,24.426756,8.344507,0.0,0.0,1014.12506,100.0,10.7,15.368987,22.944298,7.311495,0.0,0.0,1014.00415,99.0,10.0125
2024-05-05,14.444882,20.140188,9.615488,0.90000004,0.90000004,1010.88745,100.0,9.995833,15.384087,18.749674,11.614449,3.2999997,3.2999997,1010.6958,100.0,11.709084,13.268201,20.05472,5.7714605,1.6,1.6,1011.4499,100.0,9.245833,16.533808,21.106672,9.855052,0.4,0.4,1011.30005,100.0,10.058333,15.16452,21.276335,6.745879,0.1,0.1,1011.23334,100.0,8.764583
2024-05-06,14.434724,21.35279,8.563566,1.8000001,1.8000001,1008.9041,100.0,11.070834,14.339875,18.589224,11.366804,1.8000001,1.8000001,1009.1707,100.0,11.73825,14.071446,23.781187,5.710224,10.8,10.8,1008.5042,100.0,10.722917,16.014328,22.871984,9.4378605,7.0,7.0,1008.6667,100.0,10.900001,16.262442,22.33526,10.191371,2.2,2.2,1008.74994,100.0,11.410417
2024-05-07,10.710814,13.927603,8.447655,24.800001,24.800001,1014.5293,100.0,10.639583,10.386477,12.722664,8.884401,8.6,8.6,1015.2832,100.0,9.715334,11.2475395,13.551933,9.490538,15.600003,15.600003,1013.7334,100.0,10.289582,12.982858,14.145792,9.865327,16.500002,16.500002,1012.7708,100.0,11.247916,12.814406,14.921051,10.188867,1.2,1.2,1012.98755,100.0,9.331251
2024-05-08,10.782962,13.552204,7.9268055,1.6000001,1.6000001,1022.29987,100.0,7.6520844,10.589034,14.014166,7.944524,0.0,0.0,1022.97925,100.0,6.9403343,9.93909,12.360966,7.820915,1.0000001,1.0000001,1021.47504,100.0,8.022916,10.326401,14.573616,7.0941715,0.4,0.4,1020.2209,100.0,6.4500003,9.308261,13.008608,5.162739,0.0,0.0,1020.95416,100.0,5.1041665
2024-05-09,10.844739,17.011978,3.4720268,0.0,0.0,1025.0419,100.0,5.3770833,11.126248,16.917376,4.6082067,0.0,0.0,1025.3125,79.0,6.1299157,9.86988,15.443222,2.9400039,0.0,0.0,1024.7294,100.0,5.5,11.2790365,18.19118,4.5743904,0.0,0.0,1023.4458,100.0,4.6833334,10.055291,17.106323,3.8762684,0.0,0.0,1023.8459,100.0,4.04375
2024-05-10,12.370541,18.733038,4.799076,0.0,0.0,1022.9958,100.0,6.183333,12.451188,18.275185,5.808608,0.0,0.0,1023.20416,100.0,7.034084,11.012852,16.103516,5.350361,0.0,0.0,1022.89996,100.0,6.09375,11.424361,17.465876,4.1213293,0.0,0.0,1022.2959,100.0,4.9729166,11.007281,16.286877,2.2873545,0.0,0.0,1022.554,100.0,4.55
2024-05-11,13.97826,18.720903,7.1564264,0.0,0.0,1021.7082,100.0,8.289584,15.004593,19.4884,8.573035,0.70000005,0.70000005,1021.85004,100.0,9.567417,11.714763,18.26856,3.9056845,0.0,0.0,1021.58325,100.0,7.6395836,12.5648575,18.257114,5.847496,0.0,0.0,1020.9959,100.0,7.84375,12.889155,18.579353,5.192871,0.1,0.1,1021.1709,100.0,7.9916663
2024-05-12,13.428707,18.186134,8.959587,0.2,0.2,1020.37506,95.0,8.7,14.103146,18.951775,8.203479,0.0,0.0,1020.59595,100.0,8.457,13.077226,18.603952,8.31189,0.2,0.2,1019.68335,99.0,8.512499,12.613098,17.596458,7.792942,0.0,0.0,1020.425,83.0,5.6791663,10.185479,14.4130535,5.757406,0.0,0.0,1021.8208,100.0,4.2625003
2024-05-13,13.006431,20.460348,4.791004,0.2,0.2,1016.95416,70.0,5.9166675,14.526353,21.802984,7.353569,0.0,0.0,1017.22504,30.0,5.5194993,11.607556,19.901834,4.864332,0.0,0.0,1016.3333,19.0,6.2166667,11.671193,18.256645,5.813649,0.0,0.0,1018.13336,96.0,3.2645833,10.947183,19.406158,2.2420206,0.0,0.0,1019.1042,100.0,3.1895838
2024-05-14,14.228924,20.1986,7.8441706,0.0,0.0,1012.9958,25.0,6.620835,15.157112,20.852547,7.496892,0.0,0.0,1013.1709,100.0,7.2757497,11.978634,17.059877,7.515337,0.0,0.0,1012.2458,13.0,7.3854165,13.668534,19.94702,7.2056713,0.0,0.0,1014.39996,35.0,5.5458336,13.099354,20.64641,5.932416,0.0,0.0,1015.35406,38.0,4.9562497
2024-05-15,14.132023,19.791431,8.513529,0.0,0.0,1011.0291,100.0,5.606251,15.314705,20.625414,9.302819,0.0,0.0,1011.21246,49.0,6.367417,12.43234,17.921085,7.822583,0.0,0.0,1009.80835,100.0,5.929167,13.972186,18.948744,8.547831,0.0,0.0,1013.47504,24.0,5.347916,14.52502,20.328066,8.736595,0.0,0.0,1014.72906,100.0,5.883333
2024-05-16,12.899608,16.732134,10.240265,1.0,1.0,1010.3083,100.0,7.5395837,13.921901,16.586515,11.1099205,0.0,0.0,1010.5874,100.0,7.911165,11.136201,15.526318,9.010363,0.70000005,0.70000005,1009.2209,100.0,8.477082,12.220012,14.70982,8.843679,1.0,1.0,1014.0417,100.0,7.8666663,15.1603155,20.417923,9.682026,0.0,0.0,1015.08344,100.0,5.74375
2024-05-17,11.473016,13.966686,10.1409645,13.1,13.1,1009.02075,100.0,9.127084,12.412122,14.208879,10.271223,5.0,5.0,1009.53345,100.0,8.921583,10.717744,13.793419,7.8499393,7.399999,7.399999,1008.2166,100.0,8.458333,10.724099,12.99122,9.097221,12.700001,12.700001,1011.26263,100.0,8.968749,12.121295,15.364641,7.3783054,6.7,6.7,1012.49585,100.0,7.30625
2024-05-18,11.449191,15.409086,7.841482,3.2,3.2,1011.2249,100.0,9.302083,13.030772,17.400566,9.137729,3.3999999,3.3999999,1010.6707,100.0,10.915334,12.58764,18.137123,8.059499,0.1,0.1,1012.0876,100.0,8.316668,13.602749,20.120092,7.579129,0.1,0.1,1013.6584,100.0,10.595834,14.710629,22.635464,8.212793,0.2,0.2,1013.64996,100.0,9.595834
2024-05-19,13.814229,19.944056,7.7204094,2.3000002,2.3000002,1011.2083,100.0,10.379168,15.216911,20.498999,9.186489,1.2,1.2,1010.95013,100.0,11.567418,13.883538,21.556723,8.0954685,9.5,9.5,1011.7751,100.0,9.908333,16.049488,21.731298,10.786943,4.2999997,4.2999997,1011.58344,100.0,11.133334,15.41153,21.803707,9.198252,5.7,5.7,1011.8709,100.0,11.454166
2024-05-20,15.804337,23.128548,8.607567,0.5,0.5,1011.64166,100.0,10.764583,17.160042,21.40748,11.772903,1.0,1.0,1011.72076,59.0,11.48825,15.716613,22.315052,8.703458,0.8000001,0.8000001,1011.35406,100.0,10.4729185,17.436964,24.097967,10.113069,0.2,0.2,1011.9165,100.0,12.091667,16.847555,24.720795,9.037081,0.0,0.0,1012.09595,100.0,11.204166
2024-05-21,16.61241,20.598892,11.814259,10.1,10.1,1008.5207,100.0,13.439584,17.804625,22.812153,11.2733555,7.5,7.5,1009.10406,100.0,13.332,15.236203,20.039421,12.873034,3.6,3.6,1007.27094,100.0,13.891666,17.498056,21.921373,13.824186,24.599998,24.599998,1009.77924,100.0,14.516665,18.37058,24.695791,9.694593,1.8,1.8,1010.6125,100.0,12.787499
2024-05-22,15.156757,16.932247,12.526522,2.2000003,2.2000003,1008.1624,100.0,12.731251,16.6593,19.085007,11.827152,13.400001,13.400001,1008.07495,100.0,13.513249,13.96017,18.410992,10.749462,9.400001,9.400001,1009.69165,100.0,11.252083,16.184309,20.062801,12.499126,0.9000001,0.9000001,1009.50415,100.0,12.158332,16.886461,19.82177,13.87501,2.5,2.5,1009.13336,100.0,13.285416
2024-05-23,16.406418,21.811607,11.65901,0.2,0.2,1014.74603,100.0,10.635417,16.407888,21.866735,10.432624,0.0,0.0,1014.7834,100.0,11.046584,14.462789,20.041418,7.440486,0.6,0.6,1015.1375,81.0,10.472917,16.397928,21.726835,10.634398,0.1,0.1,1014.7251,100.0,11.162499,17.446787,21.69741,12.64123,1.1000001,1.1000001,1014.46246,100.0,11.172917
2024-05-24,15.532174,20.923119,11.496867,2.3000002,2.3000002,1017.43335,100.0,12.21875,16.602442,20.106394,12.706247,10.599999,10.599999,1017.67926,100.0,12.823667,15.012439,19.548826,10.27166,4.5,4.5,1017.1999,100.0,10.8125,16.489342,21.016066,13.481337,3.6000001,3.6000001,1017.62933,100.0,12.852084,17.200006,21.768955,12.601376,1.0,1.0,1018.05,100.0,12.545834
2024-05-25,15.931151,22.970167,10.790962,7.9,7.9,1017.6499,100.0,12.710416,17.164202,22.564636,12.067211,1.2,1.2,1017.75415,100.0,13.334084,14.8343725,20.019451,8.939606,6.0,6.0,1017.66254,100.0,11.212501,15.699172,21.087687,11.418491,3.9,3.9,1018.7708,100.0,13.025001,18.35899,25.294693,11.210702,0.70000005,0.70000005,1018.9748,100.0,12.247917
2024-05-26,17.052982,23.884087,10.155208,0.5,0.5,1019.125,100.0,12.958333,18.275965,23.70013,12.760168,0.4,0.4,1019.1707,100.0,14.486165,15.188083,22.798876,8.651203,8.700001,8.700001,1019.2708,100.0,11.825001,18.05473,24.36801,11.492198,0.1,0.1,1019.31665,100.0,12.993749,18.695173,24.868956,11.561985,1.7,1.7,1019.60004,100.0,12.283333
2024-05-27,17.727364,22.44201,12.80525,0.70000005,0.70000005,1017.88763,100.0,13.849998,18.346228,23.388609,12.319244,7.1,7.1,1017.9834,100.0,14.748668,16.636309,22.959015,10.445809,2.5,2.5,1018.0457,100.0,12.710415,18.392189,24.285666,11.851002,0.0,0.0,1018.7209,100.0,12.489581,18.966154,26.765053,9.767807,0.2,0.2,1019.0168,100.0,11.260417
2024-05-28,14.71788,16.395418,11.697981,17.8,17.8,1017.10406,100.0,12.91875,15.64579,17.201532,13.056887,15.400001,15.400001,1017.2211,100.0,13.4445,12.7960825,14.364479,9.228291,8.7,8.7,1017.51245,100.0,11.189584,16.305481,23.267471,10.968211,4.0,4.0,1016.1501,100.0,11.743751,18.628489,24.943264,10.486851,0.7,0.7,1015.5916,100.0,10.193749
2024-05-29,14.589054,20.531527,7.940159,0.0,0.0,1015.3166,100.0,9.377084,15.734626,20.559315,10.318284,0.0,0.0,1015.17505,100.0,11.373666,13.21799,19.702253,4.6879168,0.0,0.0,1015.68744,100.0,7.945833,15.808625,20.490675,10.462127,0.0,0.0,1014.97095,100.0,9.839582,15.723086,20.783503,11.875919,0.1,0.1,1014.80817,100.0,11.510418
2024-05-30,15.529583,18.775702,12.001196,1.9000001,1.9000001,1006.69165,100.0,11.737499,16.35575,19.06497,12.415794,6.5,6.5,1006.6167,100.0,13.286168,14.401871,17.730783,8.979207,2.0,2.0,1007.1833,100.0,10.610416,18.351791,24.727474,11.085233,2.2,2.2,1006.92487,100.0,11.785417,18.329588,23.755417,11.383624,0.4,0.4,1006.86255,100.0,12.8
2024-05-31,16.164446,21.833784,10.243545,11.1,11.1,1006.05817,100.0,12.933334,16.306482,20.850697,11.038466,7.5999994,7.5999994,1006.7041,100.0,13.0840845,14.314059,18.12587,9.944988,6.4,6.4,1005.89996,100.0,11.929168,17.288973,21.635061,13.453516,7.9,7.9,1006.0957,100.0,14.222917,19.166334,26.092934,12.40147,8.300001,8.300001,1006.175,100.0,13.670834
2024-06-01,15.972907,18.76099,13.712257,8.599999,8.599999,1008.3457,100.0,13.547916,17.650776,22.682056,14.843586,9.700002,9.700002,1008.77515,100.0,15.092416,13.501027,17.007183,9.521698,10.200001,10.200001,1008.3291,100.0,10.914584,16.049234,20.555328,12.903713,9.5,9.5,1008.45435,100.0,13.0270815,16.779245,20.39328,12.916046,8.4,8.4,1008.74994,100.0,12.929166
2024-06-02,17.188677,21.374725,14.02791,3.1999996,3.1999996,1014.01245,100.0,14.318749,17.940756,21.525972,13.811966,2.4,2.4,1014.125,100.0,14.85075,15.227508,18.66089,12.318783,10.900002,10.900002,1014.9792,100.0,13.154168,16.814486,21.85158,10.373333,2.0,2.0,1013.3333,100.0,12.868752,15.779429,20.673895,10.87828,5.7999997,5.7999997,1012.5959,100.0,12.766666
2024-06-03,14.97819,17.872921,11.838848,0.3,0.3,1016.0542,100.0,12.46875,15.473668,19.645649,12.583231,0.0,0.0,1016.5666,100.0,12.373669,14.800849,17.881582,11.718621,10.900001,10.900001,1015.35004,100.0,12.893749,17.23679,21.164467,13.454554,12.9,12.9,1014.00836,100.0,14.158333,17.465078,22.05155,13.9063835,5.4000006,5.4000006,1014.28754,100.0,13.960419
2024-06-04,14.348321,18.952658,9.104634,0.0,0.0,1014.97504,100.0,9.825,15.073769,19.13364,9.244417,0.0,0.0,1014.91656,100.0,10.659083,13.891617,18.062645,9.905763,0.0,0.0,1015.1541,100.0,10.639583,14.944954,18.082708,11.111094,1.1,1.1,1013.84174,100.0,11.893749,14.270814,17.533815,10.540197,6.1,6.1,1013.6333,100.0,12.056251
2024-06-05,16.999567,21.909592,10.639328,0.1,0.1,1012.49164,100.0,11.379166,17.81113,23.776718,12.212833,0.5,0.5,1012.3499,98.0,12.9799185,16.49175,23.654224,8.384657,4.7999997,4.7999997,1013.47095,99.0,11.495833,17.10764,23.465368,8.344968,0.1,0.1,1013.6792,85.0,11.90625,16.97011,23.179466,9.789515,0.0,0.0,1013.30835,100.0,11.96875
2024-06-06,18.120464,23.603539,13.087118,4.1000004,4.1000004,1016.2876,100.0,13.679168,17.906618,22.629988,13.859169,1.1000001,1.1000001,1016.37494,82.0,13.419501,19.16124,25.792717,13.719536,1.6000001,1.6000001,1016.25,100.0,13.152084,20.581303,26.57852,14.219978,0.3,0.3,1016.08746,100.0,14.479167,20.038336,25.434757,14.763355,3.1,3.1,1016.07495,100.0,13.868748
2024-06-07,17.459608,21.55292,13.09964,0.70000005,0.70000005,1016.35406,79.0,11.383334,17.318884,21.476784,11.305524,0.1,0.1,1016.6333,61.0,11.434083,18.53176,23.365385,14.073782,1.4000001,1.4000001,1016.82086,99.0,12.918747,20.235294,26.480648,14.245026,2.6999998,2.6999998,1016.34576,100.0,14.733334,19.66348,24.64513,15.155245,0.3,0.3,1016.12103,100.0,13.810416
2024-06-08,18.66916,25.69665,9.929621,0.0,0.0,1012.5667,100.0,11.091667,18.948883,24.87003,10.869601,0.0,0.0,1012.56244,100.0,11.815334,19.648638,25.379335,11.598064,0.3,0.3,1012.979,100.0,13.064584,20.507074,26.486963,12.777346,1.3000001,1.3000001,1013.39166,100.0,14.370833,19.63036,25.254395,12.007586,0.90000004,0.90000004,1013.8625,100.0,12.510417
2024-06-09,19.123533,23.947573,13.950899,0.0,0.0,1007.6084,100.0,10.758332,17.129164,21.11455,12.274895,0.0,0.0,1008.17084,100.0,11.321584,19.6938,24.460154,15.324862,2.8999996,2.8999996,1008.12915,100.0,14.862499,20.78955,26.108923,17.145327,1.0,1.0,1007.6875,100.0,14.858334,20.675634,25.746428,17.620506,3.8,3.8,1007.5124,100.0,14.002082
2024-06-10,16.482262,22.18381,13.066362,0.0,0.0,1005.41254,100.0,8.431251,16.46167,22.281855,12.4325695,0.1,0.1,1005.8293,100.0,9.902833,16.177744,18.793776,12.96743,2.5,2.5,1006.12915,100.0,12.685418,19.421968,23.42936,16.732647,2.8999999,2.8999999,1005.10004,100.0,15.202084,17.875051,22.26416,14.468937,10.700001,10.700001,1004.8999,100.0,15.364583
2024-06-11,12.357991,14.7951565,7.74144,0.0,0.0,1011.68756,100.0,4.885417,12.084231,14.809948,8.763282,0.0,0.0,1011.5667,100.0,6.296583,11.310127,13.360836,9.958945,0.3,0.3,1012.72906,100.0,7.2708325,15.121732,18.032646,11.270583,0.0,0.0,1010.8,100.0,9.535417,16.033758,21.182154,10.531077,0.3,0.3,1009.97906,100.0,11.291667
2024-06-12,13.527194,17.930561,9.695157,0.70000005,0.70000005,1017.20844,100.0,4.9374995,12.922969,17.555439,8.539889,1.3000001,1.3000001,1017.32074,100.0,6.9715843,11.720311,15.912952,9.65309,0.70000005,0.70000005,1017.84174,100.0,7.0062504,11.979504,15.094683,7.621564,2.6000001,2.6000001,1017.6499,100.0,8.041666,10.912044,12.2898655,6.834463,3.0,3.0,1017.9001,100.0,7.8583336
2024-06-13,12.678628,17.052496,8.800337,1.1,1.1,1017.3376,100.0,6.9250007,12.539738,15.731268,9.187482,5.0999994,5.0999994,1017.6375,100.0,7.992416,11.732707,17.273409,7.741908,3.6999998,3.6999998,1017.4959,100.0,8.499999,12.478282,17.470797,6.791069,0.0,0.0,1016.82074,100.0,7.4395823,10.332313,14.548651,6.020301,0.1,0.1,1017.47925,100.0,8.452083
2024-06-14,13.122424,16.846937,7.0126286,0.4,0.4,1015.14594,100.0,8.743749,13.6828575,17.006777,8.848706,0.4,0.4,1014.91656,100.0,8.961167,12.669991,18.563658,4.8487234,0.0,0.0,1015.3459,100.0,8.595832,13.587029,18.608904,6.2139635,0.0,0.0,1016.09174,100.0,8.991667,14.0302305,19.6693,8.536362,0.0,0.0,1016.3667,100.0,8.564584
2024-06-15,16.676289,22.922516,11.332703,0.70000005,0.70000005,1009.56244,100.0,11.620834,16.33436,19.73542,10.171338,0.8000001,0.8000001,1009.50397,100.0,12.063251,16.26597,24.57715,9.381634,0.3,0.3,1009.9998,100.0,11.675,17.35118,23.76852,10.287756,8.800001,8.800001,1010.78754,100.0,12.477082,17.438171,24.413334,8.694183,0.0,0.0,1011.33325,100.0,10.914584
2024-06-16,17.279856,21.884203,11.773104,0.0,0.0,1011.5,100.0,9.83125,18.024488,22.935408,11.747513,0.0,0.0,1011.2624,100.0,9.731999,16.686417,23.023132,13.21722,0.9,0.9,1012.27924,100.0,12.439584,18.552826,23.600119,14.230934,6.6,6.6,1011.6416,100.0,12.602084,17.618448,21.610823,14.637974,10.700001,10.700001,1011.575,100.0,14.047919
2024-06-17,19.689863,26.81969,12.831549,2.5,2.5,1013.9626,100.0,12.710416,20.197794,25.381916,15.3292885,1.4000001,1.4000001,1013.8127,100.0,13.5320015,19.024382,26.844294,10.226398,0.0,0.0,1014.59985,100.0,12.512501,20.846457,27.245775,12.5420265,0.2,0.2,1015.0708,100.0,13.964584,19.695663,25.515177,11.813803,0.0,0.0,1014.9917,99.0,13.679168
2024-06-18,23.479362,30.694683,16.127728,0.0,0.0,1014.97076,100.0,13.797915,23.393845,28.687508,15.543209,0.1,0.1,1014.925,100.0,15.073667,22.455381,29.430603,15.655121,0.1,0.1,1015.5,100.0,14.129167,23.731874,30.019371,14.95702,0.0,0.0,1016.2166,100.0,16.070833,22.913628,28.769558,16.094667,1.1,1.1,1016.41656,100.0,16.389584
2024-06-19,23.614296,30.949299,16.589136,0.2,0.2,1013.3708,100.0,15.110416,21.997732,29.41013,15.329754,1.7,1.7,1014.2791,100.0,16.504915,23.808191,32.034576,16.892694,0.2,0.2,1013.3625,93.0,16.525,26.219292,33.51283,18.862837,0.5,0.5,1012.9875,97.0,17.877085,24.912062,30.58873,18.97477,0.1,0.1,1013.1375,100.0,17.316668
2024-06-20,19.028467,25.718143,12.363913,0.0,0.0,1021.1416,100.0,11.943749,19.10816,24.576366,12.136038,0.0,0.0,1021.64154,100.0,12.904919,20.727516,29.86937,14.942408,0.0,0.0,1020.24585,100.0,14.741666,19.572052,24.67028,15.58419,0.0,0.0,1020.7749,100.0,13.077084,17.735762,22.164963,13.875387,0.90000004,0.90000004,1021.81256,100.0,12.608335
2024-06-21,24.13115,32.556774,17.625921,6.4,6.4,1014.55,100.0,16.529165,23.8043,31.819366,16.780645,3.9,3.9,1014.82916,100.0,17.625751,23.870956,33.37096,16.001339,4.2,4.2,1014.85004,100.0,17.775,24.577538,33.035484,16.31524,16.0,16.0,1015.3291,100.0,17.285414,24.977633,33.245758,15.637272,0.7,0.7,1015.7876,100.0,17.302084
2024-06-22,19.148943,23.152798,16.046026,5.3999996,5.3999996,1012.44586,100.0,12.822918,19.625963,22.88528,17.062975,3.8999996,3.8999996,1012.2458,100.0,13.967416,18.222267,23.065449,14.891504,7.7999997,7.7999997,1013.6167,100.0,12.445832,21.70743,25.470394,17.394804,7.7999997,7.7999997,1012.05414,100.0,14.764584,22.754417,26.440653,17.427092,1.3000001,1.3000001,1011.1001,100.0,16.079168
2024-06-23,19.36113,24.114374,14.464468,0.70000005,0.70000005,1016.76666,57.0,12.379167,18.885378,23.211607,13.919981,0.6,0.6,1017.15424,100.0,13.571583,18.222412,23.306644,11.693568,0.70000005,0.70000005,1016.71674,96.0,11.939584,19.007042,23.516693,13.052622,0.0,0.0,1015.48755,100.0,11.220833,18.996168,23.205395,13.185234,0.0,0.0,1015.47925,100.0,12.158334
2024-06-24,19.113249,23.150906,14.385035,0.0,0.0,1019.41254,100.0,11.291665,18.681227,22.67268,12.387596,0.0,0.0,1019.9375,100.0,12.559083,18.36783,23.217491,12.753128,0.0,0.0,1019.04584,100.0,11.962501,18.653313,22.892479,14.064329,0.0,0.0,1018.55005,100.0,11.558333,17.645153,20.716452,14.073311,0.2,0.2,1018.85004,100.0,11.664585
2024-06-25,20.346342,26.72811,13.057533,0.0,0.0,1016.55835,100.0,12.335419,21.230675,27.895958,13.388952,0.0,0.0,1017.1582,74.0,12.927834,19.261183,26.137817,11.130795,0.1,0.1,1015.8499,100.0,13.410415,20.982561,27.852627,14.118845,0.0,0.0,1016.55835,100.0,13.200001,19.848398,26.877985,13.5980835,0.0,0.0,1017.7166,99.0,13.391667
2024-06-26,23.505362,28.813652,17.273264,2.0,2.0,1012.07495,100.0,15.572917,24.200462,30.108677,17.879885,1.6,1.6,1012.8083,100.0,16.38825,21.571447,26.052904,17.310186,0.4,0.4,1011.5291,97.0,15.854167,23.208979,28.092457,18.345112,2.7999997,2.7999997,1013.37506,100.0,16.425001,23.607298,30.123352,15.81278,5.3,5.3,1014.1458,100.0,16.897917
2024-06-27,24.237465,31.733662,19.034922,2.0,2.0,1010.3791,100.0,17.247915,25.200422,31.15897,20.231892,0.8,0.8,1010.50415,100.0,18.2195,22.62206,29.674091,17.00626,5.1,5.1,1011.06256,100.0,16.979168,24.224257,28.640274,18.974512,2.3999999,2.3999999,1011.3291,100.0,17.262499,23.98266,28.784996,18.587467,1.0,1.0,1011.6042,100.0,18.591665
2024-06-28,24.904366,31.178127,19.440128,1.6,1.6,1013.84174,100.0,17.418753,25.343523,31.168472,20.046942,3.1999998,3.1999998,1013.79584,100.0,18.250751,23.424223,28.835491,17.622168,3.7,3.7,1015.0125,100.0,16.835417,25.577957,31.737736,18.99426,1.6,1.6,1014.28754,100.0,17.820833,24.752556,29.72255,19.686821,0.3,0.3,1013.71674,100.0,18.31875
2024-06-29,26.75402,32.706757,20.287283,0.2,0.2,1015.2502,100.0,17.44375,25.810991,32.44672,17.291035,0.4,0.4,1015.64996,100.0,17.517418,25.525307,32.948395,18.122396,0.8,0.8,1015.5457,100.0,18.137503,27.147682,33.868946,19.031933,0.0,0.0,1016.1333,100.0,16.472918,26.848267,33.764965,19.271954,0.0,0.0,1016.61676,100.0,17.925001
2024-06-30,26.582678,31.118576,20.964165,2.6000001,2.6000001,1006.5501,100.0,16.877085,26.283615,31.672112,21.018867,0.6,0.6,1006.7,100.0,17.825748,25.186605,30.658657,19.808605,3.8,3.8,1007.7959,100.0,17.874998,27.098806,32.64808,23.21203,4.9000006,4.9000006,1008.02924,100.0,18.558332,26.207064,31.993687,21.907766,0.3,0.3,1008.59576,100.0,18.114586
2024-07-01,19.520014,24.050476,14.828144,9.9,9.9,1011.62494,100.0,14.216667,19.855307,24.583652,15.509087,11.0,11.0,1011.68335,100.0,14.709084,18.691973,24.684015,15.112164,3.2,3.2,1012.47504,100.0,13.668751,21.269056,25.674747,18.09021,0.9000001,0.9000001,1010.8083,100.0,15.129169,20.576176,22.497885,18.836344,6.9000006,6.9000006,1010.30005,100.0,16.40625
2024-07-02,14.811039,17.934649,11.299101,0.4,0.4,1012.6624,100.0,8.952083,15.337506,17.691172,12.668194,0.5,0.5,1012.62506,100.0,10.261168,13.749924,16.59195,10.287024,0.3,0.3,1013.36664,100.0,9.6,15.861667,18.749382,12.233273,0.0,0.0,1011.13745,100.0,9.322917,16.230135,19.294367,13.164541,0.90000004,0.90000004,1010.21674,100.0,10.283334
2024-07-03,15.779652,18.428343,13.601011,1.7000002,1.7000002,1009.43335,100.0,10.302083,15.662095,17.845171,13.860716,2.3999996,2.3999996,1009.60004,100.0,10.319501,15.062163,18.469654,12.230829,4.7,4.7,1009.97925,100.0,11.26875,16.140856,19.483406,12.05628,1.1000001,1.1000001,1009.2043,100.0,10.837501,15.927628,19.663555,11.866484,3.5,3.5,1008.9543,100.0,11.616668
2024-07-04,14.7294235,17.636948,10.987137,1.4000001,1.4000001,1009.49994,100.0,10.179166,15.585205,19.628876,12.989786,2.9,2.9,1009.0083,100.0,11.140334,14.406971,17.870588,10.169557,2.3999999,2.3999999,1010.88324,100.0,10.110416,16.430918,19.995811,12.907883,0.3,0.3,1009.9292,100.0,10.185416,15.896957,19.609682,11.626367,0.0,0.0,1009.18335,100.0,11.168751
2024-07-05,16.631565,20.030132,12.960997,0.2,0.2,1012.86676,100.0,10.731251,16.241922,20.776903,11.058838,0.0,0.0,1012.55414,100.0,11.442416,16.29099,21.856834,10.933305,0.0,0.0,1014.1291,100.0,11.633332,18.399397,23.967827,12.421902,0.3,0.3,1013.7,100.0,11.264584,17.621592,21.233599,13.659149,0.0,0.0,1013.3709,100.0,11.072915
2024-07-06,22.559286,31.68312,14.426361,4.0,4.0,1008.13745,100.0,13.479168,22.889742,30.775944,15.8781185,2.7,2.7,1008.24585,100.0,14.273666,21.874815,31.886047,12.230722,5.0,5.0,1008.53754,100.0,14.618751,22.157036,28.310108,14.325491,0.0,0.0,1009.3499,100.0,13.191669,22.03418,27.553267,13.618116,0.0,0.0,1010.60834,100.0,13.189584
2024-07-07,17.475004,20.687298,14.0121155,3.4,3.4,1014.3418,100.0,13.6375,18.748863,20.918116,15.916071,1.6000001,1.6000001,1014.1584,100.0,12.840335,18.097742,20.114635,15.270113,7.9,7.9,1014.55414,100.0,15.143746,21.391626,24.57915,17.900328,1.5,1.5,1013.2126,100.0,14.600001,20.957445,22.522886,19.392105,2.0,2.0,1013.25824,100.0,15.118749
2024-07-08,19.564573,25.411758,12.168482,0.0,0.0,1018.3665,100.0,13.629169,21.248312,26.182842,16.488756,0.6,0.6,1018.321,100.0,12.561168,19.17587,25.13233,13.703762,0.1,0.1,1018.5708,100.0,15.139581,22.860445,28.208736,17.215452,1.0,1.0,1017.49176,100.0,16.295834,22.392311,27.16,17.806921,1.8000002,1.8000002,1017.8291,100.0,16.979166
2024-07-09,24.929354,31.539639,16.455206,0.0,0.0,1018.17914,100.0,16.304167,25.77771,32.46384,17.81348,0.0,0.0,1018.48334,74.0,14.990334,24.54426,31.18975,17.51165,0.3,0.3,1018.06256,100.0,17.81875,26.773682,33.52527,19.36107,0.3,0.3,1018.37506,100.0,17.552084,26.38288,32.489002,19.427004,0.0,0.0,1019.1125,100.0,18.960417
2024-07-10,27.906809,34.472664,23.62884,2.6,2.6,1015.1917,100.0,18.99375,28.366274,36.821693,23.272942,9.9,9.9,1015.53345,100.0,19.936169,26.46272,33.838505,21.387762,0.70000005,0.70000005,1015.69183,100.0,18.908333,29.186722,34.336155,21.846224,2.4,2.4,1015.75433,100.0,17.870832,28.879303,35.95903,22.12263,0.90000004,0.90000004,1016.50415,100.0,18.077084
2024-07-11,25.392233,30.765106,21.143286,4.4,4.4,1016.41254,100.0,17.783333,25.730715,30.882221,22.102684,1.3,1.3,1016.64166,100.0,18.740332,24.494547,30.775288,18.557467,0.1,0.1,1016.99164,100.0,17.827084,26.195929,31.699402,19.940407,0.1,0.1,1016.1584,100.0,17.7875,27.934092,35.19096,22.590729,0.0,0.0,1015.77924,100.0,18.739584
2024-07-12,25.027557,32.156013,20.958052,12.6,12.6,1011.9751,100.0,19.393751,25.380302,32.073723,21.08143,8.4,8.4,1012.3374,100.0,19.275751,24.990751,31.989056,20.922203,4.2999997,4.2999997,1012.10425,100.0,18.725,26.18689,32.39502,21.903221,5.7,5.7,1012.0627,100.0,19.329168,27.321733,33.71576,21.796225,5.2,5.2,1012.7166,100.0,19.749998
2024-07-13,22.377806,26.724054,18.32751,2.0,2.0,1011.24994,100.0,15.625,22.160482,25.837303,18.909573,9.300001,9.300001,1011.5417,100.0,15.746585,20.929323,25.292439,17.49391,7.7000003,7.7000003,1012.2251,100.0,15.53125,24.33667,30.06483,19.221071,0.2,0.2,1011.1167,100.0,16.677084,24.391762,29.575424,20.354156,0.6,0.6,1010.7583,100.0,18.189583
2024-07-14,21.804138,26.094807,15.442247,0.4,0.4,1013.97504,100.0,13.912501,21.897612,25.705645,16.688063,0.1,0.1,1014.06244,100.0,12.567417,21.563993,27.311077,15.15733,5.4,5.4,1014.47076,100.0,14.9729185,24.200394,29.800797,18.428265,2.3,2.3,1013.32513,100.0,16.812502,23.571785,28.96585,19.94108,7.6,7.6,1013.4875,100.0,18.08125
2024-07-15,24.557419,31.79818,16.174963,0.0,0.0,1013.2791,88.0,13.412499,25.551695,31.712517,18.5796,0.0,0.0,1013.50836,91.0,14.350751,24.435946,31.729588,15.54896,0.0,0.0,1013.8125,100.0,15.783336,27.58014,33.603745,21.930723,0.3,0.3,1013.96674,100.0,17.756248,26.628515,33.2448,19.754301,0.0,0.0,1014.4541,100.0,18.04375
2024-07-16,24.965902,29.28851,21.473145,2.1,2.1,1012.45,100.0,15.510418,25.043493,29.700718,21.473053,3.1,3.1,1012.52924,100.0,16.809084,24.145803,30.362827,20.385164,3.7,3.7,1013.5791,100.0,17.035416,26.88328,32.363144,22.494675,0.3,0.3,1012.30005,100.0,17.233335,25.496588,30.149742,21.19647,4.6,4.6,1012.7083,100.0,19.43125
2024-07-17,21.891935,25.645582,17.221754,2.5,2.5,1019.41254,100.0,12.195832,21.61676,26.38358,16.345066,0.0,0.0,1019.43744,100.0,12.723667,21.053583,24.307041,18.32191,1.6999999,1.6999999,1020.4792,100.0,15.493751,22.671188,26.497326,18.944876,1.9,1.9,1018.9666,100.0,14.375,23.678064,28.209042,20.009127,1.6,1.6,1018.7083,100.0,17.127085
2024-07-18,22.16234,27.480215,16.782995,0.0,0.0,1022.4832,100.0,12.45,21.769003,26.751959,15.851925,0.0,0.0,1023.14996,100.0,13.681999,21.738083,27.354864,15.712309,0.0,0.0,1022.27094,100.0,15.508334,23.152891,29.689697,16.087973,0.0,0.0,1021.5168,100.0,13.441667,22.554598,28.078125,17.09121,0.0,0.0,1022.0376,100.0,15.102082
2024-07-19,23.825686,31.036003,17.70764,0.0,0.0,1019.7417,100.0,13.287499,24.271088,30.361198,17.76101,0.0,0.0,1020.30414,100.0,13.567417,23.242868,27.958218,17.477112,0.0,0.0,1019.45825,97.0,15.660417,23.812162,29.831852,18.640179,0.0,0.0,1019.3042,100.0,12.804165,22.525179,28.513374,17.101887,0.0,0.0,1020.1042,100.0,13.772916
2024-07-20,23.711721,28.471893,17.86866,0.0,0.0,1012.9124,100.0,12.566666,25.71241,30.580563,20.443924,0.0,0.0,1013.11664,100.0,13.238251,22.930458,25.846725,20.34888,0.1,0.1,1013.50433,100.0,15.516667,23.251534,26.95956,18.669802,0.2,0.2,1012.76666,100.0,13.404167,22.799551,29.064426,17.59677,0.0,0.0,1013.17914,100.0,14.172919
2024-07-21,25.878487,32.657642,19.251316,0.0,0.0,1008.8999,58.0,11.983334,27.191427,34.43679,20.112307,0.1,0.1,1009.0959,58.0,14.36325,23.745062,30.326946,16.843855,0.0,0.0,1009.6501,20.0,15.779166,24.505243,29.851566,17.57316,0.0,0.0,1009.2083,100.0,13.506249,24.618101,29.722862,20.385275,0.0,0.0,1009.3582,100.0,13.708333
2024-07-22,25.109194,30.845829,21.22615,1.0,1.0,1012.7666,100.0,14.360417,25.34188,29.689175,20.57662,0.0,0.0,1013.2625,100.0,15.363251,22.486258,26.732904,18.840027,9.500001,9.500001,1014.2166,100.0,17.279165,24.915148,32.046898,18.563189,2.8999999,2.8999999,1012.21246,100.0,16.0875,25.265886,32.62894,16.635695,0.0,0.0,1011.6792,100.0,14.654167
2024-07-23,22.903223,26.896914,19.13534,1.6,1.6,1017.25433,100.0,12.610415,22.324877,27.799717,16.732111,6.1,6.1,1017.47076,100.0,13.752835,21.691422,26.595291,16.84306,0.4,0.4,1017.9792,100.0,15.566666,24.067278,27.656057,20.358784,0.3,0.3,1016.86664,100.0,14.875,23.377924,27.122274,20.147388,0.4,0.4,1016.8001,100.0,14.997916
2024-07-24,20.35816,24.365898,17.260984,2.6,2.6,1015.9917,100.0,12.679166,20.184483,22.855938,17.520506,6.6999993,6.6999993,1016.4124,96.0,14.154915,18.684143,21.730072,15.575531,2.3,2.3,1016.63745,100.0,13.299999,21.212301,24.843964,18.047176,0.90000004,0.90000004,1014.77075,100.0,12.9375,20.068007,23.304274,17.398468,6.8999996,6.8999996,1014.19586,100.0,14.097917
2024-07-25,19.782366,24.189138,15.502098,0.7,0.7,1015.40424,100.0,9.062501,19.127188,23.794725,14.079308,0.1,0.1,1015.81665,100.0,11.0632515,18.486567,23.477121,13.58202,0.4,0.4,1015.94165,100.0,11.974998,19.283937,23.956697,14.469833,0.1,0.1,1014.85406,99.0,9.8375,18.338274,22.661654,13.779324,0.2,0.2,1014.625,100.0,11.304166
2024-07-26,21.378046,30.11879,13.800095,0.0,0.0,1012.73755,100.0,10.491666,21.420168,26.478052,14.8373375,1.0,1.0,1013.21674,100.0,13.054916,20.357443,27.66706,12.136677,0.0,0.0,1013.2791,100.0,12.510417,21.560541,28.742397,13.5630665,0.0,0.0,1013.59174,96.0,9.320832,20.930077,26.59025,12.98881,0.0,0.0,1013.85425,100.0,11.170833
2024-07-27,25.076561,32.63873,17.828867,0.0,0.0,1013.72504,100.0,14.047916,24.293411,29.757355,18.890144,3.1999998,3.1999998,1014.4541,100.0,16.502832,24.204523,32.756905,14.73765,0.3,0.3,1014.2791,100.0,15.806249,25.924349,33.69835,17.390295,0.0,0.0,1014.28754,100.0,12.393749,24.831892,30.958824,16.232437,0.0,0.0,1014.75415,99.0,13.333335
2024-07-28,21.116959,23.944641,16.274954,7.7,7.7,1019.3958,100.0,14.429166,21.30271,23.546814,18.33242,7.8,7.8,1019.65424,100.0,15.352832,21.670898,23.879171,16.159582,2.6999998,2.6999998,1019.9207,100.0,15.650001,23.782885,27.163082,17.6015,1.2,1.2,1018.37915,100.0,13.722917,21.946976,27.16156,15.908722,0.9,0.9,1017.6416,100.0,13.235415
2024-07-29,18.416178,23.488306,13.399736,0.0,0.0,1023.8582,100.0,9.758333,17.891273,22.975014,12.506649,0.0,0.0,1024.2959,33.0,11.184083,18.85081,22.862823,14.3363495,0.0,0.0,1023.77075,100.0,11.943749,18.992897,23.872835,13.661587,0.0,0.0,1022.7209,89.0,8.691667,17.366476,22.253315,11.917011,0.0,0.0,1022.45,37.0,9.15
2024-07-30,20.274612,27.711008,11.282444,0.0,0.0,1019.88324,31.0,8.279166,20.993675,27.845394,12.0711155,0.0,0.0,1020.00006,78.0,10.792417,19.748432,26.619286,12.068651,0.0,0.0,1020.30835,93.0,10.718749,20.122652,27.202398,11.918774,0.0,0.0,1020.1707,14.0,8.060416,19.382952,26.336695,11.754749,0.0,0.0,1020.15826,43.0,9.693749
2024-07-31,24.587946,33.368366,16.167635,0.0,0.0,1013.9416,100.0,10.310416,25.437117,33.082066,15.867229,0.0,0.0,1014.37915,100.0,11.750751,23.180084,31.816711,13.314318,0.0,0.0,1014.6167,100.0,13.358334,23.854464,31.123016,14.763525,0.0,0.0,1014.95844,98.0,8.631249,22.584478,29.954967,13.621851,0.0,0.0,1014.7,100.0,9.943749
2024-08-01,25.511703,31.171791,20.245062,2.0,2.0,1011.2249,100.0,14.89375,26.533812,32.945724,21.797249,4.6,4.6,1011.6834,100.0,16.821583,23.849571,29.711124,18.787476,0.90000004,0.90000004,1011.78326,100.0,16.36458,25.165411,30.860222,21.21042,0.3,0.3,1011.14166,100.0,13.514584,21.568413,24.80206,17.650215,3.3999999,3.3999999,1012.0457,100.0,15.400001
2024-08-02,20.142696,25.055952,15.584478,13.400001,13.400001,1009.07495,100.0,16.404167,20.398598,23.798244,16.075142,8.1,8.1,1009.41254,100.0,17.0445,20.361528,24.917404,14.649424,2.0,2.0,1009.73755,100.0,15.558335,22.881395,27.885262,15.75894,13.1,13.1,1008.34576,100.0,16.591667,22.40082,27.810856,18.83353,9.7,9.7,1007.96234,100.0,16.970835
2024-08-03,19.949017,24.6829,13.762625,0.4,0.4,1011.64594,100.0,13.447917,20.508026,25.75395,14.080147,0.9000001,0.9000001,1011.73737,100.0,14.542416,18.629667,24.901804,11.42264,0.7,0.7,1012.3416,98.0,13.060416,19.151842,23.870537,14.363182,0.0,0.0,1010.6291,92.0,11.622917,17.047646,20.846378,13.310921,2.6999998,2.6999998,1010.09576,100.0,13.233333
2024-08-04,20.182901,24.187319,17.668247,14.200001,14.200001,1012.4709,100.0,15.866666,21.472069,25.541794,19.122719,8.3,8.3,1012.3542,100.0,15.957,19.328058,22.347483,15.712387,16.300001,16.300001,1013.45416,100.0,15.654167,20.070974,25.87073,15.884001,2.4999998,2.4999998,1012.6584,100.0,13.993749,19.090443,25.569872,13.018927,1.9,1.9,1012.1626,100.0,14.064583
2024-08-05,17.824675,20.47798,14.432514,0.1,0.1,1015.0125,100.0,11.347917,17.383451,20.077896,15.017448,0.0,0.0,1015.3958,100.0,11.936168,17.853422,20.75286,16.123152,2.3999999,2.3999999,1015.196,100.0,13.679164,18.006813,20.373016,13.925913,0.0,0.0,1013.96265,100.0,11.891665,17.001102,18.64491,15.221344,0.6,0.6,1013.4834,100.0,12.929166
2024-08-06,18.611427,25.97886,10.810708,0.0,0.0,1014.9583,100.0,10.500001,19.930082,25.567057,13.577423,0.0,0.0,1015.06683,100.0,11.294499,18.888708,26.022322,11.989527,0.0,0.0,1014.75,100.0,11.779167,18.352434,25.4396,10.370046,0.0,0.0,1014.90405,93.0,9.712501,17.425362,22.498793,11.574045,0.0,0.0,1015.2332,78.0,11.324998
2024-08-07,23.09966,31.366512,14.720621,0.0,0.0,1012.19604,100.0,13.543751,23.560389,30.410896,15.6989975,0.1,0.1,1012.46674,100.0,14.559083,22.295471,30.461864,14.201956,0.1,0.1,1012.8084,100.0,14.408333,21.59862,29.596977,13.189249,0.0,0.0,1013.44995,100.0,12.443749,20.593437,28.281593,12.201532,0.0,0.0,1013.625,100.0,12.452084
2024-08-08,21.857447,27.020405,19.188229,5.9,5.9,1014.94586,100.0,16.247917,21.722275,25.20901,17.091991,0.9,0.9,1015.1375,100.0,15.844501,21.03519,26.04195,16.832405,6.999999,6.999999,1015.63763,100.0,16.464582,23.060083,31.559666,18.840517,5.4,5.4,1014.22485,100.0,16.318748,22.742517,30.956974,18.274782,9.0,9.0,1013.48334,100.0,15.914584
2024-08-09,21.042181,25.564724,15.199701,0.0,0.0,1017.31665,100.0,14.000001,21.516035,25.58588,15.77771,0.0,0.0,1017.1416,100.0,14.0736685,20.164366,24.650835,14.944159,0.0,0.0,1018.2957,100.0,14.1833315,21.67674,26.748966,16.243872,0.0,0.0,1017.32074,100.0,13.395832,20.6821,24.937975,16.470371,0.1,0.1,1017.14594,100.0,14.177085
2024-08-10,23.63574,28.051483,19.388477,0.1,0.1,1019.3874,99.0,15.01875,24.0137,28.870731,17.852762,0.0,0.0,1019.4709,100.0,15.748668,22.05577,27.597313,15.925339,0.0,0.0,1020.40424,96.0,15.412499,23.785856,29.174332,17.387205,0.0,0.0,1019.42523,100.0,14.662501,23.158606,28.416866,17.860403,0.5,0.5,1019.0208,95.0,15.718749
2024-08-11,23.924791,30.596153,17.488543,0.0,0.0,1020.4626,87.0,13.916668,22.917463,29.209198,17.177628,0.0,0.0,1020.95844,100.0,14.527833,23.939665,31.598133,16.876633,0.0,0.0,1020.45825,62.0,16.135416,25.038345,32.063393,17.996063,0.0,0.0,1019.7083,88.0,14.485416,23.386742,29.73067,17.496502,0.5,0.5,1020.1333,62.0,15.508332
2024-08-12,24.836752,32.962997,17.145832,0.0,0.0,1016.02094,98.0,15.28125,24.66053,32.295925,16.394323,0.0,0.0,1016.5085,92.0,15.013251,24.915941,32.52368,17.536947,0.0,0.0,1015.64594,100.0,16.80625,25.800043,33.206284,18.867922,0.0,0.0,1015.78754,100.0,14.358334,21.920942,28.250874,15.00383,0.0,0.0,1016.85406,85.0,13.495833
2024-08-13,26.917603,34.46805,19.559002,0.1,0.1,1012.4084,96.0,16.31042,27.712198,35.682,19.378786,0.0,0.0,1012.7666,73.0,15.769501,26.598383,32.5827,21.018545,0.4,0.4,1012.3958,86.0,17.500002,26.43332,34.465416,19.613083,0.0,0.0,1012.6792,98.0,12.381249,22.099174,29.262165,15.855837,0.0,0.0,1014.18756,99.0,12.210418
2024-08-14,27.455475,35.37558,20.303095,0.0,0.0,1011.41656,100.0,14.897916,27.458754,33.892952,20.135792,0.4,0.4,1011.9626,100.0,15.334083,26.38063,34.653866,19.590153,0.1,0.1,1011.77905,100.0,17.074999,26.98587,35.005905,19.102509,0.0,0.0,1012.2417,100.0,12.789585,24.47175,34.247498,15.311516,0.0,0.0,1013.58344,36.0,14.254166
2024-08-15,27.321527,32.95777,23.02757,1.5999999,1.5999999,1015.19165,100.0,17.170835,28.329397,32.480434,23.661283,4.1,4.1,1015.42505,100.0,18.76325,25.191889,30.531837,18.5055,0.0,0.0,1016.375,100.0,16.302084,28.50773,36.128662,22.685427,0.0,0.0,1014.8791,100.0,15.997916,26.925978,32.872814,20.843449,0.2,0.2,1014.96246,100.0,16.84375
2024-08-16,26.942282,33.395744,20.601236,3.9,3.9,1015.771,64.0,16.795832,27.48079,32.138615,21.309958,0.0,0.0,1015.99994,58.0,16.457,26.198288,32.95873,20.795816,3.6,3.6,1016.6501,97.0,17.550001,27.835861,35.3802,21.453201,0.6,0.6,1015.7124,96.0,17.46667,28.012495,34.251034,22.240076,0.6,0.6,1015.80005,100.0,18.074999
2024-08-17,26.484522,31.532742,22.509787,1.0,1.0,1012.7126,100.0,17.785416,27.370728,32.251335,21.39865,0.6,0.6,1012.6751,100.0,16.723667,24.500067,29.813702,19.926193,4.9,4.9,1013.71674,100.0,18.770834,27.487192,33.50661,21.812443,0.0,0.0,1012.42084,100.0,17.891665,27.634577,34.628918,22.458286,0.0,0.0,1012.48755,100.0,17.283335
2024-08-18,24.724958,29.34972,21.007898,22.5,22.5,1008.3665,100.0,19.170832,24.857973,30.29663,21.004349,13.700001,13.700001,1008.8625,100.0,19.307001,23.712267,29.254223,20.333752,8.0,8.0,1008.50433,100.0,18.529165,25.794374,31.137459,22.50032,14.700001,14.700001,1008.3166,100.0,18.847916,26.085203,31.548225,22.136759,20.7,20.7,1008.78754,100.0,18.889582
2024-08-19,18.102745,20.698238,14.282055,10.999999,10.999999,1014.5793,100.0,14.687501,17.960836,20.636932,13.518019,4.5,4.5,1015.2124,100.0,14.875751,17.91825,20.40526,15.641006,17.699999,17.699999,1014.4167,100.0,15.406253,22.806578,26.444279,19.111664,0.2,0.2,1011.95,100.0,17.572916,22.797783,27.418568,19.429535,0.70000005,0.70000005,1011.9126,100.0,18.179165
2024-08-20,21.84546,27.382439,16.09047,0.0,0.0,1014.5,100.0,15.004166,21.73409,27.021236,15.150997,0.0,0.0,1014.9292,100.0,15.7195015,21.696646,27.705013,16.671095,0.1,0.1,1014.29175,100.0,15.583333,23.105621,30.117043,17.23678,0.0,0.0,1013.8792,100.0,16.293749,22.521986,27.58401,18.930214,0.0,0.0,1014.66254,100.0,16.36875
2024-08-21,19.792315,22.80935,14.644728,1.0,1.0,1013.2166,100.0,13.7458315,20.447098,23.754877,14.5217705,1.9000001,1.9000001,1013.2459,100.0,14.2611685,19.12644,22.978916,13.912434,6.2,6.2,1014.3958,100.0,13.491665,21.602316,25.10124,16.749254,0.2,0.2,1012.7541,100.0,15.118751,21.912546,26.159246,16.647264,8.8,8.8,1012.1707,100.0,16.93125
2024-08-22,17.519913,22.417822,12.252499,0.0,0.0,1015.5833,100.0,10.320833,18.018572,23.247046,13.667646,0.0,0.0,1015.5124,100.0,11.265334,16.477715,23.17089,10.350511,0.0,0.0,1016.0374,100.0,10.310416,17.596678,22.463203,12.317339,0.0,0.0,1016.1042,100.0,9.854167,16.844378,21.90372,11.637287,0.0,0.0,1016.2541,100.0,9.952085
2024-08-23,20.354506,28.296368,11.988829,0.0,0.0,1013.2083,100.0,11.997916,21.572615,28.501629,13.92569,0.0,0.0,1012.88763,100.0,14.852834,19.20881,28.15403,9.785277,0.0,0.0,1014.23334,100.0,12.216666,20.88872,27.557692,12.631886,0.0,0.0,1014.7541,100.0,12.312501,19.564493,26.0063,11.714005,0.0,0.0,1014.6333,100.0,11.991666
2024-08-24,24.340528,32.471416,15.508776,0.0,0.0,1014.1416,3.0,13.75,25.104422,31.384571,19.064953,0.0,0.0,1014.24994,4.0,15.257,22.793371,31.340755,13.345905,0.0,0.0,1014.74164,8.0,14.424999,25.459747,32.489113,15.995123,0.0,0.0,1015.52936,5.0,16.262499,25.676338,33.26591,16.855888,0.0,0.0,1015.72925,100.0,16.2375
2024-08-25,21.39224,24.640278,16.267141,1.5000001,1.5000001,1017.09595,100.0,14.387501,21.284689,26.29147,17.24599,1.7,1.7,1017.43756,100.0,15.117419,20.456354,24.850618,15.056246,0.2,0.2,1017.51263,100.0,14.922916,24.785408,31.984695,20.634512,0.1,0.1,1015.6834,73.0,15.993752,24.377306,32.551968,18.225409,0.7,0.7,1015.50006,100.0,15.070832
2024-08-26,18.846308,22.953524,14.763552,0.0,0.0,1022.44995,100.0,12.447918,18.973886,22.926716,13.590208,0.0,0.0,1022.6584,100.0,12.669501,17.081745,20.961346,12.939623,0.5,0.5,1022.53754,100.0,12.64375,20.657158,26.666445,16.743086,0.5,0.5,1020.4959,100.0,14.074998,19.331137,23.813,15.331882,5.9,5.9,1021.1458,100.0,14.325
2024-08-27,19.920454,24.746914,13.829542,0.0,0.0,1022.7292,100.0,13.768746,20.129387,26.816694,13.806284,0.0,0.0,1023.0708,100.0,13.736168,19.30629,25.185308,13.408659,0.1,0.1,1022.3374,100.0,14.475002,21.438986,27.10313,15.947231,0.0,0.0,1021.1958,100.0,14.364583,20.666674,25.336292,16.036554,0.0,0.0,1022.0625,100.0,14.670831
2024-08-28,23.911308,32.088364,16.00052,0.0,0.0,1019.4834,100.0,15.731251,24.818794,31.644264,17.135853,0.0,0.0,1020.04584,89.0,17.03825,23.420687,31.247402,16.956684,0.0,0.0,1019.1001,97.0,16.487501,26.1435,32.28002,20.473236,0.0,0.0,1019.6458,100.0,17.466667,25.098146,31.616047,19.020473,0.0,0.0,1020.60425,100.0,18.093746
2024-08-29,27.08648,33.986977,20.182875,0.0,0.0,1017.82916,35.0,17.118752,28.428598,34.82908,21.764006,0.0,0.0,1018.27075,30.0,18.777834,24.416267,32.33389,18.332045,0.0,0.0,1018.39166,63.0,16.55625,26.797417,33.450024,21.4889,0.0,0.0,1018.1375,92.0,17.12917,25.735498,32.547176,19.130938,0.3,0.3,1018.44147,74.0,16.945833
2024-08-30,26.472158,32.90523,19.938156,0.0,0.0,1018.02094,100.0,16.324999,28.500227,32.824753,24.548119,0.0,0.0,1018.5916,100.0,17.834087,24.9524,31.921524,17.300188,0.0,0.0,1018.29175,98.0,16.36875,26.469519,34.18692,19.789524,0.0,0.0,1017.4875,60.0,15.327085,25.222376,32.280846,17.267796,0.0,0.0,1017.875,88.0,16.377083
2024-08-31,23.59249,29.569138,17.610882,0.0,0.0,1020.99164,100.0,15.974998,21.351744,26.538101,15.859829,0.0,0.0,1022.3042,100.0,16.317417,24.251074,30.85273,18.063198,0.1,0.1,1019.9084,100.0,16.854168,25.144827,31.190151,20.210705,0.0,0.0,1019.10834,100.0,15.14375,22.839403,28.056232,17.514683,0.0,0.0,1020.3084,99.0,16.558332
2024-09-01,22.44296,28.976543,16.809565,0.0,0.0,1019.0207,99.0,15.420834,23.118223,31.398205,16.885056,0.7,0.7,1019.6292,38.0,16.488253,22.985506,29.268505,16.47395,0.0,0.0,1017.9915,100.0,16.272917,23.64932,30.45927,18.73429,0.0,0.0,1018.19977,96.0,15.802085,21.741014,25.827265,18.120045,0.1,0.1,1019.7666,100.0,16.50625
2024-09-02,23.390844,30.539478,18.662563,3.4,3.4,1014.67505,100.0,16.81875,24.181887,31.237938,17.442266,1.0,1.0,1015.14996,94.0,17.275751,21.92422,28.758892,16.827608,0.9,0.9,1014.6167,100.0,16.625,24.74166,30.845383,19.738197,0.0,0.0,1014.2791,100.0,13.752084,23.711061,31.13522,18.24148,1.5,1.5,1015.6125,100.0,17.266668
2024-09-03,25.506594,33.072468,18.500877,0.0,0.0,1015.02924,100.0,16.954168,26.220232,32.656452,19.743128,1.0,1.0,1015.47504,100.0,18.002834,23.08515,31.44027,16.39921,0.0,0.0,1015.54175,100.0,16.279167,25.120377,31.355015,19.070107,0.0,0.0,1015.75006,100.0,11.877083,24.736883,31.478271,17.9704,0.0,0.0,1016.79596,100.0,14.722917
2024-09-04,24.905085,32.033985,17.50167,0.0,0.0,1013.78345,100.0,12.331249,25.688316,31.763714,18.693216,0.0,0.0,1014.4832,76.0,14.544501,23.080788,30.705933,15.927458,0.0,0.0,1013.7832,98.0,13.837499,24.782562,31.083439,18.224705,0.0,0.0,1014.87494,66.0,11.016666,24.244568,31.990334,18.026108,0.0,0.0,1016.09174,93.0,13.429166
2024-09-05,23.487534,28.312904,19.67521,0.0,0.0,1012.3501,53.0,10.735415,24.468634,29.048992,19.501719,0.0,0.0,1013.17487,66.0,12.602834,20.874746,25.376938,17.302416,0.0,0.0,1011.95,100.0,11.197917,24.026894,29.97974,19.450178,0.0,0.0,1013.7957,54.0,9.710416,21.710238,27.652489,17.287863,0.0,0.0,1015.2,77.0,10.739583
2024-09-06,21.536924,27.897285,15.359821,0.0,0.0,1013.0417,98.0,8.668749,22.325361,27.94489,16.010681,0.0,0.0,1013.7375,59.0,9.811166,19.062359,23.410759,15.3997135,0.0,0.0,1012.9458,100.0,9.422916,21.226088,26.589611,16.018076,0.0,0.0,1013.8125,100.0,8.797917,20.675241,27.548729,12.373232,0.0,0.0,1014.82495,100.0,10.022916
2024-09-07,22.68383,28.649681,16.731316,0.0,0.0,1013.8626,98.0,12.345833,23.358492,28.58699,16.233042,0.0,0.0,1014.37506,89.0,13.450752,20.673813,27.89281,13.870934,0.3,0.3,1013.7834,76.0,12.964584,22.430231,27.395222,17.543633,0.0,0.0,1015.55817,38.0,12.272918,22.793016,29.834335,15.683298,0.2,0.2,1016.50836,39.0,12.691667
2024-09-08,24.585825,31.049507,18.303684,0.0,0.0,1009.5918,100.0,13.397916,24.611647,30.348839,17.954678,0.0,0.0,1009.9749,100.0,14.600753,21.95308,28.822052,15.489159,0.0,0.0,1009.8584,100.0,14.172916,23.806808,27.271988,20.115765,0.0,0.0,1011.7583,100.0,13.331249,23.763557,28.63034,19.22109,0.0,0.0,1013.2458,100.0,12.356251
2024-09-09,18.687588,24.551323,14.542887,15.900002,15.900002,1003.26654,100.0,14.491665,20.178846,24.7936,16.768497,13.5,13.5,1003.0251,100.0,15.188251,17.327316,22.030804,13.45467,19.7,19.7,1004.84155,100.0,13.877084,18.610838,23.144512,15.468157,20.399998,20.399998,1004.94586,100.0,15.727082,18.58413,21.347937,14.907551,9.0,9.0,1005.1125,100.0,12.245833
2024-09-10,14.990422,18.012625,12.28764,0.70000005,0.70000005,1009.65424,100.0,10.6625,15.72802,17.2211,12.233412,1.7,1.7,1009.4751,100.0,12.025749,13.8793,17.08509,11.674646,0.4,0.4,1010.7834,95.0,10.652083,16.130213,19.635403,12.924175,0.2,0.2,1009.14166,100.0,11.941666,16.631252,19.705816,14.370647,6.7999997,6.7999997,1008.44586,100.0,13.556249
2024-09-11,13.412162,16.774994,10.606483,1.0,1.0,1008.16254,100.0,9.622916,13.53685,16.814676,10.783111,1.8,1.8,1007.5544,100.0,10.52575,13.619531,18.053463,10.119601,1.3000001,1.3000001,1009.29584,100.0,9.95625,15.437728,20.621996,9.169576,0.0,0.0,1008.93335,100.0,10.579166,16.065401,19.948,11.95348,0.0,0.0,1008.6541,100.0,11.21875
2024-09-12,9.154528,10.905342,7.377989,11.300001,11.300001,1012.7583,100.0,7.4604154,11.330739,12.994637,10.022392,4.1,4.1,1012.43756,100.0,7.0861683,7.074402,13.226845,4.7636414,25.000002,25.000002,1013.3584,100.0,7.233333,9.228873,14.930986,6.3325043,18.099998,18.099998,1010.5542,100.0,9.195833,10.667201,14.7523365,6.6690445,10.1,10.1,1010.1126,100.0,10.452083
2024-09-13,5.587187,9.170279,3.1622357,35.4,35.4,1014.61664,100.0,7.210417,6.6092525,9.821151,4.2982597,32.4,32.4,1015.20404,100.0,7.746584,3.157483,6.343772,0.59509087,41.6,41.6,1014.52924,100.0,5.56875,4.6856318,7.531599,2.5339346,57.600002,57.600002,1009.00836,100.0,6.94375,7.204863,12.3007965,4.852502,44.8,44.8,1008.93756,100.0,9.364583
2024-09-14,6.001614,8.13051,4.621256,30.2,30.2,1016.8459,100.0,7.879166,5.9257927,9.367088,3.6945295,10.9,10.9,1017.69586,100.0,8.11325,4.36953,5.1299124,2.638733,59.999996,59.999996,1016.1877,100.0,7.433333,7.552219,9.302101,5.2234,63.500004,63.500004,1007.9876,100.0,9.972917,12.28222,14.660446,9.816441,107.80001,107.80001,1006.04584,100.0,13.827083
2024-09-15,6.233312,8.631095,4.2192907,13.2,13.2,1018.32495,100.0,7.35,6.214785,8.671021,3.3667088,15.2,15.2,1018.7334,100.0,8.061168,3.9249582,6.1099396,1.9153008,17.900003,17.900003,1018.65424,100.0,6.510416,7.9133086,14.113014,3.6298022,26.699999,26.699999,1010.4583,100.0,9.547917,13.074279,16.491682,8.149904,52.6,52.6,1008.5916,100.0,11.3625
2024-09-16,11.52977,14.607151,8.254342,25.000002,25.000002,1015.85406,100.0,11.837501,11.90028,15.920216,8.691944,7.1999993,7.1999993,1016.84576,100.0,12.336166,8.509478,12.345537,5.9109764,21.800001,21.800001,1015.48755,100.0,9.933333,11.677508,15.930243,7.6752186,9.200001,9.200001,1011.95,100.0,11.429166,13.265395,15.052586,11.631168,6.5,6.5,1011.93335,100.0,12.802083
2024-09-17,16.542273,21.099396,13.788099,0.1,0.1,1021.91656,100.0,12.837499,17.426403,21.575579,13.874809,0.5,0.5,1022.8875,100.0,14.371583,13.11726,16.440437,11.20829,1.5,1.5,1021.45,100.0,11.535417,15.688721,19.23813,12.573109,0.3,0.3,1021.02905,100.0,12.512501,15.643101,20.644468,11.696008,0.0,0.0,1021.3542,85.0,12.597916
2024-09-18,15.84243,22.032827,10.850508,0.2,0.2,1025.4958,100.0,11.377084,17.427015,21.904049,12.626244,0.0,0.0,1026.2833,86.0,12.459084,13.899125,19.785519,8.410734,0.0,0.0,1024.2666,31.0,9.712501,16.435541,21.686153,12.84234,0.0,0.0,1024.0043,37.0,11.197917,15.694035,21.547157,11.357974,0.4,0.4,1025.4459,60.0,12.175
2024-09-19,14.188099,18.78564,9.756738,0.0,0.0,1023.7251,21.0,10.422916,15.929005,20.72749,11.856861,0.1,0.1,1024.3834,100.0,11.492417,13.248311,19.093782,6.6323357,0.0,0.0,1022.5417,20.0,9.125,14.756619,18.748972,11.270104,0.0,0.0,1022.52515,33.0,10.599999,13.119373,15.456001,10.084871,0.0,0.0,1024.0917,58.0,10.866666
2024-09-20,14.256218,19.718998,8.510732,0.0,0.0,1024.1626,99.0,10.937501,15.769647,21.602898,9.644697,0.0,0.0,1024.5582,78.0,11.267417,12.306903,16.83593,7.287635,0.0,0.0,1023.554,100.0,9.602083,15.135135,20.319485,11.162183,0.0,0.0,1024.225,100.0,10.45,13.430702,20.256706,8.074407,0.0,0.0,1025.35,23.0,9.562499
2024-09-21,14.033382,20.00988,8.439854,0.0,0.0,1023.06683,13.0,9.339585,14.465511,20.027197,7.9256487,0.0,0.0,1023.4668,34.0,9.544501,13.408707,18.953491,9.185458,0.0,0.0,1022.3916,24.0,9.935416,13.336376,19.277554,7.896948,0.0,0.0,1024.1542,39.0,8.141665,13.589569,20.405828,6.5246487,0.0,0.0,1024.85,0.0,8.552083
2024-09-22,14.665484,22.57072,7.8836718,0.0,0.0,1017.7126,75.0,10.35625,15.404866,20.770805,8.6754465,0.0,0.0,1018.08325,99.0,10.648667,13.778571,21.781742,7.3692284,0.0,0.0,1017.40845,91.0,9.975,13.389867,18.949234,8.650675,0.0,0.0,1019.22504,5.0,8.391666,12.826121,21.721312,4.15862,0.0,0.0,1019.99994,0.0,8.320834
2024-09-23,15.609609,22.57296,9.672783,0.0,0.0,1011.35004,100.0,11.545834,16.335537,21.92038,11.00075,0.0,0.0,1011.5334,100.0,12.161166,14.632394,22.223211,8.0605545,0.0,0.0,1011.3918,100.0,10.885417,14.030564,19.960938,9.267887,0.0,0.0,1012.99176,100.0,9.352083,13.370736,19.827543,5.952936,0.0,0.0,1013.6291,100.0,8.0125
2024-09-24,13.202938,16.135727,10.216519,3.7,3.7,1007.3208,100.0,11.018748,13.712956,16.773525,10.57841,6.6,6.6,1007.05817,100.0,12.042416,12.64331,15.954592,9.820477,4.2999997,4.2999997,1008.46674,100.0,10.64375,14.192922,17.066927,11.58609,3.2,3.2,1009.38745,100.0,11.804166,14.683674,20.412666,10.022333,0.4,0.4,1009.30835,100.0,9.902083
2024-09-25,13.572109,18.399708,9.891451,0.2,0.2,1009.62085,100.0,9.568749,14.204906,17.813784,10.557651,3.5999997,3.5999997,1008.8333,100.0,11.179917,13.226883,17.95734,9.668922,0.0,0.0,1011.175,100.0,9.541667,13.938605,18.482672,8.552374,0.0,0.0,1012.1541,100.0,11.231251,14.699703,18.199104,11.626187,0.0,0.0,1011.8625,100.0,11.725001
2024-09-26,14.48869,18.210287,11.724087,6.2,6.2,1002.12494,100.0,12.09375,15.047875,19.069916,10.465316,10.900001,10.900001,1001.5459,100.0,13.525752,14.808141,20.103535,9.229397,3.3999999,3.3999999,1003.24176,100.0,11.420834,15.82664,20.000023,12.196388,0.0,0.0,1004.5876,100.0,12.977085,16.149546,18.970482,13.219894,2.3999999,2.3999999,1004.7668,100.0,12.718749
2024-09-27,13.89046,17.352774,10.356277,1.5,1.5,1003.90826,100.0,11.181252,14.160825,17.431791,10.841501,1.3,1.3,1002.65424,100.0,11.47575,13.533019,16.913866,11.016731,7.5,7.5,1006.12085,100.0,11.414584,15.191155,17.897652,13.527208,6.9999995,6.9999995,1006.32074,100.0,12.841666,14.99483,16.994211,12.781466,8.700001,8.700001,1005.51263,100.0,12.683333
2024-09-28,9.602013,12.902365,5.920227,0.90000004,0.90000004,1014.3459,100.0,7.2875004,9.983651,12.353857,5.9217625,0.3,0.3,1014.12506,100.0,7.492417,9.137263,11.617834,6.033102,1.4000001,1.4000001,1015.4417,100.0,7.2604165,11.888691,15.462938,7.5814266,0.5,0.5,1013.89996,100.0,8.731251,12.009983,16.01551,9.116465,0.0,0.0,1013.1667,100.0,8.902083
2024-09-29,6.3476644,10.103679,2.7202597,0.0,0.0,1027.7709,100.0,3.7291667,6.4079094,10.681431,1.663837,0.0,0.0,1027.746,100.0,4.546583,5.261842,8.276079,2.2827272,0.2,0.2,1028.0001,100.0,3.427083,6.233286,8.588276,3.5672607,0.0,0.0,1026.3917,71.0,3.7479165,6.1958942,8.596989,3.9664583,0.2,0.2,1025.9042,94.0,4.5000005
2024-09-30,6.8029656,11.083627,2.2750812,0.0,0.0,1022.4167,100.0,4.1229167,6.831473,10.802994,1.9327397,0.0,0.0,1022.56665,100.0,5.1195,4.979852,8.931639,1.4580045,0.6,0.6,1022.40826,100.0,3.810417,6.3151174,11.092599,2.4409485,0.0,0.0,1023.4373,100.0,3.9145832,5.979267,10.814606,0.95570946,0.0,0.0,1024.2789,100.0,4.429167
2024-10-01,10.121997,15.881418,5.7558384,1.4,1.4,1013.53326,100.0,7.8062496,9.813362,15.248386,4.751568,0.4,0.4,1013.47095,100.0,8.46325,10.20399,15.068039,2.8617306,0.0,0.0,1014.0625,100.0,7.8812504,8.9919195,13.750059,3.1701717,0.0,0.0,1015.9416,100.0,6.2000003,6.8685436,13.459862,-0.4262421,0.0,0.0,1016.3167,100.0,5.1041665
2024-10-02,9.306048,11.326813,6.6412115,7.4999995,7.4999995,1007.95825,100.0,9.445832,9.903792,12.905746,7.103918,7.8999996,7.8999996,1008.5542,100.0,9.754916,9.827174,13.400898,6.7891645,5.6999993,5.6999993,1007.32916,100.0,9.635417,7.702389,10.245045,6.9485607,6.4999995,6.4999995,1009.06256,100.0,7.8583336,8.829532,11.982534,5.335389,11.2,11.2,1009.58344,100.0,7.69375
2024-10-03,7.8987746,10.565428,5.874957,0.2,0.2,1013.37506,100.0,7.3520837,8.562986,10.022026,7.1643515,0.5,0.5,1013.73755,100.0,8.27575,6.900288,8.763187,4.2942333,0.3,0.3,1013.175,100.0,6.672917,9.028841,11.748147,6.7356405,0.1,0.1,1011.7249,100.0,7.5499997,8.861358,10.897954,5.836647,1.0000001,1.0000001,1011.6541,100.0,8.179166
2024-10-04,6.6434665,7.4644547,5.7336845,3.8,3.8,1015.5,100.0,7.4770837,7.6857686,8.353135,6.5327873,0.70000005,0.70000005,1016.2708,100.0,8.525751,6.236838,7.0883493,5.5175295,4.2,4.2,1014.64166,100.0,7.0437503,7.453882,8.425305,6.3638573,10.5,10.5,1012.60406,100.0,7.7395844,6.7409434,7.642521,6.065892,5.8,5.8,1013.21246,100.0,8.18125
2024-10-05,6.8706574,8.009535,6.147503,7.1999993,7.1999993,1017.0793,100.0,7.5750003,7.3733826,8.756491,6.1603546,2.9999998,2.9999998,1017.79175,100.0,7.7653337,6.311901,7.129257,5.6325607,2.6999998,2.6999998,1016.596,100.0,7.3312507,8.055686,9.308014,7.2542,4.1,4.1,1014.45416,100.0,8.258333,8.041304,9.808668,6.914736,3.999999,3.999999,1014.2708,100.0,9.197916
2024-10-06,6.7819767,10.562881,3.944315,0.0,0.0,1014.2083,100.0,5.6812496,7.4001765,10.383191,4.5101404,0.0,0.0,1014.31256,100.0,6.2069993,7.1400876,11.4212055,3.5684419,0.1,0.1,1013.8501,100.0,6.216667,8.585889,12.231926,4.674757,0.5,0.5,1013.6082,100.0,7.3625007,7.6399207,11.28161,4.4358034,0.70000005,0.70000005,1013.6624,100.0,7.897917
2024-10-07,8.792971,15.934677,1.5962973,0.1,0.1,1010.0667,100.0,8.054166,8.3428,12.964458,2.6516895,0.4,0.4,1010.38336,100.0,8.136167,9.865906,18.659279,1.7232099,0.0,0.0,1010.12915,100.0,8.016667,7.15152,12.289728,1.9106083,0.0,0.0,1012.50415,100.0,7.079167,8.52332,12.616415,4.1419344,0.0,0.0,1012.2,100.0,7.6375003
2024-10-08,12.991866,18.06987,8.669592,0.0,0.0,1005.0999,100.0,11.189584,12.708919,17.115852,9.758116,1.0,1.0,1005.4417,100.0,11.665333,11.747876,16.92348,7.171273,0.0,0.0,1005.3333,100.0,10.802083,12.77227,17.273367,8.492978,0.6,0.6,1008.0291,100.0,11.633332,13.18871,17.548014,7.1468296,0.0,0.0,1008.4458,100.0,10.929166
2024-10-09,14.340056,18.446419,11.442305,4.1,4.1,1000.01654,100.0,11.772918,14.829843,17.920351,12.33127,3.4,3.4,999.6333,100.0,12.446586,13.918078,17.708479,10.673874,5.0000005,5.0000005,1001.2375,100.0,11.295834,15.055809,18.710636,12.082647,5.0000005,5.0000005,1002.3835,100.0,12.670834,14.767215,17.737762,12.97081,1.7,1.7,1002.02496,100.0,12.258332
2024-10-10,12.054307,15.437374,8.798899,1.1,1.1,996.70416,100.0,10.195832,12.574344,15.224482,9.444584,0.5,0.5,996.2209,100.0,11.044501,11.137889,16.336788,9.353072,1.0,1.0,998.4709,100.0,9.6375,13.04559,18.367441,10.431306,2.9999998,2.9999998,998.6209,100.0,11.779166,14.683618,18.598536,12.765827,2.3,2.3,997.8374,100.0,12.195834
2024-10-11,7.100734,9.651578,2.5841508,4.5,4.5,1013.8335,100.0,6.943751,7.7946153,11.132368,3.6299996,2.6,2.6,1013.97504,100.0,6.959083,7.9979587,11.139961,5.0067043,2.6,2.6,1013.62085,100.0,7.1458335,10.161973,14.199738,7.191043,7.2999997,7.2999997,1012.1416,100.0,9.006249,9.650102,12.502827,6.931014,7.3,7.3,1012.01245,100.0,8.125001
2024-10-12,5.001259,10.255821,0.005478859,0.0,0.0,1019.3584,100.0,3.997917,5.443573,9.285912,1.195343,0.2,0.2,1019.4709,100.0,5.1028333,5.521391,8.98065,1.8591499,0.0,0.0,1019.34576,100.0,5.13125,6.963573,11.13227,1.4054489,0.1,0.1,1020.3374,100.0,5.61875,6.563561,10.81292,2.9930868,0.0,0.0,1021.05,100.0,5.2
2024-10-13,7.025472,9.922776,4.116452,1.2,1.2,1012.52075,100.0,4.69375,6.703981,9.712186,3.6797018,1.8000001,1.8000001,1012.075,100.0,5.2174163,7.8076878,11.593676,3.5074396,2.3999999,2.3999999,1014.5041,100.0,5.0687504,8.235597,13.046867,4.870363,0.1,0.1,1014.60406,100.0,6.2520843,7.423898,11.386633,3.9793262,0.5,0.5,1013.1709,100.0,6.129166
2024-10-14,5.765859,10.686608,1.4752283,4.8999996,4.8999996,1019.54584,100.0,4.027083,6.595032,10.529036,2.619927,5.5,5.5,1019.32086,100.0,5.132,6.248608,11.897793,-1.0326571,4.4,4.4,1019.80817,100.0,4.4104166,6.4463196,10.555726,1.4451733,0.4,0.4,1020.16656,100.0,4.0499997,5.0222,8.365797,2.172276,0.0,0.0,1019.23346,100.0,3.3416662
2024-10-15,6.1789937,10.215995,2.670144,0.5,0.5,1023.77905,100.0,5.127084,6.6178727,11.105466,1.7375722,0.1,0.1,1023.9001,100.0,5.2299166,8.356728,11.878611,4.627798,0.1,0.1,1022.7791,100.0,6.3354163,7.2887836,11.348754,3.6376781,1.4000001,1.4000001,1023.0667,100.0,5.652083,5.9508224,8.914369,2.4785452,3.4,3.4,1023.7041,100.0,5.054167
2024-10-16,5.4608517,11.32748,0.62816334,0.0,0.0,1023.91656,100.0,4.73125,5.472929,11.205627,-0.109377384,0.0,0.0,1024.3083,100.0,5.3486667,4.614264,9.294962,1.3036966,0.0,0.0,1022.6709,100.0,4.9645834,5.0993133,9.234313,1.2875414,0.0,0.0,1027.0417,98.0,4.4541664,4.4207115,12.029596,-2.2659945,0.0,0.0,1028.3168,42.0,3.9166667
2024-10-17,8.598646,13.407051,5.082945,0.0,0.0,1020.36664,100.0,6.741668,8.712996,12.623247,5.8265266,0.0,0.0,1020.59174,100.0,7.3424163,6.774303,11.785576,4.070344,0.0,0.0,1019.72925,100.0,7.0791664,6.5384393,9.637873,3.5858974,0.0,0.0,1024.725,100.0,5.102083,5.0522547,14.755085,-2.5575876,0.0,0.0,1025.4417,100.0,3.25
2024-10-18,10.452271,14.933659,6.5384436,0.0,0.0,1017.8,100.0,8.043751,10.844596,14.100594,8.23316,0.0,0.0,1018.0083,100.0,8.907,8.056777,12.649952,5.996088,0.0,0.0,1017.21246,100.0,8.325,7.452793,10.269007,4.9617367,0.0,0.0,1021.99176,99.0,4.2875,7.752331,16.417088,2.1051636,0.0,0.0,1022.35834,55.0,4.0333333
2024-10-19,10.4885025,16.550201,6.165078,0.0,0.0,1020.5791,100.0,8.329166,10.41473,14.203577,6.414178,0.0,0.0,1020.825,100.0,8.944501,8.432172,13.825634,5.0734997,0.0,0.0,1020.55426,100.0,7.891667,7.654171,11.919472,4.999366,0.0,0.0,1023.4458,100.0,3.9312499,6.70689,14.911703,0.96764374,0.0,0.0,1023.5918,100.0,3.0166667
2024-10-20,8.789674,15.305481,3.8632221,0.0,0.0,1025.1375,100.0,6.910416,8.205267,12.098984,3.766656,0.0,0.0,1025.2916,100.0,7.452833,7.213627,12.869352,3.3991156,0.0,0.0,1025.1752,100.0,6.5249996,6.2440085,10.676378,2.838255,0.0,0.0,1028.0583,100.0,4.541667,5.8454285,14.2564945,-0.5982466,0.0,0.0,1028.046,100.0,3.5333335
2024-10-21,9.514457,15.793619,5.5181293,0.0,0.0,1027.9501,100.0,8.266666,9.914914,14.608925,6.612918,0.0,0.0,1028.025,100.0,9.267417,8.93268,17.144335,3.3182993,0.0,0.0,1028.1208,100.0,8.15625,6.8844256,12.890684,3.1164274,0.0,0.0,1030.4458,100.0,5.7791667,7.1722245,12.027477,3.4790306,0.0,0.0,1029.5582,100.0,4.5937495
2024-10-22,9.937597,16.888231,4.0137634,3.1000001,3.1000001,1027.7957,100.0,9.247916,9.209863,13.161909,5.382633,0.90000004,0.90000004,1028.0542,100.0,9.459083,11.221488,19.237825,5.482234,0.0,0.0,1027.771,83.0,9.697917,7.155706,11.108779,4.106123,0.0,0.0,1029.3585,100.0,6.3229175,7.619112,11.402662,4.4808664,0.0,0.0,1028.3417,100.0,6.133333
2024-10-23,8.325572,11.769409,3.8435335,0.6,0.6,1034.9625,100.0,7.7854176,6.929451,13.080191,2.6532936,0.0,0.0,1035.1417,100.0,6.615332,9.818683,11.575093,8.592891,2.3,2.3,1033.9791,100.0,9.639583,9.305879,11.654689,6.741688,0.90000004,0.90000004,1033.8375,100.0,8.427084,9.128509,11.855869,3.437667,1.3000001,1.3000001,1034.625,100.0,7.9770837
2024-10-24,9.036975,15.663212,3.765956,0.0,0.0,1030.5459,100.0,7.8062496,9.404712,15.102741,3.6163764,0.0,0.0,1030.9042,100.0,8.367416,8.055615,12.293745,5.91251,0.0,0.0,1029.8168,100.0,8.295835,9.095759,14.210117,5.3062077,0.0,0.0,1032.0875,100.0,7.4479165,6.1109633,12.595285,0.53522015,0.0,0.0,1033.4335,91.0,6.095833
2024-10-25,8.992805,14.78907,5.2845907,0.0,0.0,1024.5791,100.0,7.995833,8.821786,12.247601,4.6120443,0.0,0.0,1024.796,100.0,8.925749,8.404622,13.948286,4.8219423,0.0,0.0,1024.35,100.0,8.345834,9.671878,12.788408,6.225646,0.0,0.0,1026.1001,100.0,7.99375,7.936848,15.004276,0.8195238,0.0,0.0,1026.4874,100.0,6.3604164
2024-10-26,9.531263,13.456865,5.538906,0.0,0.0,1022.6167,100.0,8.802083,8.873269,12.971752,4.9007406,0.0,0.0,1022.89996,100.0,9.065333,9.79481,12.514402,7.8115263,0.2,0.2,1022.36255,100.0,9.447917,11.108012,12.269886,10.256799,1.1000001,1.1000001,1023.15424,100.0,9.720833,10.984409,15.617109,6.0272675,0.0,0.0,1023.6291,100.0,8.94375
2024-10-27,10.964837,14.344542,9.376612,0.0,0.0,1021.3125,100.0,9.847917,11.450805,16.578756,7.2747097,0.0,0.0,1021.1958,100.0,10.590335,10.732201,17.530207,6.456049,0.0,0.0,1021.5833,100.0,10.04375,11.904136,15.364092,8.808214,0.3,0.3,1021.3667,100.0,10.602084,12.349537,15.520651,8.941531,0.0,0.0,1020.84564,100.0,10.6916685
2024-10-28,10.624034,17.446798,6.332242,0.0,0.0,1026.2,86.0,9.912499,11.476871,16.713253,7.217004,0.0,0.0,1025.8917,100.0,10.894501,10.031718,17.68527,5.0283546,0.0,0.0,1026.8917,100.0,9.014583,10.766834,16.650705,5.184284,0.0,0.0,1026.7833,100.0,9.608335,11.839795,15.483507,8.59155,0.1,0.1,1026.3334,100.0,10.264583
2024-10-29,11.209966,16.850124,7.4653816,0.1,0.1,1026.0123,100.0,10.456249,11.627267,16.399525,7.4276333,0.3,0.3,1025.8291,100.0,10.929917,9.300551,17.239904,3.8856459,0.0,0.0,1026.7001,98.0,8.635417,10.141202,17.020409,4.141283,0.0,0.0,1026.5626,100.0,9.362499,10.762688,15.457094,7.5349827,0.0,0.0,1025.8584,100.0,9.902083
2024-10-30,10.944682,14.670122,7.5485725,0.5,0.5,1026.5333,100.0,10.185416,12.226197,15.036196,8.247884,1.2,1.2,1026.4417,100.0,11.242416,7.8738575,12.951544,3.7874823,0.0,0.0,1027.2167,100.0,7.6937504,10.643048,15.360344,7.7055206,0.2,0.2,1026.2667,100.0,9.866668,10.8232565,15.202419,6.9039593,0.8,0.8,1025.5667,100.0,10.26875
2024-10-31,9.932445,12.601435,6.758873,0.0,0.0,1027.6918,100.0,9.095834,10.616311,12.38969,8.100206,0.2,0.2,1027.6124,100.0,9.686167,7.9888916,12.685968,4.077326,0.1,0.1,1028.0914,100.0,7.50625,9.2891035,12.894825,4.944392,0.0,0.0,1027.2833,100.0,8.30625,9.7194,12.747156,5.020711,1.7,1.7,1026.6208,100.0,9.164583
2024-11-01,6.9662976,11.919952,4.0208406,0.0,0.0,1024.1376,100.0,7.129167,7.203716,11.439291,3.3832579,0.0,0.0,1023.89575,100.0,7.432001,6.1782765,13.923376,2.0966015,0.0,0.0,1025.1625,100.0,6.2166657,6.0690503,11.955351,1.0062284,0.0,0.0,1024.4249,100.0,6.3208337,6.304931,10.747081,4.3910265,0.0,0.0,1022.79175,100.0,7.59375
2024-11-02,5.5745816,8.980183,-0.23029423,0.2,0.2,1028.9291,100.0,5.270833,6.409164,9.090487,-0.020318031,0.70000005,0.70000005,1029.1251,100.0,6.2695007,4.8121643,8.674914,0.62662935,0.0,0.0,1029.1125,100.0,5.53125,5.810002,9.911565,0.00985384,0.0,0.0,1027.4083,100.0,5.397917,4.9630237,8.746002,-1.074224,0.3,0.3,1027.1459,100.0,4.53125
2024-11-03,1.6241261,7.211334,-3.9950051,0.0,0.0,1032.5917,100.0,2.1604164,2.472956,6.1173296,-0.89730597,0.0,0.0,1032.6375,100.0,3.0965831,3.5130825,6.97861,-1.5419409,0.0,0.0,1032.3083,100.0,2.029167,0.39936844,6.4467564,-4.0308495,0.0,0.0,1032.825,100.0,-0.6604167,-0.26806355,4.8845806,-4.1977043,0.0,0.0,1032.5958,100.0,-0.58333325
2024-11-04,1.260799,5.9546976,-3.1240082,0.0,0.0,1031.5459,100.0,2.3708334,2.8285978,7.0746765,-1.7655275,0.0,0.0,1031.3082,100.0,3.5653334,1.5854063,7.476301,-3.1951623,0.0,0.0,1031.0875,100.0,2.2645833,2.0001063,9.442586,-4.5288258,0.0,0.0,1030.7292,100.0,2.075,2.308233,5.284629,-2.428316,0.4,0.4,1030.8041,100.0,3.1999998
2024-11-05,1.8768367,7.2674522,-2.8898273,0.0,0.0,1029.4,100.0,2.7979164,2.1146734,3.882141,-0.35801554,0.0,0.0,1029.7583,100.0,4.034084,1.8285875,5.4018345,-1.1580639,0.0,0.0,1029.0625,100.0,3.3458328,2.3749254,6.1764374,-0.58599854,0.0,0.0,1030.6542,100.0,2.1354163,2.2755315,8.58837,-2.1444268,0.0,0.0,1030.8457,100.0,2.8916671
2024-11-06,1.8626661,5.6178017,-1.4860005,0.0,0.0,1031.15,100.0,2.939583,2.4790423,4.62426,0.62979937,0.0,0.0,1031.3583,100.0,3.6903336,3.071493,7.3575068,-0.9950752,0.0,0.0,1030.8624,100.0,3.8458335,2.3939683,5.779747,-1.1995449,0.0,0.0,1031.85,100.0,2.2833333,1.7338771,8.332941,-3.1634984,0.0,0.0,1031.5958,100.0,0.27499995
2024-11-07,3.8808644,5.737524,2.3556094,0.0,0.0,1033.7666,100.0,4.347917,4.0688753,6.861574,1.9739671,0.0,0.0,1034.2417,100.0,4.190333,4.3517156,6.703472,1.4700422,0.0,0.0,1032.9667,100.0,4.74375,3.1038673,7.7432957,-1.7835383,0.0,0.0,1033.8376,100.0,2.3854167,3.6399736,9.171067,-1.1255198,0.0,0.0,1034.1833,100.0,2.5791667
2024-11-08,1.9824104,6.949641,-1.5456057,0.0,0.0,1031.7208,100.0,3.0687497,3.415908,6.2205753,0.8202357,0.0,0.0,1032.1166,100.0,4.1799164,1.6127067,4.8778305,0.022842407,0.0,0.0,1031.004,100.0,2.4270833,1.9736518,6.830432,-0.5716114,0.0,0.0,1032.55,100.0,2.5104165,0.6722152,4.238693,-2.1637564,0.0,0.0,1034.8082,100.0,2.5145829
2024-11-09,0.5807627,6.845645,-3.9056926,0.0,0.0,1029.3707,82.0,0.90000004,2.0515134,6.2995462,-1.0637438,0.0,0.0,1029.7208,99.0,1.9299165,1.341754,7.9758377,-2.8438463,0.0,0.0,1028.9459,100.0,1.5875001,1.1929296,7.3260584,-2.5770612,0.0,0.0,1029.9667,37.0,-0.33124995,-0.5535721,4.1594706,-3.6028,0.0,0.0,1032.2374,100.0,1.0458333
2024-11-10,-4.1229243,1.5295529,-6.759297,0.0,0.0,1029.5167,100.0,-1.3624998,0.79380774,4.3641453,-1.6934147,0.0,0.0,1029.0374,99.0,1.63825,-0.52314925,3.3530083,-3.0451918,0.0,0.0,1029.5083,100.0,1.1958333,-0.904834,5.9052563,-4.9769835,0.0,0.0,1028.971,25.0,-0.78125006,-2.2088897,0.16637945,-4.351045,0.0,0.0,1030.279,100.0,-0.3729166
2024-11-11,-3.3479605,0.047959328,-6.6639314,0.0,0.0,1030.5208,100.0,-0.87083346,-2.718004,-1.4017777,-4.4675345,1.1,1.1,1030.2793,100.0,-0.21175005,0.35478684,1.4528675,-0.7226677,0.0,0.0,1029.8375,100.0,1.2604166,-1.7757154,0.13579845,-4.3570743,0.0,0.0,1030.8168,100.0,-0.050000012,-2.872944,-0.10612202,-4.1045084,0.0,0.0,1030.3333,100.0,0.08958331
2024-11-12,-2.3372948,-0.30092907,-3.7372737,0.0,0.0,1031.6167,100.0,-0.5541666,-0.9069724,1.517003,-2.8742156,0.0,0.0,1031.7709,100.0,0.7111667,-0.60498935,1.3976026,-3.7233462,0.1,0.1,1030.3083,100.0,-0.28333333,-0.72715145,2.3085709,-3.3713264,0.0,0.0,1030.5792,100.0,-0.3458333,-1.7621942,-0.24306393,-2.7729487,0.0,0.0,1031.1207,100.0,-0.066666655
2024-11-13,-0.576391,0.5607505,-1.8651946,2.4999998,2.4999998,1030.3541,100.0,1.2812499,0.65645283,1.347147,-0.11378574,3.6,3.1,1030.2709,100.0,2.6695,-2.5496767,-1.4342265,-4.033502,0.9000001,0.70000005,1030.9585,100.0,-0.8666666,-0.45049468,1.026927,-1.7733092,0.0,0.0,1029.9501,100.0,-0.22291666,-1.6042452,-0.5698042,-2.760408,0.2,0.2,1029.8667,100.0,-0.90833324
2024-11-14,0.21232718,2.512401,-1.9257307,0.3,0.3,1026.3334,100.0,2.195833,1.863514,4.4113836,-0.94864607,0.6,0.6,1025.7958,100.0,3.7674167,-0.06472417,1.6365948,-2.8532274,0.0,0.0,1027.6416,100.0,0.28124997,0.72279197,2.7418566,-1.8248162,0.0,0.0,1026.5626,100.0,0.64583343,-0.68443996,0.6895294,-1.9251387,0.2,0.2,1025.6376,100.0,0.325
2024-11-15,3.1827667,5.312523,-0.44354987,0.1,0.1,1025.7958,100.0,3.2958329,4.1321216,6.4697685,0.33437014,0.70000005,0.70000005,1025.5709,100.0,4.179917,1.8742722,3.7552538,-0.8764255,0.2,0.2,1026.725,100.0,1.8333331,3.366932,4.9416637,1.2082834,0.2,0.2,1025.1586,100.0,3.5145836,2.355428,4.583603,-0.68204355,0.4,0.4,1024.2709,100.0,3.0770838
2024-11-16,0.84911346,4.927106,-1.7061813,0.0,0.0,1021.7751,94.0,1.9395832,0.65833634,4.526767,-1.5891039,0.0,0.0,1021.2874,100.0,1.6903334,-0.13035597,7.0045204,-3.827256,0.0,0.0,1022.5083,100.0,0.51249987,1.4128208,5.5540876,-1.2450933,0.0,0.0,1023.02515,100.0,2.2895834,0.8320565,4.2858505,-1.4063313,0.0,0.0,1022.05426,46.0,1.9937502
2024-11-17,-0.27559367,1.6377783,-2.120865,1.1000001,1.1000001,1012.2834,100.0,1.5895833,0.0017683903,2.5379725,-2.5661125,1.3000001,1.3000001,1011.31665,100.0,2.4507499,-1.2459521,1.3805385,-5.5681067,0.3,0.3,1014.2668,100.0,-0.66666645,-1.139135,2.687429,-4.1442804,0.2,0.2,1014.1916,100.0,0.41666672,-1.5568519,-0.018303871,-3.2440875,0.0,0.0,1012.31665,100.0,0.49791667
2024-11-18,0.16200899,2.4476461,-1.0471601,4.7999997,4.0,1010.37915,100.0,1.9937501,-0.2901567,2.243328,-2.1392345,3.9999998,1.5,1009.63324,100.0,1.6153334,0.85960156,2.218536,-1.3981919,5.5999994,3.0,1012.46655,100.0,2.2624998,1.3597188,3.3952208,-1.1174331,0.8,0.8,1011.70416,100.0,2.4750001,0.25078002,1.328824,-1.4246666,0.70000005,0.70000005,1010.2043,100.0,2.1875
2024-11-19,2.8720162,6.0058126,-1.0068221,2.2,2.2,1001.89594,100.0,3.9645832,2.3468108,5.9799995,-2.24268,5.2000003,4.9,1000.4126,100.0,4.367417,2.9231026,5.2507076,0.9584508,11.700001,11.700001,1005.02905,100.0,4.1666665,1.2615327,3.5750256,0.30906343,0.70000005,0.70000005,1007.2334,100.0,3.3458335,1.3084408,4.816375,-2.0409427,1.5000001,1.5000001,1005.9375,100.0,2.7979164
2024-11-20,-1.2292284,4.637949,-4.307234,9.4,7.799999,996.4167,100.0,-0.4187498,-1.1586534,5.2654533,-2.987579,3.1999996,2.4999998,996.04584,100.0,-0.49300003,-1.6686267,4.26515,-4.5949335,14.9,12.3,997.91675,100.0,-0.9166669,-0.7809691,3.0641623,-3.7448192,6.0,6.0,996.3919,100.0,-0.11458337,-0.32155156,3.8096085,-4.9053564,12.300001,7.9000006,994.85016,100.0,1.1979165
2024-11-21,-3.5772622,-1.5892434,-5.904545,1.0,0.1,1000.3752,100.0,-3.1750004,-2.9169629,-1.0084505,-4.671938,1.2,0.0,999.61664,100.0,-2.6242502,-4.9039197,-2.6637182,-6.2987337,0.3,0.0,1002.00836,100.0,-4.945833,-3.7808068,-1.1611116,-5.259265,3.2,0.0,1001.9792,100.0,-3.8375003,-3.974333,-2.4818006,-5.6115136,0.3,0.0,1000.81244,100.0,-3.7229164
2024-11-22,-4.5501833,-3.0542617,-5.878948,0.1,0.0,1001.22076,100.0,-3.8500001,-3.8493378,-2.1230826,-5.686503,0.0,0.0,1000.5999,100.0,-3.195083,-5.814733,-4.131342,-6.982937,0.8000001,0.0,1002.4167,100.0,-4.477083,-3.4465606,-1.3621547,-5.2910795,2.3999999,0.0,1000.4167,100.0,-2.9541667,-3.5738475,-1.9557211,-6.2672453,5.2999997,0.0,999.80426,100.0,-2.3979166
2024-11-23,-3.8678854,-0.9699173,-6.987373,2.7,0.0,1020.22925,100.0,-3.4729168,-2.9648802,0.494802,-6.0827613,1.7,0.0,1019.2957,100.0,-2.4825833,-4.750116,-1.6425676,-7.090715,1.2,0.0,1022.1916,100.0,-3.8687503,-3.3205535,-0.31085396,-5.7658377,0.2,0.0,1021.07495,100.0,-4.027083,-4.866163,-2.310552,-6.3565416,0.8,0.0,1019.79584,100.0,-3.310417
2024-11-24,2.815872,7.725794,-2.9481862,0.5,0.5,1020.41254,100.0,0.42291668,1.314575,6.704974,-2.7768135,2.8,2.8,1019.6042,100.0,1.8715835,2.1324327,8.421779,-4.417102,0.1,0.1,1022.12085,100.0,-2.5770833,-2.0045018,1.4299178,-4.7859755,0.3,0.3,1025.7833,100.0,-1.8791667,-2.9938343,-1.0142977,-5.216017,1.2,1.2,1023.8916,100.0,-2.5458333
2024-11-25,2.5965555,7.869811,-0.6502495,0.0,0.0,1018.02924,100.0,2.23125,0.55571824,5.1147156,-2.567429,0.0,0.0,1018.0374,100.0,1.8090833,0.56263286,7.098295,-3.5023797,0.0,0.0,1018.53754,99.0,1.1979169,-0.44912553,2.7632275,-2.8227417,0.0,0.0,1022.75415,100.0,0.53333336,2.1339252,8.392474,-1.7141819,0.0,0.0,1020.88763,100.0,1.1437501
2024-11-26,2.0169075,6.37827,-1.3788309,1.6999999,1.6999999,1019.67065,100.0,3.7562497,0.9664812,5.747731,-1.4033141,2.0,2.0,1019.58746,100.0,2.857,1.4158334,7.428056,-1.1447184,0.5,0.5,1020.49164,100.0,2.7666667,2.10656,5.2446117,-0.77115655,0.4,0.4,1020.30414,100.0,3.0854166,2.526267,4.458645,-0.1508503,0.5,0.5,1019.11255,100.0,3.3083334
2024-11-27,1.5871764,6.238575,-1.1342015,0.0,0.0,1023.4417,100.0,3.3416665,0.9192426,2.7625427,-0.919636,0.0,0.0,1023.1668,100.0,3.1132498,0.0135290325,6.1366777,-3.7020183,0.0,0.0,1024.0751,100.0,1.6312499,0.19824086,3.1606708,-2.0369155,0.0,0.0,1025.5333,100.0,2.1833332,0.7995276,3.7410488,-0.73360014,0.0,0.0,1024.7876,100.0,3.2562501
2024-11-28,2.1452973,5.4148226,0.17429972,0.90000004,0.90000004,1017.26245,100.0,2.4083333,1.4369243,4.034318,-0.77858853,8.099999,8.099999,1016.2459,100.0,3.4861667,1.4704666,3.4212914,-1.0064201,6.7999997,6.7999997,1020.1626,100.0,2.3020828,0.96515006,3.1317863,-0.5801487,3.5,3.5,1019.7583,100.0,2.6979167,1.7519203,3.826664,0.5847845,5.3999996,5.3999996,1017.63745,100.0,3.9854167
2024-11-29,-0.20976877,0.26952553,-1.3673601,1.0000001,1.0000001,1030.6501,100.0,1.26875,0.24873148,0.7748704,-0.31082702,1.8000001,1.8000001,1031.0792,100.0,2.0861666,-1.2902027,-0.15087795,-2.6915517,1.0000001,1.0000001,1030.7334,100.0,0.28750002,0.5525089,1.5756645,-0.56647944,0.2,0.2,1026.9125,100.0,2.0208333,0.27668104,0.92206,-0.46313453,6.2999997,6.2999997,1025.4042,100.0,2.8708334
2024-11-30,-1.1072354,2.8220978,-3.6970215,0.0,0.0,1035.1416,100.0,-0.42083335,-2.1451776,1.0037122,-4.370627,0.0,0.0,1035.2125,99.0,-0.5075834,-1.5222145,1.4386158,-4.485875,0.0,0.0,1035.1084,100.0,-0.8354166,0.84899664,3.039495,-2.5612879,0.0,0.0,1034.4332,100.0,0.88541657,0.72218364,2.708992,-2.8335762,0.2,0.2,1034.6333,100.0,1.7229167
2024-12-01,-3.8630946,-0.12170744,-6.5698,0.0,0.0,1029.6207,95.0,-2.3145833,-3.8240597,-1.1612439,-5.089662,0.0,0.0,1029.8208,100.0,-1.1305,-3.7993138,2.769854,-6.545102,0.0,0.0,1029.1042,32.0,-2.0583332,-1.9422698,3.7230492,-5.476382,0.0,0.0,1030.025,34.0,-0.7791667,-2.3246505,4.339158,-5.0399218,0.0,0.0,1030.0917,98.0,-0.91666675
2024-12-02,-3.660981,0.9998846,-8.240648,0.0,0.0,1022.57935,100.0,-2.5187502,-4.3227324,-0.9709368,-6.001519,0.3,0.3,1022.44586,100.0,-2.13675,-3.035188,3.3622632,-6.901252,0.6,0.6,1022.1292,100.0,-3.3374999,-2.929806,-1.1583161,-4.1789165,0.0,0.0,1024.3792,100.0,-0.5729167,-1.3993115,1.3099318,-3.5690932,0.0,0.0,1022.91675,27.0,0.7979165
2024-12-03,-0.43125954,2.4963794,-2.429047,10.400001,10.400001,1017.96246,100.0,1.3979168,-0.46792617,2.0772018,-3.409834,3.4,3.4,1017.8332,100.0,1.5945001,-0.71545297,3.8441935,-3.2821932,6.7999997,6.7999997,1018.3083,100.0,0.65208334,-2.393001,-1.1248636,-3.7058191,0.8000001,0.20000002,1020.2791,100.0,0.16458334,-1.502855,-0.5280819,-2.5942297,0.0,0.0,1019.13324,100.0,0.35
2024-12-04,-1.0089613,0.61653566,-3.447274,0.2,0.2,1024.0001,100.0,0.8208334,-0.38420734,1.0792031,-2.4121833,0.6,0.0,1023.7043,100.0,1.1465833,-2.4699872,0.048965454,-5.996805,0.2,0.2,1024.8876,100.0,-1.0625,-0.81840754,2.956222,-4.4421067,0.0,0.0,1023.82495,100.0,0.26458323,0.3245823,3.2534595,-2.2809846,1.3,1.3,1023.17487,100.0,1.7708331
2024-12-05,-2.7783499,0.6880965,-4.373685,0.0,0.0,1026.1459,100.0,-1.4041667,-2.0026102,0.25410175,-3.597447,0.0,0.0,1025.4917,100.0,-0.56175005,-3.9464538,0.36054468,-6.611144,0.0,0.0,1027.1583,100.0,-3.8687503,-2.6254263,1.3856578,-4.808647,0.0,0.0,1027.3208,100.0,-1.4520832,-2.4838834,0.58036375,-5.3054996,0.5,0.5,1026.7291,100.0,-0.7833333
2024-12-06,-0.7575474,2.0934987,-3.5155485,9.899999,9.899999,1008.8918,100.0,0.81249994,-1.1096826,1.2046747,-3.3118348,13.300001,1.3000001,1008.321,100.0,0.8674166,-1.2428015,1.7764425,-3.6273127,10.7,8.5,1011.36255,100.0,-1.4916667,-3.9712927,-1.8858714,-5.930511,7.3999996,0.49999988,1013.8125,100.0,-1.0854168,-3.518691,-2.302558,-5.338152,3.9,1.6000001,1013.31683,100.0,-1.4812499
2024-12-07,1.4612545,2.896368,-0.27906728,1.1000001,1.1000001,1009.6624,100.0,2.23125,0.8649705,1.6983352,-0.54171705,2.5000002,2.5000002,1009.1877,100.0,2.6403334,-0.076784454,1.9722147,-1.410927,2.7999997,2.7999997,1010.9583,100.0,0.5395834,-1.3234987,1.3363142,-3.589186,0.1,0.1,1011.9331,100.0,1.0229167,-0.80784494,2.8280897,-2.6717834,0.3,0.3,1011.8791,100.0,1.0645833
2024-12-08,0.60059875,1.6397643,-1.2790604,2.0000002,2.0000002,1008.9458,100.0,2.3354168,0.9063492,1.6602435,0.3444996,1.3000002,1.3000002,1009.47906,100.0,2.98825,-1.0394078,0.19171238,-2.2058673,4.899999,4.899999,1008.4417,100.0,1.3874999,-1.5364677,0.5505209,-3.6917653,1.0,1.0,1010.1125,100.0,0.7666665,-2.16284,1.2215896,-4.020291,0.0,0.0,1011.12506,100.0,-0.67083335
2024-12-09,-1.3676416,-0.78619814,-2.0313163,0.1,0.1,1019.31256,100.0,0.6020834,-1.5790344,-0.38835,-2.723839,1.6,0.8,1020.28345,100.0,1.532,-2.843548,-1.8402045,-3.779893,1.4000002,0.6,1017.93756,100.0,-0.73125,-1.3589057,0.31641197,-3.1451643,0.0,0.0,1016.4792,100.0,0.12291666,-1.4081889,0.10199356,-2.5680146,0.6,0.6,1017.5957,100.0,1.0437502
2024-12-10,-1.6760451,-0.58390546,-2.316288,2.2,1.9000003,1026.6334,100.0,0.76249987,-2.324322,-1.7867489,-2.6801019,7.4999995,0.49999997,1027.4667,100.0,0.84658337,-2.277301,-1.4370599,-2.841065,1.8000001,0.1,1025.2958,100.0,-0.18333334,-1.7082008,-0.6644244,-2.6525118,2.5,1.8000001,1024.4874,100.0,-0.024999991,-2.7841341,-1.9834166,-3.7519233,2.5999997,2.0000002,1025.7625,100.0,0.23958333
2024-12-11,-2.7154453,-1.6908116,-3.8291779,0.0,0.0,1029.9001,100.0,-1.1083332,-2.0462801,-0.9582386,-3.5335808,0.0,0.0,1030.225,100.0,0.061166633,-3.6834757,-2.807715,-4.283901,0.0,0.0,1029.6041,100.0,-2.0041668,-3.1409347,-1.5476975,-5.220686,0.0,0.0,1028.2709,100.0,-2.3520832,-3.1703463,-1.7463293,-4.5193257,0.0,0.0,1028.0126,100.0,-1.0312501
2024-12-12,-2.0833867,-1.1485183,-3.2181046,0.0,0.0,1032.1792,100.0,-1.4,-2.13636,-0.3424461,-5.174908,0.0,0.0,1032.2501,100.0,-1.42425,-3.1783707,-0.9529691,-4.6562967,0.0,0.0,1032.0668,100.0,-2.475,-2.3955,-1.2627094,-4.534952,0.0,0.0,1031.3707,100.0,-1.1104167,-2.583604,-2.0416365,-3.1459398,0.0,0.0,1031.3417,100.0,-1.2166666
2024-12-13,-3.6764746,-2.4436736,-5.0964265,0.0,0.0,1032.7084,100.0,-2.779167,-3.6732152,-3.0190077,-4.7693634,0.0,0.0,1032.8417,100.0,-2.093,-5.389028,-3.723941,-6.3958173,0.0,0.0,1032.1874,100.0,-3.5395834,-3.2653618,-2.3023,-4.6025395,0.0,0.0,1033.5958,100.0,-2.2187498,-2.81908,-0.8149533,-4.7169485,0.1,0.1,1033.8544,100.0,-1.9645834
2024-12-14,-3.0750434,-1.4282486,-4.5143166,0.1,0.1,1020.7249,100.0,-2.0437498,-2.9630592,-0.8756366,-4.272229,0.2,0.2,1020.35004,100.0,-1.5138334,-3.5464456,-1.0901613,-5.811242,0.0,0.0,1021.62915,100.0,-2.4458334,-3.74685,-1.5348792,-5.015735,0.2,0.2,1021.87085,100.0,-1.8666668,-4.885574,-4.047356,-5.8317122,0.0,0.0,1021.1667,100.0,-3.1312501
2024-12-15,-1.810176,-0.250046,-4.273016,1.0000001,0.6,1023.2458,100.0,-0.53125006,-0.650767,1.0966873,-2.1854424,1.2,1.0000001,1022.28735,100.0,1.0674167,-2.7571888,-1.3380687,-4.1522818,0.9,0.3,1025.7208,100.0,-1.8854166,-1.703104,-0.2608521,-3.402202,0.0,0.0,1022.8916,100.0,-1.0583333,-1.7760572,-0.258039,-4.1108966,1.1,0.9,1020.0999,100.0,-0.66041666
2024-12-16,3.0911448,4.7865543,0.018173218,0.0,0.0,1027.9333,100.0,4.225,4.61015,6.087694,1.713459,1.5,1.5,1026.6168,100.0,5.7070003,2.368619,4.3838873,-1.1512585,0.2,0.2,1031.1125,100.0,2.4520833,3.1330316,5.7289515,0.024304867,1.2,1.2,1027.7333,100.0,3.8791668,2.1570504,4.479842,-1.8338509,4.2000003,3.6,1024.8082,100.0,3.966667
2024-12-17,3.615463,5.9314766,0.47300243,0.2,0.2,1028.1625,100.0,4.160416,4.1899285,6.2175694,-0.73240113,0.0,0.0,1027.3998,100.0,4.6819997,2.8068397,4.4684677,-0.89089155,0.4,0.4,1029.9667,100.0,3.4437497,3.771403,5.9818764,0.2765379,1.7,1.7,1028.0416,100.0,3.9416664,4.0215907,6.2380085,1.8212662,0.0,0.0,1025.8083,100.0,4.4375
2024-12-18,2.549486,5.7884874,-0.1471405,0.0,0.0,1021.4001,100.0,2.6708336,2.33271,5.4074764,-0.8274236,0.0,0.0,1020.5083,100.0,3.290333,1.539362,7.3008537,-2.250888,0.0,0.0,1022.8167,100.0,1.2791668,0.5430008,3.093546,-1.9723825,0.0,0.0,1024.0958,100.0,2.2562501,1.8700527,4.252325,0.21302032,0.0,0.0,1022.39996,100.0,3.1958332
2024-12-19,5.105414,7.874689,2.3178244,1.6,1.6,1005.7,100.0,4.3979163,4.956697,7.788618,1.415647,0.90000004,0.90000004,1004.70416,100.0,5.434084,3.9253905,8.282239,0.43942165,11.6,11.6,1007.27496,100.0,2.4999998,-0.09668785,3.096292,-2.4923947,3.8,3.8,1010.09155,100.0,1.9708334,3.2022026,5.9782906,1.8184628,0.6,0.6,1008.24585,100.0,2.4729166
2024-12-20,-0.33290014,2.9253054,-3.3740711,1.0,1.0,1013.7625,100.0,-0.10416678,0.22413091,3.1962242,-2.1230514,0.4,0.4,1013.27905,100.0,0.92575,-2.2799425,1.7011809,-4.411463,1.7000002,1.7000002,1015.25,100.0,-0.7354167,-0.47397184,2.0842056,-3.1165156,6.3,6.3,1012.11676,100.0,0.21666674,0.9278348,2.8814878,-3.6206334,7.9999995,7.9999995,1010.40845,100.0,1.9291664
2024-12-21,-1.6405478,0.57171154,-3.5833464,0.5,0.40000004,1019.44165,100.0,-0.6374999,-1.2283794,1.2983551,-3.7938042,0.0,0.0,1018.3291,100.0,0.16116665,-2.8309224,-0.3730502,-5.08039,0.1,0.0,1021.9124,100.0,-2.5708332,-2.3394592,1.1083846,-4.200807,0.0,0.0,1021.125,100.0,-1.7333335,-3.2620714,-1.5674634,-4.78502,0.0,0.0,1019.88324,100.0,-1.9249998
2024-12-22,0.7709996,2.8887033,-1.8038852,2.0,2.0,1002.33746,100.0,2.3062499,1.711085,4.345661,-0.45606947,3.3000002,3.1,1001.02905,100.0,3.4986665,-0.6610636,1.3610725,-3.4526012,3.3000002,3.1000004,1005.50836,100.0,0.9604166,-1.9087249,-0.49313784,-3.9257793,7.5,7.2,1006.62933,100.0,0.54375,-2.1932056,-0.40537977,-3.3460007,2.3999999,2.3,1005.4084,100.0,-1.1395832
2024-12-23,-2.959468,-0.59819746,-5.3305273,1.0,0.8000001,1008.9958,100.0,-1.5999999,-1.5036812,0.8833647,-3.9674506,0.3,0.2,1008.35406,100.0,-0.5909167,-4.296346,-3.3301215,-5.831025,0.0,0.0,1010.38336,100.0,-3.6416664,-2.8736298,-1.2517807,-5.2568398,0.0,0.0,1008.22906,100.0,-1.625,-1.8466864,-0.25842452,-4.1634016,0.1,0.1,1007.4458,100.0,-0.26874998
2024-12-24,-1.5088395,-0.16729689,-2.9876533,0.4,0.1,1023.9207,100.0,-0.5895833,-1.055562,0.31075478,-4.2018642,0.3,0.3,1023.91254,100.0,0.2674166,-3.7073758,-2.1374838,-4.919484,3.8,0.0,1024.4794,100.0,-1.9666667,-2.0844774,-0.9927888,-4.610158,0.0,0.0,1021.5874,100.0,-0.50624996,-1.8925489,-0.6457133,-5.309977,0.6,0.6,1021.4001,100.0,-0.48750007
2024-12-25,-2.5197163,1.4017596,-4.870414,0.0,0.0,1036.6543,100.0,-1.25625,-1.8725132,1.078865,-4.0786185,0.0,0.0,1036.525,100.0,-0.79300004,-3.724311,0.1677723,-6.7658353,0.0,0.0,1037.1708,97.0,-3.5479167,-2.2904577,0.5861864,-5.4802623,0.0,0.0,1036.0375,100.0,-1.3,-2.5858157,-0.5184219,-4.9369717,0.0,0.0,1036.0958,100.0,-2.96875
2024-12-26,-4.409467,-0.77183056,-5.742654,0.0,0.0,1039.9291,100.0,-2.3895833,-2.3759694,1.229783,-3.5631936,0.0,0.0,1039.6208,100.0,-0.16800003,-4.9429264,0.086342335,-7.721865,0.0,0.0,1039.5499,4.0,-4.197917,-3.759218,2.6934524,-6.7444644,0.0,0.0,1038.5331,24.0,-3.3375003,-5.1577053,-1.5925589,-6.9370856,0.0,0.0,1039.7208,58.0,-4.097917
2024-12-27,-6.6812496,-3.86564,-7.9032063,0.0,0.0,1038.3583,100.0,-4.266667,-4.4440684,-2.0469313,-6.037368,0.0,0.0,1037.5958,100.0,-2.0971668,-5.164835,0.4327531,-7.873342,0.0,0.0,1037.0459,100.0,-4.547917,-3.4906857,3.8539495,-6.91313,0.0,0.0,1035.6876,78.0,-5.6791663,-5.1202374,-1.8527439,-7.8584633,0.0,0.0,1037.3458,100.0,-3.9479163
2024-12-28,-6.6464715,-2.5029407,-8.534662,0.0,0.0,1033.0791,100.0,-4.672917,-5.584736,-1.456986,-7.2476625,0.0,0.0,1032.4249,100.0,-3.33675,-4.425854,3.0263758,-7.77219,0.0,0.0,1031.8834,100.0,-5.4499993,-2.7926385,2.7978792,-5.434982,0.0,0.0,1031.2084,100.0,-4.077083,-1.5463057,1.0671682,-3.5056825,0.0,0.0,1031.7543,100.0,-1.0812502
2024-12-29,-4.806618,0.7278719,-7.607585,0.0,0.0,1029.6542,2.0,-4.027083,-5.529705,-0.72774005,-7.960936,0.0,0.0,1029.5249,100.0,-4.070083,-4.9679446,2.1954494,-8.1282215,0.0,0.0,1029.7374,0.0,-5.829167,-3.8778467,-0.59807086,-6.0107393,0.0,0.0,1029.6166,85.0,-3.2229168,-2.650358,0.9643631,-4.5593157,0.0,0.0,1028.3458,100.0,-2.15625
2024-12-30,-4.6792693,-0.9409938,-6.5305624,0.0,0.0,1031.15,87.0,-2.7291667,-5.9741883,-2.6416345,-7.5668597,0.0,0.0,1030.8583,100.0,-3.4971669,-6.2155166,-0.47919106,-8.705635,0.0,0.0,1032.2374,100.0,-4.5625005,-4.190062,0.62666416,-6.562038,0.0,0.0,1030.9291,23.0,-3.5333335,-4.8431063,-1.5271065,-6.5279603,0.0,0.0,1029.6917,94.0,-3.4041662
2024-12-31,-4.398727,0.24659824,-6.6929603,0.0,0.0,1029.8627,100.0,-3.23125,-5.740993,-3.7151804,-7.11154,0.0,0.0,1029.5126,100.0,-2.9409168,-5.643205,0.82051754,-9.36104,0.0,0.0,1030.5791,100.0,-5.5208335,-7.334534,-5.648288,-8.445883,0.0,0.0,1032.725,100.0,-4.5020833,-5.81353,-2.817019,-7.748682,0.0,0.0,1029.7499,99.0,-2.9333332
2025-01-01,-1.8398854,1.4970422,-5.0484476,0.0,0.0,1021.59576,100.0,-4.535417,-2.6189992,1.2591076,-6.609037,0.0,0.0,1020.17084,100.0,-2.4867501,-1.6716217,3.9447374,-5.8221054,0.0,0.0,1024.1958,83.0,-6.9479175,-6.929308,-2.591604,-8.601114,0.0,0.0,1027.5833,100.0,-4.316666,-6.473025,-2.6551075,-8.674325,0.0,0.0,1023.8499,99.0,-4.5437493
2025-01-02,0.5805214,2.4736724,-3.2916389,5.0,5.0,1011.50415,100.0,-1.1583332,0.6924476,2.9238782,-3.249354,4.8,4.7000003,1010.71246,100.0,0.11533319,-0.14522977,2.887309,-3.6025295,5.0,2.0,1013.4748,100.0,-4.59375,-4.7774568,1.6723213,-8.922144,0.8,0.8,1015.10834,100.0,-2.6354165,-3.667577,0.19909573,-6.2497025,6.2,0.20000002,1013.01245,100.0,-4.2687497
2025-01-03,-4.7282815,-2.9049695,-5.9950914,0.1,0.0,1015.60425,100.0,-3.0583332,-3.3618681,-2.0235047,-4.922887,1.1,0.0,1014.6499,100.0,-2.0825832,-5.4887643,-4.000188,-7.4767675,1.0,0.0,1017.86255,100.0,-4.102083,-4.084984,-2.0817914,-5.646592,0.3,0.3,1015.72504,100.0,-3.6145833,-5.5225663,-3.4567862,-7.408003,2.0,0.0,1013.89154,100.0,-3.2229168
2025-01-04,-4.865705,-2.7554836,-6.1969647,1.0,0.0,1020.84174,100.0,-4.425,-4.446467,-2.5272236,-5.7723837,0.1,0.0,1020.29175,100.0,-3.3138332,-5.7496696,-3.7219467,-7.728038,0.0,0.0,1022.14185,100.0,-5.816667,-4.464653,-2.4684305,-5.913187,0.0,0.0,1021.35016,100.0,-4.9791665,-6.121422,-4.196443,-7.7611065,0.1,0.0,1020.0999,100.0,-4.9291663
2025-01-05,-5.0581775,-0.53615093,-7.7664046,5.4,2.5,1010.0835,100.0,-3.6437492,-6.477623,-2.9977717,-9.224064,11.800001,7.0,1010.24176,100.0,-3.8159163,-4.3430204,0.6632185,-9.123249,5.1,2.0,1010.25415,100.0,-2.0895836,-6.202677,-3.7282524,-7.5031776,3.6999998,1.3000001,1013.5459,100.0,-4.4125004,-6.764784,-3.1885874,-11.335981,2.5,0.0,1013.3792,100.0,-5.7291675
2025-01-06,0.35170415,3.7130861,-0.8657448,5.0,5.0,999.47504,100.0,2.0770836,-1.6354618,1.0364738,-4.2834306,0.5,0.5,999.1917,100.0,0.6195,-0.55006623,3.6129045,-2.8223262,4.0,4.0,1000.6458,100.0,0.69374996,-1.8493328,2.8395433,-4.3122854,0.6,0.6,1004.1125,100.0,0.38958335,-0.07330194,4.532157,-3.2964773,2.5,2.5,1002.3125,100.0,2.0145833
2025-01-07,-0.25332716,1.1547227,-2.8033354,0.9,0.9,1004.54156,100.0,1.3000001,-1.2452025,0.8951688,-4.5030737,0.2,0.2,1003.5252,100.0,0.9986667,-1.5958792,-0.07717371,-3.98154,0.8000001,0.8000001,1006.6751,100.0,0.4604167,-1.8670621,-0.38213873,-3.2069256,2.8,2.8,1007.3376,100.0,0.62708336,-0.023945788,3.9446926,-2.6353197,4.6,4.6,1005.98334,100.0,2.5500004
2025-01-08,-2.049811,0.017809868,-3.3480783,1.1,1.1,1007.14185,100.0,-0.112500034,-1.7839489,0.67871904,-3.855918,0.5,0.0,1006.07086,100.0,0.10283325,-2.5156982,-0.24152279,-5.0218153,6.8,5.8,1008.85406,100.0,0.19375002,-1.6539723,0.86668396,-4.3752766,2.2999997,2.2999997,1009.5916,100.0,0.73958325,-2.0761392,-1.1510897,-3.8212116,3.1,3.1,1008.9834,100.0,0.92499995
2025-01-09,1.798798,7.3491716,-3.7303703,4.7000003,4.7000003,1001.16254,100.0,3.1645832,0.05412684,3.6329746,-4.865243,4.3999996,2.6,1000.49164,100.0,2.4944997,1.5473509,8.55765,-1.8662448,12.599999,12.599999,1002.88763,100.0,2.5187497,1.0755461,4.4111586,-2.0309992,12.099999,12.099999,1005.07513,100.0,2.939583,3.4879715,8.107198,-1.5575004,2.9,2.9,1004.1375,100.0,4.39375
2025-01-10,-4.360747,-3.0111158,-5.920572,0.1,0.1,1014.1709,100.0,-3.6270835,-3.9593432,-2.2123606,-4.883555,1.6000001,0.0,1013.24585,100.0,-2.4596665,-5.6147423,-4.1418715,-7.4229984,0.90000004,0.8,1016.49164,100.0,-5.1354165,-3.5021067,0.8775234,-5.2538104,0.6,0.6,1013.60846,100.0,-3.3833332,-2.5050354,4.820177,-4.9390154,1.8000002,1.5000001,1010.99994,100.0,-1.7270832
2025-01-11,-5.6831613,-4.4089737,-6.906931,0.4,0.0,1018.91656,100.0,-4.66875,-5.4131827,-3.837175,-6.6581993,1.8000001,0.1,1018.4876,100.0,-2.897167,-6.8677406,-5.5145197,-7.794076,0.0,0.0,1020.6375,100.0,-6.3625007,-5.2774925,-4.2690635,-6.54282,0.3,0.0,1017.8416,100.0,-5.0229173,-5.2598834,-4.2041245,-6.212612,1.1,0.0,1015.15424,100.0,-4.4937496
2025-01-12,-5.960299,-5.692148,-6.4233494,1.5000001,0.0,1030.9542,100.0,-4.545833,-5.9838767,-5.4744673,-6.821186,1.6000001,0.0,1030.8666,100.0,-2.7950833,-7.607351,-6.4834995,-9.114178,1.6000001,0.0,1031.3625,100.0,-5.583334,-6.3176403,-5.2948246,-7.907467,0.2,0.0,1027.5458,100.0,-4.6583343,-5.872738,-4.8590264,-7.4927135,3.0999997,0.0,1024.8125,100.0,-3.1708329
2025-01-13,-5.785978,-3.752409,-8.043765,0.0,0.0,1042.4,100.0,-5.1562505,-6.8787155,-3.9396045,-11.32185,0.0,0.0,1042.625,100.0,-5.3971667,-7.8690104,-5.724912,-11.190592,0.0,0.0,1042.4749,100.0,-6.9458327,-5.5389314,-3.6001687,-7.396832,0.0,0.0,1040.3458,100.0,-4.9145837,-6.469963,-5.61493,-7.2117043,0.3,0.0,1039.6832,100.0,-3.0979166
2025-01-14,-6.5518117,-2.2092707,-10.0281105,0.0,0.0,1036.6207,100.0,-6.902083,-7.6665726,-1.1059592,-11.256816,0.0,0.0,1036.3082,100.0,-5.98675,-8.950635,-2.8574395,-13.096983,0.0,0.0,1037.3583,100.0,-8.852084,-5.985108,-3.4019384,-8.186039,0.0,0.0,1037.7626,100.0,-4.7479167,-7.650254,-5.9468107,-9.834204,0.0,0.0,1036.0126,100.0,-4.6312504
2025-01-15,-1.6862165,-0.3141098,-3.6520977,2.3999996,1.8000002,1029.8167,100.0,0.07708344,-0.04467495,1.1105442,-0.97663283,1.5000001,1.5000001,1029.8082,100.0,1.5424166,-3.5182188,-1.3197193,-8.657414,0.70000005,0.1,1030.3085,100.0,-1.6104169,-2.4562182,-0.48422384,-5.138614,2.0,0.1,1028.6833,100.0,-0.65416664,-3.893716,-1.5534008,-7.029295,6.899999,1.7000002,1028.1542,100.0,-0.98749995
2025-01-16,-0.65600806,1.7579484,-2.293153,0.0,0.0,1038.1832,100.0,0.8041666,-1.0213548,0.1265831,-5.2372217,0.0,0.0,1038.2292,100.0,0.85075,-2.510906,-0.61318946,-5.7283444,0.0,0.0,1038.1957,100.0,-0.375,-0.4851764,2.332799,-2.055443,0.0,0.0,1037.8916,100.0,0.28958333,-2.263723,-1.1151385,-4.1425157,0.3,0.3,1038.0084,100.0,0.24375002
2025-01-17,-2.5729332,-0.42131805,-4.3861384,0.0,0.0,1040.5336,100.0,-1.01875,-3.1165159,-1.6753736,-5.685652,0.0,0.0,1040.6376,100.0,-0.3638334,-3.5153475,-2.1326046,-4.998143,0.0,0.0,1040.0626,100.0,-0.86249995,-1.3669301,-0.6700816,-2.1702409,0.0,0.0,1041.0792,100.0,-0.17708333,-4.252457,-3.5614944,-4.6752024,0.0,0.0,1040.3167,100.0,-0.45416665
2025-01-18,-3.5873873,-1.6488273,-6.0976405,0.0,0.0,1036.3624,100.0,-1.6541667,-3.9432478,-1.9090507,-5.937449,0.0,0.0,1036.4417,100.0,-1.3180001,-5.1586227,-0.73738265,-7.505008,0.0,0.0,1035.7583,100.0,-4.4479165,-3.3641255,-1.5411518,-4.5996537,0.0,0.0,1037.4792,100.0,-1.5062499,-4.349198,-0.69365,-5.701374,0.0,0.0,1036.0917,100.0,-1.1666666
2025-01-19,-4.7231116,-0.89793587,-7.032914,0.0,0.0,1029.3042,100.0,-3.3812494,-4.3736625,0.03734255,-6.6283464,0.0,0.0,1029.1957,100.0,-2.9659166,-5.7156053,-0.03402996,-8.544708,0.0,0.0,1028.6208,76.0,-3.9083338,-5.5846343,-3.1051865,-7.2381935,0.0,0.0,1032.2749,100.0,-3.533333,-5.2786207,-1.1848683,-6.490473,0.0,0.0,1030.5875,100.0,-1.9499998
2025-01-20,-4.782622,0.08271265,-7.548635,0.0,0.0,1023.84174,100.0,-4.0562496,-5.800535,-1.9219861,-8.74991,0.0,0.0,1023.9875,100.0,-3.8909168,-7.538776,-1.9726641,-9.445221,0.0,0.0,1024.2875,100.0,-4.670833,-6.3372407,-4.5987854,-7.109218,0.0,0.0,1027.85,100.0,-4.7166667,-5.5245357,-1.2691383,-7.3604736,0.0,0.0,1026.1792,100.0,-2.783333
2025-01-21,-5.15675,-1.9576707,-7.220501,0.0,0.0,1021.179,100.0,-4.402083,-6.167866,-4.152669,-8.939299,0.0,0.0,1021.3042,100.0,-3.4867504,-6.08114,-1.7991486,-9.046432,0.0,0.0,1021.2542,100.0,-4.8916664,-5.472524,-4.1032524,-6.8437433,0.0,0.0,1022.29175,100.0,-4.7583327,-5.85606,-2.9233665,-7.866542,0.0,0.0,1021.21674,100.0,-3.9291668
2025-01-22,-5.426767,-1.2504466,-7.89981,0.0,0.0,1016.6375,100.0,-4.2479167,-6.0330033,-2.7569258,-7.9409723,0.0,0.0,1016.87915,100.0,-3.4305,-7.3459353,0.13962269,-10.461649,0.0,0.0,1016.5334,100.0,-5.704166,-4.942796,-3.8018842,-6.280137,0.0,0.0,1018.4749,100.0,-3.6791666,-4.9923778,-1.7694182,-6.788966,0.0,0.0,1017.57074,100.0,-2.8125
2025-01-23,-3.712022,0.7484107,-7.1067896,0.1,0.1,1010.40826,100.0,-2.6291664,-4.738437,-1.4613683,-6.7564244,0.70000005,0.3,1010.1458,100.0,-2.0409164,-5.050583,1.9173317,-9.025816,0.0,0.0,1011.45416,100.0,-3.2666671,-3.905778,-0.65693665,-5.8319273,0.5,0.2,1012.9292,100.0,-1.5333334,-2.1264412,1.7148876,-5.4541106,0.0,0.0,1011.71655,100.0,-0.48333344
2025-01-24,-0.17207885,4.0162973,-4.858293,0.1,0.1,1014.42505,100.0,0.39583328,-0.4408082,2.551528,-3.747559,0.8,0.8,1013.6125,100.0,1.0424167,-1.5383931,3.0420175,-5.9193587,0.0,0.0,1015.8709,100.0,-0.83541656,-2.9095945,1.638792,-6.634082,0.0,0.0,1017.4958,100.0,-1.6354171,-2.1344788,1.2782507,-4.6159816,0.0,0.0,1016.7334,100.0,-0.475
2025-01-25,2.7004535,8.5106535,-1.248538,1.3000001,1.3000001,1012.56256,100.0,1.25625,0.59994894,4.289999,-1.9343398,0.5,0.5,1012.4873,100.0,1.8382502,-0.20150869,5.2919245,-3.4512582,0.0,0.0,1013.56665,100.0,-0.8354168,-0.4902792,0.98254347,-2.6719997,0.1,0.1,1017.4124,100.0,2.5395834,1.0855114,3.4499712,-0.39358187,0.5,0.5,1016.05,100.0,2.34375
2025-01-26,1.5397259,5.653126,-1.836525,0.3,0.3,1010.98737,100.0,2.4958332,0.50060517,3.727932,-3.1816738,2.5,2.5,1010.65405,100.0,2.4194999,-0.3451788,4.347039,-3.9537675,0.0,0.0,1011.8958,100.0,0.5104166,2.0161893,5.6223183,-0.14932585,0.0,0.0,1012.63336,100.0,3.4166672,3.648061,5.46679,0.9817171,0.1,0.1,1011.65405,100.0,4.0083327
2025-01-27,1.9184338,5.8342037,-2.4034812,1.0,1.0,1005.12915,100.0,1.4874998,0.3695377,4.354171,-4.2419615,4.0,4.0,1004.80426,100.0,1.68825,-0.44758514,6.6697054,-4.0314145,0.5,0.5,1005.99176,100.0,0.3395834,2.1556256,7.1175013,-2.3982065,0.1,0.1,1008.01666,100.0,3.3562498,3.856437,6.972144,1.3997145,0.0,0.0,1008.08746,100.0,3.7145832
2025-01-28,1.6407365,3.913805,-0.21878147,2.0,2.0,1000.79584,100.0,3.6499999,0.5043024,1.6760478,-0.85444546,5.2999997,5.2999997,1000.6209,100.0,2.6215837,0.2485071,4.8842096,-3.4042215,0.1,0.1,1001.3709,100.0,1.9583334,3.5707626,9.248961,-1.3286626,0.4,0.4,1001.94165,100.0,4.552083,5.677176,10.900542,1.9882898,0.90000004,0.90000004,1001.80414,100.0,5.1583333
2025-01-29,1.0039384,4.56143,-1.8411434,1.4,0.79999995,1007.89166,100.0,2.1354165,0.23763108,4.9556007,-2.1345644,0.4,0.4,1006.9417,100.0,2.11325,-0.19748288,3.5662718,-4.1164355,0.1,0.1,1010.14996,100.0,0.54791665,1.7150358,6.3818045,-2.5238183,0.0,0.0,1010.7666,100.0,1.9187502,2.8208284,5.08504,-0.0131464,0.0,0.0,1009.6624,100.0,2.885417
2025-01-30,0.19927262,5.892926,-3.447921,0.0,0.0,1017.17084,100.0,0.80833334,-0.3083346,3.6358995,-2.6293297,0.0,0.0,1017.18335,100.0,0.89449996,-2.1086938,5.414276,-6.063749,0.0,0.0,1017.1001,100.0,-1.3000002,1.3261946,7.33243,-2.0281155,0.0,0.0,1018.0501,83.0,1.6020833,3.1191177,9.48467,-1.3851056,0.0,0.0,1018.0793,91.0,1.7520832
2025-01-31,-0.94871455,0.9378519,-3.4130447,0.8000001,0.8000001,1025.7084,100.0,-0.6770833,-1.0775326,0.6581478,-5.2323513,1.1,1.1,1025.5665,100.0,-0.38883337,-2.7536936,0.6235099,-6.466693,0.3,0.3,1026.1542,100.0,-2.3874998,-2.0004,2.0004764,-5.262608,0.0,0.0,1025.3334,100.0,-1.1541666,0.097983636,2.8634415,-3.301423,0.2,0.2,1024.0126,100.0,0.83124995
2025-02-01,-2.5035005,0.69096136,-5.291423,0.0,0.0,1032.6958,100.0,-2.6979163,-2.6785755,2.5863361,-6.5113235,0.0,0.0,1032.775,100.0,-3.2075834,-4.5257473,-0.008053303,-7.2634087,0.0,0.0,1032.3875,98.0,-5.216666,-3.1131828,1.8498821,-6.258099,0.0,0.0,1032.4,99.0,-3.5375001,-2.2058237,0.86924887,-5.6753054,0.2,0.2,1032.35,100.0,-1.1166667
2025-02-02,-3.5267096,-0.17110205,-5.5651236,0.0,0.0,1028.075,100.0,-3.310417,-2.5329263,0.8415079,-5.7487693,0.0,0.0,1028.079,100.0,-4.1471667,-4.624005,0.26338243,-7.373163,0.0,0.0,1027.5,100.0,-4.86875,-3.2945535,1.5948505,-5.9337626,0.0,0.0,1027.4083,100.0,-3.7604167,-2.8736868,-1.0200734,-4.8906546,0.0,0.0,1027.754,100.0,-3.0354166
2025-02-03,-4.6595616,0.0044145584,-7.6154547,0.0,0.0,1029.5126,100.0,-5.2750006,-4.0798745,-0.10461092,-6.6394362,0.0,0.0,1029.4541,95.0,-5.2846665,-5.299462,0.21522951,-8.560488,0.0,0.0,1029.5083,99.0,-5.7749996,-3.7277424,1.1540499,-6.4933634,0.0,0.0,1029.2625,100.0,-4.7270827,-2.5496738,-0.47682977,-4.0887117,0.0,0.0,1029.2667,100.0,-2.5895834
2025-02-04,-4.7046533,1.3070598,-8.495743,0.0,0.0,1031.2542,4.0,-5.025,-4.7899556,-0.2746601,-8.7426605,0.0,0.0,1031.1957,4.0,-4.788833,-5.563333,2.1624813,-10.1538725,0.0,0.0,1031.279,7.0,-6.558333,-4.5944047,0.40027952,-8.501629,0.0,0.0,1032.0917,16.0,-5.9833336,-4.34767,1.1549921,-8.857696,0.0,0.0,1031.8167,65.0,-6.5708327
2025-02-05,-3.7033236,1.9049163,-8.227038,0.0,0.0,1036.3666,100.0,-4.5770836,-3.2446964,3.273716,-7.6319532,0.0,0.0,1036.2457,100.0,-3.203416,-5.1951375,1.1689577,-10.279253,0.0,0.0,1036.6833,100.0,-6.231251,-3.3286526,3.2263527,-8.050411,0.0,0.0,1035.475,100.0,-4.9125004,-2.9662654,2.9664683,-6.3871593,0.1,0.1,1034.7417,100.0,-5.5541663
2025-02-06,-1.8731376,0.11886263,-3.2416573,0.0,0.0,1040.6166,100.0,-0.11249996,-0.90762645,0.25636482,-1.6817589,0.0,0.0,1040.9833,100.0,1.2778332,-3.0886014,-1.6121526,-3.9801476,0.2,0.0,1039.8375,100.0,-2.325,-1.3066133,0.8693032,-3.2760594,0.2,0.2,1038.8584,100.0,-0.45208335,-2.1552927,-0.8564172,-3.4283056,1.1000001,1.1000001,1039.4498,100.0,0.59583336
2025-02-07,-2.5378582,-1.0652785,-3.9433851,0.0,0.0,1033.8292,100.0,-1.1062502,-1.8050102,-0.1513977,-3.7404327,0.4,0.3,1034.5834,100.0,-0.5388334,-4.6460137,-2.929278,-6.2304726,0.0,0.0,1031.7417,100.0,-3.2749999,-2.373251,-0.6422069,-3.7039218,0.0,0.0,1035.0958,100.0,-1.2666668,-2.8913376,-0.027511597,-4.4612823,0.0,0.0,1036.8501,100.0,-1.3770834
2025-02-08,-2.5984051,0.7766299,-4.851285,0.0,0.0,1028.8458,100.0,-2.9312499,-2.3363218,0.35144806,-5.1069818,0.0,0.0,1029.1376,100.0,-2.5575833,-4.708147,0.24632406,-6.946227,0.0,0.0,1027.9792,98.0,-3.0749998,-3.6798766,-1.8652015,-5.58613,0.0,0.0,1031.8042,100.0,-4.2375,-1.1277251,3.950511,-5.302392,0.0,0.0,1032.6207,100.0,-2.4854167
2025-02-09,-3.1240835,1.418365,-5.859479,0.0,0.0,1029.8375,100.0,-3.6270835,-2.6569655,1.6072326,-5.516135,0.0,0.0,1030.1458,100.0,-3.6888335,-4.2519355,2.0120807,-7.3684487,0.0,0.0,1029.3209,100.0,-3.533333,-2.0798733,0.49865103,-4.257971,0.0,0.0,1031.2875,100.0,-4.389583,-1.5773896,3.3895879,-4.5786486,0.0,0.0,1031.8749,100.0,-3.6624994
2025-02-10,-3.1078587,1.2414083,-6.3073387,0.0,0.0,1029.5709,100.0,-4.7604165,-2.5773292,2.7569184,-6.3597574,0.0,0.0,1029.8291,100.0,-4.4596667,-3.7010088,1.2837348,-6.6663694,0.0,0.0,1028.7208,100.0,-5.0541673,-1.6643661,3.401752,-4.9018917,0.0,0.0,1030.1207,100.0,-4.0520835,-2.6374557,1.3539691,-6.855139,0.0,0.0,1031.1833,100.0,-3.3999999
2025-02-11,-3.4828022,1.5827589,-6.9590416,0.0,0.0,1027.6292,100.0,-6.2895837,-2.701066,1.3547916,-5.7009745,0.0,0.0,1027.9708,100.0,-6.059666,-4.7905464,-0.64828634,-7.655522,0.0,0.0,1026.5125,100.0,-7.516667,-3.8712738,0.33069563,-6.949703,0.0,0.0,1029.5123,100.0,-5.5770836,-5.5442624,-0.31719875,-8.343996,0.0,0.0,1031.4418,1.0,-7.0520835
2025-02-12,-3.2122977,-2.0017748,-4.1462135,4.3,0.0,1022.125,100.0,-2.6395829,-2.9711552,-1.7340224,-4.658448,2.6,0.0,1022.2708,100.0,-2.8221664,-4.5622277,-3.0048852,-5.4978466,4.999999,1.3000002,1021.77905,100.0,-2.7249994,-5.0757623,-3.9417117,-5.622787,3.4,0.099999994,1025.4667,100.0,-4.820833,-4.1289234,-0.25323963,-8.41891,0.4,0.0,1025.9541,100.0,-7.7333336
2025-02-13,-2.5948102,-0.9228983,-3.8039825,8.3,3.3000002,1016.89166,100.0,-0.13333333,-2.4561744,-0.32414293,-5.050052,6.6,0.0,1017.3291,100.0,-0.57633334,-1.4892243,4.041172,-4.4334173,4.4,3.1000004,1016.3623,100.0,0.96041673,-3.9827557,-2.7520382,-4.9642024,3.4,0.70000005,1019.18756,100.0,-1.2354168,-2.44542,-0.17769909,-3.6210518,0.90000004,0.29999998,1018.425,100.0,-2.3458335
2025-02-14,-5.7309327,-4.7522593,-6.693815,0.1,0.0,1023.0334,100.0,-3.4937496,-5.005834,-4.526155,-6.9932566,0.0,0.0,1023.26666,100.0,-3.1305,-5.430753,-3.7590647,-6.871296,0.2,0.0,1022.4041,100.0,-4.2708335,-5.45244,-2.7630012,-7.668749,0.4,0.0,1020.80426,100.0,-3.3479166,-4.7876654,-2.6649227,-7.165689,1.6,0.1,1020.33344,100.0,-2.9375
2025-02-15,-7.554926,-4.574753,-9.743478,0.0,0.0,1026.3334,100.0,-6.4270835,-6.1370106,-3.1129818,-10.815466,0.90000004,0.0,1026.225,100.0,-5.070083,-5.938673,-3.2409518,-8.108602,0.2,0.0,1025.9042,100.0,-8.214583,-7.182249,-4.223282,-10.7174,0.0,0.0,1025.7793,99.0,-6.829168,-6.9458065,-5.1423583,-9.146294,0.1,0.0,1025.4916,100.0,-7.3145833
2025-02-16,-9.618527,-6.4079385,-13.082731,0.0,0.0,1024.1791,100.0,-7.4562507,-7.8111215,-4.245638,-11.120643,0.1,0.0,1024.1625,100.0,-6.884665,-7.103884,-4.8288717,-9.099076,0.0,0.0,1022.7209,100.0,-9.056251,-7.000583,-4.7036037,-10.23223,0.0,0.0,1023.30005,100.0,-7.0625014,-7.207154,-4.613884,-10.115447,0.0,0.0,1023.7959,100.0,-9.10625
2025-02-17,-10.547564,-6.949384,-14.772005,0.0,0.0,1026.9501,100.0,-9.391665,-8.858011,-5.758884,-12.274427,0.1,0.0,1027.1292,100.0,-8.49925,-7.7019343,-4.01826,-10.603257,0.0,0.0,1025.5709,100.0,-10.402083,-8.489242,-4.9509373,-11.158345,0.0,0.0,1026.2667,100.0,-8.991666,-8.270859,-4.4099913,-12.000645,0.0,0.0,1026.879,48.0,-10.354166
2025-02-18,-11.159753,-6.626237,-15.326711,0.0,0.0,1030.5417,100.0,-11.106251,-9.940337,-4.9325795,-15.074296,0.0,0.0,1030.4208,76.0,-10.528417,-7.3803935,-4.7776213,-11.02308,0.0,0.0,1028.9125,100.0,-12.045834,-8.065895,-4.481737,-13.293959,0.0,0.0,1029.2542,100.0,-9.620835,-8.547295,-5.6787233,-11.885235,0.0,0.0,1029.8542,100.0,-10.910416
2025-02-19,-10.331258,-2.9505563,-16.885376,0.0,0.0,1032.8167,53.0,-11.193751,-10.958679,-4.744735,-16.03358,0.0,0.0,1033.1166,4.0,-10.965917,-9.581435,-4.7082086,-13.288805,0.0,0.0,1031.8085,0.0,-12.847917,-10.271678,-3.6989293,-15.844894,0.0,0.0,1033.5001,0.0,-12.156251,-7.4393997,-1.725682,-11.9863825,0.0,0.0,1033.9166,0.0,-10.866668
2025-02-20,-8.19325,-1.5152624,-14.693983,0.0,0.0,1031.5166,100.0,-10.089583,-11.076996,-6.4937344,-15.6617365,0.0,0.0,1032.004,100.0,-10.2909155,-7.2815623,0.84498596,-12.970485,0.0,0.0,1031.1875,100.0,-10.877082,-7.602053,-2.5738654,-11.25828,0.0,0.0,1033.3085,100.0,-11.108334,-6.27181,-0.60269237,-10.681814,0.0,0.0,1033.6582,100.0,-12.329166
2025-02-21,-1.6147038,4.6376867,-5.445224,0.0,0.0,1029.4625,100.0,-3.5479171,-4.0500865,0.4775567,-8.127001,0.0,0.0,1029.825,100.0,-3.9409163,-2.6961257,4.7091312,-7.5517073,0.0,0.0,1029.6292,100.0,-4.10625,-5.9201355,-1.5053048,-9.740715,0.0,0.0,1033.629,100.0,-10.510415,-5.1673684,-0.3407638,-9.049671,0.0,0.0,1033.1542,97.0,-11.177083
2025-02-22,-3.0192606,3.365384,-7.0464983,0.0,0.0,1026.3292,100.0,-5.24375,-4.5105753,0.2348814,-8.675586,0.0,0.0,1026.5375,100.0,-5.018,-5.177258,1.0504618,-8.892456,0.0,0.0,1026.1,100.0,-6.818749,-4.702802,-0.36495543,-7.5773926,0.0,0.0,1029.475,5.0,-8.304168,-2.9820144,3.218666,-6.509482,0.0,0.0,1028.9332,8.0,-8.904168
2025-02-23,-0.77473515,5.1258526,-4.242137,0.0,0.0,1029.3666,100.0,-1.6249999,-1.6686692,3.7666492,-5.661044,0.0,0.0,1029.2501,100.0,-2.6054997,0.56361,8.35816,-6.3034534,0.0,0.0,1029.3041,100.0,-0.16041662,-4.03773,-0.8132155,-6.325017,0.0,0.0,1031.0835,100.0,-7.6437497,-3.4306176,-0.70476174,-6.480897,0.0,0.0,1029.6543,100.0,-7.4291663
2025-02-24,1.1854801,8.787138,-4.0446105,0.0,0.0,1026.9999,100.0,1.7583333,0.03669679,5.5574465,-4.1330166,0.0,0.0,1026.9209,100.0,0.8736667,1.067133,10.516839,-5.298425,0.0,0.0,1027.05,100.0,0.77708346,1.5322767,9.145992,-4.767794,0.0,0.0,1028.0001,100.0,0.8062499,1.60263,8.65198,-2.4096203,0.4,0.4,1027.5499,100.0,1.2125
2025-02-25,3.4173915,8.599688,0.62457657,0.2,0.2,1017.74994,100.0,3.2250001,2.139612,6.613513,-0.79138064,0.0,0.0,1017.9209,100.0,2.4736667,2.3271983,10.456495,-1.1311522,0.0,0.0,1017.67505,100.0,2.079167,-0.28507653,1.7581015,-3.155423,0.0,0.0,1020.78326,100.0,1.1979166,0.8159805,5.330101,-3.0886564,0.0,0.0,1020.19165,100.0,1.80625
2025-02-26,1.8307203,5.5200243,-1.6553833,0.8000001,0.8000001,1015.9793,100.0,2.6083333,1.4274472,5.3762903,-0.8111911,2.3999999,2.3999999,1015.8999,100.0,2.8715832,2.1914139,5.456599,-0.6207061,0.3,0.3,1016.4543,100.0,2.2,2.130359,4.0966663,0.59568024,0.2,0.2,1016.92926,100.0,2.841667,2.071277,4.149453,-0.29386425,0.4,0.4,1016.7917,100.0,2.475
2025-02-27,1.9959358,7.286295,-1.609438,0.8,0.8,1018.5749,100.0,2.0354168,1.7079616,5.2356596,-1.0107403,0.6,0.6,1018.3416,100.0,1.9424168,2.769161,6.6873064,-1.1519592,1.1000001,1.1000001,1019.06256,100.0,1.4333334,2.2146823,6.6144304,-1.2969079,0.9000001,0.9000001,1018.95825,100.0,3.0229168,2.7026956,6.5096235,0.6197586,2.6,2.6,1018.6042,100.0,3.4958332
2025-02-28,-1.0308225,3.566163,-4.3282795,0.70000005,0.70000005,1022.0876,100.0,0.21458332,-0.45955238,3.8636894,-3.3418126,1.2,0.29999998,1021.91656,100.0,0.10699997,-1.3481836,3.1175108,-4.9636607,1.0,0.5,1022.56665,100.0,-1.8562502,0.06775838,4.936839,-3.2523723,0.1,0.1,1021.65424,100.0,-0.004166618,0.5324804,4.9820566,-2.9994097,0.9000001,0.9000001,1020.8249,100.0,1.6041669
2025-03-01,-1.3842682,0.28098297,-3.416358,0.3,0.3,1029.2334,100.0,-0.104166664,-0.8138761,0.5968995,-4.3963685,0.5,0.5,1029.3667,100.0,0.2882499,-2.2497628,1.4871831,-6.3105974,0.6,0.6,1029.2374,100.0,-1.5437499,-1.1903292,2.6948261,-4.6141405,0.1,0.1,1027.7418,100.0,-0.7666666,-2.0781374,1.5013332,-5.2592316,0.2,0.2,1027.2168,100.0,-0.85625005
2025-03-02,-0.6925039,3.8926086,-3.6507242,0.0,0.0,1033.4664,100.0,-1.1062499,-1.7259759,3.2838178,-4.881888,0.0,0.0,1033.6208,100.0,-1.7325832,-1.5204196,3.6572127,-5.5394626,0.0,0.0,1033.4917,100.0,-2.8687499,-0.9299179,5.2352934,-4.8739986,0.0,0.0,1032.0667,100.0,-1.8104166,-1.3307816,1.4533348,-3.1920068,0.0,0.0,1031.8126,100.0,-0.7625
2025-03-03,-0.64316314,6.1384563,-5.6023073,0.0,0.0,1030.5375,100.0,-2.0020835,-0.59180397,7.620425,-5.3011904,0.0,0.0,1030.2792,100.0,-4.5325837,-1.4446038,6.314905,-6.668216,0.0,0.0,1030.5917,99.0,-4.0833335,-0.35520348,6.4771194,-5.048209,0.0,0.0,1030.275,100.0,-1.2020833,1.0348283,5.9242983,-2.6506898,0.0,0.0,1029.5875,100.0,-0.0062499964
2025-03-04,-0.08246402,8.4928665,-5.3295984,0.0,0.0,1027.8375,100.0,-1.8625001,1.0217751,7.778222,-5.451335,0.0,0.0,1027.5875,100.0,-7.5763326,-0.87295395,8.208071,-6.570466,0.0,0.0,1027.7208,100.0,-5.904167,0.7005933,8.23839,-4.5091705,0.0,0.0,1028.0792,100.0,-1.3833333,0.006744305,7.5336,-4.5267076,0.0,0.0,1027.6207,100.0,-1.5729165
2025-03-05,1.3486663,11.062607,-5.6050224,0.0,0.0,1026.6376,0.0,-1.8583335,2.5531628,9.706034,-3.9434946,0.0,0.0,1026.4624,0.0,-3.0617502,0.54109925,11.185976,-6.503255,0.0,0.0,1026.6665,0.0,-2.4729166,2.11497,10.145517,-4.6817236,0.0,0.0,1027.5667,0.0,-1.9333333,1.9894804,9.704731,-3.6783013,0.0,0.0,1026.9125,0.0,-1.2333332
2025-03-06,3.200903,12.819248,-3.889748,0.0,0.0,1023.52924,4.0,1.7687501,4.116445,11.3351755,-1.7591937,0.0,0.0,1023.4001,12.0,-0.21175005,3.201649,16.253479,-5.803524,0.0,0.0,1022.9836,11.0,-0.20000006,5.235126,14.304285,-0.60921216,0.0,0.0,1024.6791,10.0,2.48125,5.7122307,14.229229,0.005256176,0.0,0.0,1024.3541,0.0,1.53125
2025-03-07,3.4942195,11.27928,-3.3471942,0.0,0.0,1020.77094,65.0,2.2729166,6.252252,14.061489,1.1048021,0.0,0.0,1020.51263,25.0,1.5653332,3.913603,13.822151,-3.0755444,0.0,0.0,1019.9958,99.0,0.86041665,6.551081,14.058083,0.9470725,0.0,0.0,1020.90826,61.0,2.0416667,7.2048225,15.050161,1.8458576,0.0,0.0,1021.0999,100.0,0.7625
2025-03-08,3.54383,10.395453,-2.6848114,0.0,0.0,1016.3083,100.0,1.5458332,5.747116,12.578505,0.7345514,0.0,0.0,1015.9832,99.0,-0.018000016,4.2104354,13.266167,-4.506839,0.0,0.0,1015.27924,100.0,-0.17916667,7.219269,14.563702,2.098855,0.0,0.0,1016.4583,100.0,1.3958334,5.277868,15.380014,-2.6165023,0.0,0.0,1017.15405,100.0,0.7916667
2025-03-09,5.380855,13.724886,-2.2275383,0.0,0.0,1007.94165,100.0,2.729167,5.601248,12.848398,-0.072395325,0.0,0.0,1008.08734,100.0,0.52575,5.9684625,16.881021,-1.9362078,0.0,0.0,1006.96674,100.0,0.5395834,7.7939453,12.947048,3.8881989,0.0,0.0,1009.55835,100.0,1.7104168,6.568787,15.759863,-1.2702012,0.0,0.0,1010.65424,100.0,1.4562501
2025-03-10,5.5492396,12.699394,-0.4442892,0.0,0.0,1001.0793,100.0,3.5437498,5.7252464,13.303116,-0.023507118,0.0,0.0,1000.99585,100.0,2.0715833,5.403792,16.11532,-1.6807003,1.8000001,1.8000001,1001.25,100.0,2.595833,8.203353,15.008299,3.423612,5.7,5.7,1002.0459,100.0,5.066667,8.936361,14.159182,5.2594604,3.1,3.1,1002.06244,100.0,4.3604164
2025-03-11,6.7264614,11.551039,3.9922342,0.0,0.0,1001.69995,100.0,5.5874996,5.708299,12.037876,1.5076809,0.2,0.2,1001.25,100.0,4.3695,5.8938365,13.00828,1.3979287,0.0,0.0,1002.81665,100.0,4.1166663,7.325552,11.520201,2.5276418,0.90000004,0.90000004,1003.0418,100.0,6.231251,7.5056825,10.931728,5.1120853,1.3000001,1.3000001,1002.09155,100.0,6.5625
2025-03-12,5.241161,11.4717245,1.5285497,0.3,0.3,998.1707,100.0,4.9500003,4.025455,9.984541,1.0701256,2.1000001,2.1000001,998.8044,100.0,4.523667,4.5019727,11.690662,-2.0088081,0.1,0.1,997.60004,100.0,3.7854166,6.525055,13.351517,1.3489933,2.2,2.2,998.7417,100.0,5.783333,8.161114,12.6350155,3.427143,1.9,1.9,999.40424,100.0,6.1374993
2025-03-13,-0.07460135,1.6800742,-2.9205258,7.799999,7.399999,996.9666,100.0,2.1625001,-0.27258646,1.8506999,-1.831428,3.5999997,1.8000002,997.51666,100.0,1.7653332,1.239462,3.3457084,-2.5391252,15.500002,15.200002,996.3499,100.0,2.96875,4.572881,7.8278866,-0.014976501,13.7,13.7,994.38745,100.0,4.8625,5.065128,9.180532,-0.38147426,12.5,12.5,994.37506,100.0,5.4270825
2025-03-14,1.3278857,3.5847092,-0.63287306,1.8000002,1.8000002,1005.92505,100.0,1.9916664,1.1601049,3.1899729,-0.8473406,1.3000001,1.3000001,1006.29584,100.0,2.0778334,0.32670423,2.2088833,-2.0272167,1.9,1.9,1005.3584,100.0,1.6895833,1.0740697,4.2581873,-1.4387703,7.3999996,7.3999996,1005.4209,100.0,2.204167,-0.30079803,3.1858153,-3.136842,12.1,9.200001,1006.1584,100.0,1.3520833
2025-03-15,0.054082464,2.500144,-2.0226388,0.0,0.0,1015.21674,100.0,-0.42083326,0.12281418,3.8083868,-3.3739853,0.0,0.0,1015.89594,100.0,-0.5909167,-1.5560555,-0.15269518,-2.846686,3.6,3.2,1014.20416,100.0,0.9312501,-0.8867473,0.3392377,-2.2009785,0.5,0.5,1013.59595,100.0,0.23958333,-2.0816772,-1.1998198,-3.1972017,0.90000004,0.90000004,1015.4084,100.0,0.17083335
2025-03-16,-0.6954534,4.6328716,-4.647047,0.0,0.0,1017.85846,40.0,-2.6666667,-1.0249543,3.8421736,-4.675473,0.0,0.0,1018.49176,45.0,-2.9825838,-0.48067412,4.090311,-3.5966697,0.0,0.0,1016.64166,100.0,-1.3895831,-0.14375359,5.0618935,-3.5132818,0.0,0.0,1015.9626,100.0,-2.2749999,-2.1695552,2.4429803,-5.577407,0.0,0.0,1017.16675,98.0,-2.5875003
2025-03-17,-3.0089648,-1.808084,-5.3411264,0.2,0.2,1025.5209,100.0,-5.1166663,-2.8762681,-0.90978956,-5.751691,0.8,0.3,1026.2626,100.0,-5.2409167,-4.0668597,-1.3632555,-6.0746474,1.0,0.099999994,1024.8958,100.0,-5.7583327,-3.6183608,-1.2329292,-5.925034,0.1,0.0,1022.8,100.0,-5.8729157,-3.9071798,-1.5227041,-7.120503,1.7,0.099999964,1022.27075,100.0,-5.4750004
2025-03-18,-2.9712856,2.4079294,-8.095608,0.0,0.0,1032.6167,38.0,-7.6583333,-2.7250268,3.1066718,-7.608486,0.0,0.0,1032.4791,0.0,-10.528417,-4.1083455,1.6061177,-8.026426,0.0,0.0,1032.5792,10.0,-8.795833,-3.461314,2.7512736,-7.7066755,0.0,0.0,1032.6709,87.0,-6.875,-3.988044,1.0526175,-7.3483605,0.0,0.0,1032.4458,7.0,-6.922918
2025-03-19,-0.7693365,6.605706,-6.3803163,0.0,0.0,1030.5043,0.0,-4.408334,-0.5015993,6.24977,-6.6185713,0.0,0.0,1030.371,0.0,-7.3055,-1.9567547,8.157788,-7.7088523,0.0,0.0,1030.2709,0.0,-6.4479165,-1.5831938,4.5089445,-6.1422234,0.0,0.0,1032.1333,0.0,-4.935416,-1.8697357,4.579767,-6.4530816,0.0,0.0,1031.9375,0.0,-6.347917
2025-03-20,2.635391,11.6355715,-4.357989,0.0,0.0,1027.225,98.0,-0.7979168,2.620309,10.073412,-4.2808933,0.0,0.0,1027.1292,100.0,-0.8617499,0.6836092,11.381129,-7.340636,0.0,0.0,1027.3457,3.0,-2.1208336,0.537782,7.035659,-4.800014,0.0,0.0,1029.3875,0.0,-2.3625,0.41513968,7.0166073,-4.8021398,0.0,0.0,1029.0166,0.0,-3.8958337
2025-03-21,5.7228255,14.137781,-1.2166188,0.0,0.0,1021.70013,6.0,2.7270832,5.901344,14.112854,-1.3930383,0.0,0.0,1021.62506,19.0,1.9945,3.3242857,13.635681,-4.4111114,0.0,0.0,1021.3584,3.0,0.16041668,3.7959487,11.025914,-2.5762362,0.0,0.0,1023.64594,0.0,0.10416671,3.4497306,11.33356,-2.9890375,0.0,0.0,1023.5041,56.0,-0.30416676
2025-03-22,5.8428783,12.224735,-0.32318163,0.0,0.0,1012.72504,100.0,1.8000001,6.2012353,12.654505,0.10937405,0.0,0.0,1013.07495,100.0,0.682,3.6095784,8.76306,-0.80247235,0.0,0.0,1011.8167,100.0,1.7562503,5.2680435,10.493626,0.14682484,0.0,0.0,1014.0999,100.0,1.4916664,3.2239578,11.044587,-3.5384414,0.0,0.0,1015.74585,100.0,0.21458334
2025-03-23,6.4226584,10.78185,2.3621254,2.0,2.0,1006.8084,100.0,5.877083,6.5132117,10.3500395,2.6513162,2.9999998,2.9999998,1007.10004,100.0,5.6403337,6.3460164,14.798126,1.5157013,0.6,0.6,1006.06244,100.0,5.6270833,7.0473094,13.363678,3.4429302,9.299999,9.299999,1007.5625,100.0,7.3624997,6.708906,11.252777,1.7910929,2.8999999,2.8999999,1009.1375,100.0,5.9312496
2025-03-24,7.9255776,12.653215,3.0268412,0.1,0.1,1011.28754,97.0,6.7020836,7.6846128,12.178913,1.727932,0.6,0.6,1011.31256,96.0,6.1840835,6.396843,11.375711,0.14473295,4.3999996,4.3999996,1011.6999,100.0,5.820833,7.877809,12.800175,4.101655,0.70000005,0.70000005,1011.325,100.0,7.1687503,7.9419312,12.66297,4.56207,4.6,4.6,1011.07086,100.0,7.65625
2025-03-25,7.673404,12.67835,2.3922763,1.8000001,1.8000001,1017.2874,100.0,6.5875,7.8882556,13.115566,4.1313343,4.2,4.2,1017.39154,100.0,6.5590835,7.140159,13.440716,1.6063471,0.5,0.5,1017.38745,96.0,5.652084,7.8375793,13.695326,2.201448,0.1,0.1,1017.24164,57.0,6.1541667,7.607657,12.248297,2.991394,0.1,0.1,1017.58344,100.0,5.6499996
2025-03-26,4.661779,6.458622,1.7556291,2.8000002,2.8000002,1019.47906,100.0,5.0499997,4.3924394,7.2001953,0.7524147,2.4,2.4,1019.5833,100.0,5.2340827,4.0085087,9.894243,-1.1153023,1.9000001,1.9000001,1018.87085,100.0,4.0145836,6.8510685,13.242655,1.0434971,0.0,0.0,1017.25415,100.0,4.6166663,6.5150695,13.403862,1.8659658,1.0,1.0,1017.429,100.0,5.25625
2025-03-27,4.954813,9.26561,1.8631964,0.1,0.1,1020.6584,100.0,3.3937502,4.7145724,8.8478565,-0.4039693,0.0,0.0,1021.38763,100.0,4.132,3.7022045,6.7113256,0.7672787,0.9000001,0.9000001,1020.19574,100.0,2.958333,5.4993224,9.4005575,1.8944736,0.0,0.0,1018.76245,100.0,3.5791667,4.919622,6.862935,3.6870422,0.4,0.4,1019.74585,100.0,4.2708335
2025-03-28,4.4103384,10.191227,-2.0608394,0.0,0.0,1014.55835,100.0,2.6979167,4.929805,12.401142,-1.5486448,0.0,0.0,1014.571,100.0,3.0903332,3.6557229,10.404027,-3.0377593,0.0,0.0,1013.9292,100.0,1.85,6.24239,13.199368,0.03680706,0.0,0.0,1013.0168,100.0,3.78125,5.7077765,10.879005,-0.19789791,0.0,0.0,1014.1291,100.0,4.1916666
2025-03-29,6.723088,9.886989,4.95751,2.2000003,2.2000003,1010.8582,100.0,6.0041656,5.9690223,9.631068,2.8545618,0.1,0.1,1011.3042,100.0,4.5903335,5.1030087,7.0628242,3.3392925,11.499999,11.499999,1010.3833,100.0,5.7312503,9.614914,13.521063,7.467823,12.7,12.7,1008.52075,100.0,9.110416,9.197421,14.639355,5.2803802,0.1,0.1,1008.4875,100.0,7.3791656
2025-03-30,4.8818536,9.676824,1.9549131,0.5,0.5,1013.7,100.0,2.7895832,4.2573686,10.207994,-0.7998252,1.9000001,1.7,1013.5708,100.0,2.671583,4.5848374,9.828747,1.408741,1.9000001,1.9000001,1014.3625,100.0,2.591667,7.2282662,11.282564,2.6002655,0.70000005,0.70000005,1011.4417,100.0,4.370834,7.3460374,10.001222,4.392049,0.2,0.2,1010.72485,100.0,5.145833
2025-03-31,2.7535307,5.4876575,0.49871492,1.5000001,1.4000001,1018.0042,100.0,2.8458335,2.92027,4.2797155,1.5230813,3.6999998,3.6999998,1018.3333,100.0,4.0632496,0.88054305,3.4058943,-1.2348797,3.9999998,3.4999998,1018.29565,100.0,2.1125,2.9422848,5.366373,0.4421854,2.6000001,2.5000002,1015.55835,100.0,2.4375,3.8678741,6.5795507,1.2535563,1.9000001,1.9000001,1014.69586,100.0,3.3125
2025-04-01,3.6580746,7.6692324,-0.2456541,0.6,0.6,1025.1958,100.0,2.5166667,3.5253494,7.0794353,0.41236734,0.0,0.0,1026.1542,100.0,2.5549169,2.0464842,5.271393,-0.22239685,0.6,0.6,1023.9583,100.0,1.8770833,3.821708,7.7715034,0.80739737,0.0,0.0,1022.00836,100.0,3.333333,2.4448872,5.7615633,0.6176367,0.3,0.3,1022.9915,100.0,3.783333
2025-04-02,6.2424455,11.842779,1.5208158,0.0,0.0,1024.6333,100.0,3.604167,6.658709,12.327948,1.642983,0.0,0.0,1025.3541,100.0,3.9153335,4.220047,9.42029,-1.1183152,0.2,0.2,1023.675,100.0,2.5187502,6.4216323,10.173622,3.3764648,0.1,0.1,1022.4251,100.0,4.289583,6.532684,11.180452,2.7604494,0.1,0.1,1022.3958,100.0,4.0604167
2025-04-03,7.9453125,14.793215,0.7634907,0.0,0.0,1025.346,0.0,3.9354165,8.698237,16.07315,1.2991962,0.0,0.0,1025.5248,1.0,3.6840837,6.5189667,14.034336,-0.8169515,0.0,0.0,1024.5084,16.0,2.5249999,8.0802555,14.332096,2.0918717,0.0,0.0,1023.64996,0.0,2.8749998,7.1961665,13.64917,0.551178,0.0,0.0,1024.1792,57.0,3.3270829
2025-04-04,9.96504,17.028551,2.318471,0.0,0.0,1021.3459,0.0,5.6895833,11.091732,18.120949,5.4490175,0.0,0.0,1021.28754,1.0,5.2153335,7.6345105,16.004036,0.4348812,0.0,0.0,1020.9417,0.0,2.991667,9.821185,16.445244,3.4653835,0.0,0.0,1020.58746,0.0,4.416667,9.253386,17.073376,1.1343884,0.0,0.0,1020.7957,75.0,5.4249997
2025-04-05,4.833478,8.387532,-1.7312531,0.0,0.0,1015.04175,100.0,1.4791665,4.0213404,6.4869404,-2.667779,0.0,0.0,1016.0042,100.0,1.4549165,4.9322267,12.487364,-0.60323787,0.3,0.3,1013.85425,100.0,1.354167,5.6429296,12.923443,-1.607616,0.0,0.0,1012.1667,100.0,1.7687501,3.0884247,6.4997196,-4.1970625,0.5,0.5,1012.5459,100.0,0.59999996
2025-04-06,-3.3707473,-0.66827154,-6.62613,0.0,0.0,1024.1334,100.0,-6.4979177,-3.2563674,-0.092681885,-6.7023053,0.0,0.0,1024.9333,100.0,-5.7721667,-4.112255,-1.3577528,-7.3000126,0.0,0.0,1023.12494,100.0,-7.6437497,-4.6662235,-2.586085,-6.8352695,0.0,0.0,1021.3625,100.0,-8.079165,-5.3675284,-3.3309617,-7.110005,0.1,0.0,1020.3875,100.0,-7.3999996
2025-04-07,0.17574668,4.2037935,-4.4054585,0.2,0.2,1025.1,100.0,-2.5416663,0.71592146,4.6269913,-4.9414697,0.1,0.1,1025.2875,100.0,-1.8055001,-1.3578349,2.4476671,-6.258542,0.0,0.0,1025.2124,100.0,-4.1,-1.0097746,2.0556936,-4.847027,0.2,0.2,1023.3167,100.0,-3.502083,-1.7548794,1.6388264,-5.021725,0.3,0.1,1022.58344,100.0,-3.1458333
2025-04-08,3.849045,7.7025814,-0.36633158,0.1,0.1,1026.0415,100.0,-0.043749988,3.9309237,7.9468336,-0.4355421,0.0,0.0,1026.3916,100.0,0.5799168,2.000851,4.669921,-0.8151901,0.1,0.1,1026.3542,100.0,-0.7020833,3.0669909,7.077484,-0.06425619,0.70000005,0.70000005,1024.7917,100.0,-0.06666666,1.2583526,4.2980204,-1.4577594,7.3,3.2999997,1024.4623,100.0,-0.79375005
2025-04-09,4.5170193,8.257302,-0.10571718,0.0,0.0,1022.7251,100.0,0.68333334,4.8834443,9.53532,-1.2035518,0.0,0.0,1022.58746,100.0,1.3424168,1.4127898,6.7062197,-3.9685714,0.0,0.0,1023.18335,100.0,-1.7874999,2.7912467,8.949363,-4.057991,0.0,0.0,1021.97076,100.0,-2.220833,1.7301973,7.1738663,-4.7879434,0.0,0.0,1021.5708,100.0,-2.5562499
2025-04-10,4.1258483,6.7575703,1.3978672,0.0,0.0,1023.1584,100.0,1.7479168,4.208553,7.0573864,1.700242,0.1,0.1,1023.45404,100.0,2.8465831,2.9065132,6.897667,-0.42430687,0.0,0.0,1023.0459,100.0,-0.18749999,3.4889896,4.64023,2.43323,0.2,0.2,1020.92505,100.0,-0.55,1.0112662,3.187698,-2.4786208,5.8,5.7000003,1020.375,100.0,-2.40625
2025-04-11,6.2701697,11.841057,0.7449007,0.0,0.0,1017.4959,100.0,3.070833,5.9393883,11.180955,-0.05711317,0.0,0.0,1017.41644,100.0,3.6153333,5.1425266,11.747861,-2.1140194,0.0,0.0,1017.89594,100.0,1.5479165,6.5235195,11.87051,1.4414368,1.1,1.1,1015.6333,100.0,1.9124999,4.214674,6.4438267,0.70417786,0.4,0.4,1014.77094,100.0,2.3604167
2025-04-12,10.667151,16.800026,4.2494555,0.0,0.0,1015.2126,100.0,5.2270827,10.214555,17.584692,3.393786,0.0,0.0,1015.0291,100.0,5.882,8.908811,16.017584,2.271418,0.0,0.0,1015.48755,100.0,4.84375,9.491562,13.749191,6.0145473,0.0,0.0,1016.89575,100.0,4.75,8.453702,13.7439995,4.788287,0.0,0.0,1016.9751,100.0,5.152083
2025-04-13,11.854473,18.493248,4.279953,0.0,0.0,1009.4334,100.0,6.229166,10.964498,18.511797,3.0897427,0.0,0.0,1009.50415,100.0,8.254916,9.32002,16.57475,2.04111,0.0,0.0,1009.63745,100.0,6.6666665,10.248798,15.454714,4.9649963,0.0,0.0,1011.4167,100.0,5.9458327,11.157314,17.559135,4.344426,0.0,0.0,1011.60004,100.0,4.4645834
2025-04-14,14.235692,20.951609,8.955317,1.8000001,1.8000001,1010.25415,100.0,9.502083,14.58329,19.12696,9.682841,0.2,0.2,1010.3709,100.0,11.036166,12.153602,19.546833,5.292304,0.0,0.0,1009.97504,100.0,7.708334,12.718147,18.203428,6.973174,0.0,0.0,1011.71246,100.0,8.11875,14.595731,21.967247,8.4051285,0.0,0.0,1011.80414,100.0,6.5520835
2025-04-15,13.475566,16.553276,10.032763,0.3,0.3,1004.0168,100.0,10.364584,12.783661,14.9289055,9.971664,0.70000005,0.70000005,1004.61237,100.0,11.190333,13.634847,19.505234,8.055833,0.1,0.1,1003.08344,100.0,9.718751,11.2411,14.498386,8.8377,2.9999998,2.9999998,1007.65424,100.0,11.066667,12.854733,15.193264,9.803204,5.7999997,5.7999997,1009.2874,100.0,9.645835
2025-04-16,16.77326,23.533964,9.9054165,0.1,0.1,1007.88745,100.0,10.829167,16.079008,24.014261,8.213411,0.0,0.0,1008.14996,100.0,12.077832,14.533612,21.83985,6.177559,0.0,0.0,1007.85834,85.0,8.929166,15.37402,20.646822,10.142351,0.0,0.0,1010.72076,100.0,11.375,17.815176,23.480803,12.862707,0.0,0.0,1011.31665,100.0,9.697917
2025-04-17,17.320465,21.948883,12.707268,0.0,0.0,1006.4541,100.0,8.454167,16.917368,22.157505,11.286849,0.0,0.0,1006.4707,100.0,10.721583,15.275596,20.112093,12.402897,0.0,0.0,1006.54156,100.0,7.9375,16.14602,22.009798,11.991386,0.3,0.3,1010.8125,100.0,11.247916,19.908422,25.167467,15.323566,0.0,0.0,1011.57916,100.0,7.964584
2025-04-18,10.922719,15.496202,6.5859823,12.999998,12.999998,1009.36255,100.0,9.60625,11.4220705,16.325415,7.4762373,6.0,6.0,1009.3875,100.0,10.11325,8.53696,13.3971195,5.8537645,18.1,18.1,1010.7293,100.0,8.474999,13.105502,15.626823,8.381703,10.9,10.9,1009.80414,100.0,11.356251,16.03525,21.203102,8.817274,9.900001,9.900001,1009.81665,100.0,11.745833
2025-04-19,8.805799,14.188093,3.951499,0.1,0.1,1011.0959,100.0,5.285417,8.325465,12.134237,5.8860855,0.6,0.6,1011.06244,100.0,6.8799167,9.137337,15.998449,2.7550445,0.3,0.3,1010.7375,100.0,5.7375007,9.4656925,14.431181,3.9340897,0.1,0.1,1012.3875,100.0,7.147917,10.260156,15.134655,4.7687855,0.0,0.0,1012.2834,99.0,5.8874993
2025-04-20,13.113463,21.818352,4.462556,0.1,0.1,1007.3415,100.0,7.1062503,12.956765,21.196701,4.975279,0.0,0.0,1007.51245,100.0,8.81325,11.083247,20.585709,3.182775,0.0,0.0,1007.1541,95.0,7.025,11.588006,16.36468,6.9481707,0.0,0.0,1008.89185,98.0,8.308333,13.925883,20.80914,7.86397,0.0,0.0,1008.8665,100.0,7.0208335
2025-04-21,13.080058,18.847425,8.77357,1.4,1.4,1010.2542,100.0,8.147916,12.535869,17.023241,8.154996,1.1,1.1,1010.51245,100.0,9.848666,12.2718315,19.225506,6.215604,0.4,0.4,1010.25006,100.0,8.729167,14.20641,21.107826,7.1262093,0.8,0.8,1009.63354,100.0,10.693751,16.067663,22.899725,8.305592,0.0,0.0,1009.15826,100.0,7.9520836
2025-04-22,11.823525,15.991941,6.012804,0.0,0.0,1016.6584,100.0,5.297917,11.226022,15.688133,5.2994184,0.6,0.6,1016.66675,100.0,7.577833,11.266132,17.061607,5.1856327,0.0,0.0,1017.01666,100.0,6.660416,14.166276,19.917048,9.139367,1.6,1.6,1015.76245,100.0,9.404166,15.578336,20.983765,11.31196,0.0,0.0,1015.24585,100.0,8.760417
2025-04-23,13.677933,19.705147,6.603739,0.1,0.1,1015.9624,99.0,5.347917,12.767396,17.63329,7.373783,0.0,0.0,1016.27924,100.0,7.6632504,12.165393,19.707731,6.032899,1.7,1.7,1015.5916,100.0,7.822916,15.00677,21.17294,8.861164,0.1,0.1,1014.96674,100.0,9.13125,15.198888,21.935986,9.054076,1.5,1.5,1015.61664,100.0,8.189583
2025-04-24,11.975305,13.641762,10.503877,9.0,9.0,1012.77496,100.0,10.377083,11.76672,14.685043,7.8939867,6.7000003,6.7000003,1013.12506,100.0,10.829917,9.775681,11.854208,7.5125065,4.8999996,4.8999996,1012.97925,100.0,8.320834,14.248184,19.591764,10.929577,7.3,7.3,1011.4458,100.0,11.518749,15.0751915,19.630898,10.977753,1.4000001,1.4000001,1011.27496,100.0,10.395835
2025-04-25,8.554871,11.09729,6.4912863,17.099998,17.099998,1015.9417,100.0,9.141665,9.239121,11.85092,6.689103,3.3,3.3,1016.5291,100.0,8.5195,7.142775,8.889917,4.967866,7.9000006,7.9000006,1015.8833,100.0,7.2729163,10.070106,12.979786,7.1838675,13.299999,13.299999,1013.3833,100.0,9.833334,10.799968,12.497675,7.5939293,5.5000005,5.5000005,1013.35425,100.0,10.333333
2025-04-26,7.53511,13.397026,1.9882545,0.1,0.1,1022.5625,99.0,4.508333,7.52108,13.05797,2.2259154,0.0,0.0,1023.2415,91.0,3.9236662,7.9466805,13.324703,4.225726,3.8,3.8,1020.91675,100.0,5.054167,7.9334755,12.932869,4.1015177,0.0,0.0,1020.05,100.0,3.5812502,7.6039357,12.5560665,3.1098661,0.0,0.0,1021.3333,100.0,2.2833333
2025-04-27,6.9425244,13.182577,0.46407652,0.0,0.0,1026.5083,0.0,2.7312498,7.831093,13.905378,1.6191511,0.0,0.0,1026.7834,0.0,2.7069998,6.6916738,13.693899,-0.18982124,0.0,0.0,1025.0376,8.0,2.2999997,7.088928,13.347906,1.3997107,0.0,0.0,1025.829,0.0,1.0104166,5.9525495,11.582792,0.12621021,0.0,0.0,1027.2291,1.0,-0.8645833
2025-04-28,10.330351,18.490725,1.5814166,0.0,0.0,1026.3832,21.0,5.81875,10.476086,18.035845,2.8909092,0.0,0.0,1026.6792,30.0,4.6528335,10.927257,20.620913,2.7271323,0.0,0.0,1025.4625,33.0,6.160417,11.061107,18.302647,2.9309373,0.0,0.0,1026.5292,2.0,5.3875003,10.971207,19.08814,2.0146866,0.0,0.0,1026.9666,0.0,2.0583332
2025-04-29,12.9939995,19.895578,4.938942,0.0,0.0,1025.025,96.0,4.8749995,12.675926,20.052534,5.029628,0.0,0.0,1025.1084,96.0,6.3007503,13.24707,21.528818,5.8193626,0.0,0.0,1024.4542,21.0,6.885416,14.022995,20.506802,6.9289217,0.0,0.0,1024.6166,100.0,8.025001,13.794938,22.07934,5.4537487,0.0,0.0,1024.1041,100.0,3.8041666
2025-04-30,15.697682,22.32389,7.735753,0.0,0.0,1023.3459,91.0,7.706249,14.993126,21.603004,7.4865274,0.0,0.0,1023.53326,97.0,10.13825,14.009191,22.085032,5.8713408,0.0,0.0,1023.075,74.0,5.9979167,14.899117,22.478603,6.353877,0.0,0.0,1022.54596,94.0,6.8291664,15.127499,21.397606,8.014359,0.0,0.0,1022.625,100.0,5.964583
2025-05-01,16.800001,23.18705,9.188347,0.0,0.0,1021.33344,47.0,7.9875007,16.533041,23.272285,8.7831135,0.0,0.0,1021.429,79.0,10.669501,15.515663,23.163225,6.439205,0.0,0.0,1021.1082,28.0,7.320833,16.473577,22.901728,8.117116,0.0,0.0,1021.13324,47.0,8.435418,15.425174,21.566877,8.065153,0.0,0.0,1021.35425,61.0,5.5625
2025-05-02,18.400183,24.696665,11.093154,0.0,0.0,1016.3791,74.0,7.0812497,17.726923,24.810078,9.750378,0.0,0.0,1016.2292,78.0,10.965336,17.021372,25.26529,7.7727156,0.0,0.0,1017.11255,39.0,7.0875,17.092495,23.705917,8.944553,0.0,0.0,1017.95416,70.0,7.702083,16.352106,23.430828,7.109728,0.0,0.0,1017.45404,100.0,5.279167
2025-05-03,17.38332,24.031288,12.319706,0.4,0.4,1009.5833,100.0,9.202084,16.273512,23.42225,11.50555,3.3999996,3.3999996,1009.54175,100.0,12.765334,16.492535,24.544756,9.793908,0.3,0.3,1010.7292,100.0,7.9062495,18.477297,26.47928,11.9904175,2.9,2.9,1010.5,100.0,11.289584,18.797049,26.299587,14.067112,3.4,3.4,1009.77924,100.0,9.770833
2025-05-04,10.874263,14.735132,6.9610777,2.5,2.5,1008.60815,100.0,4.81875,9.385194,13.795427,5.2070837,0.4,0.4,1009.02094,100.0,6.6569996,11.260116,13.609823,8.284075,5.2999997,5.2999997,1008.5332,100.0,8.060416,12.188905,15.369272,7.7398577,0.1,0.1,1007.8084,100.0,7.670833,12.355998,15.211283,7.4605017,1.8000001,1.8000001,1007.11237,100.0,8.183333
2025-05-05,6.345183,8.849224,2.859756,0.0,0.0,1014.14996,100.0,1.4437499,5.3100076,8.561682,1.5585527,0.0,0.0,1014.9875,100.0,3.4382503,4.7301736,6.305889,3.1849427,6.2000003,6.2000003,1013.0584,100.0,3.6458333,6.1271553,8.444641,4.060027,2.2,2.2,1012.42505,100.0,2.78125,6.875216,11.51735,5.1350718,0.0,0.0,1013.25006,100.0,2.3875
2025-05-06,6.27556,9.73658,2.0497208,0.0,0.0,1016.81244,100.0,-1.4541668,5.663839,10.437648,0.3222518,0.0,0.0,1017.22504,100.0,1.9090832,5.540008,10.3506565,1.9896383,0.0,0.0,1015.8582,100.0,0.20000003,6.3407216,9.229519,3.3195996,1.5000001,1.5000001,1015.0417,100.0,3.5562503,6.691532,9.456333,3.9952574,0.6,0.6,1015.0666,100.0,3.4250002
2025-05-07,7.525166,13.198587,2.086193,0.3,0.3,1017.60004,100.0,1.2687501,6.6109657,11.486739,1.1937876,0.2,0.2,1018.1084,100.0,3.9465837,6.448066,12.11623,-0.033076286,0.0,0.0,1016.50006,100.0,0.48958334,7.1888866,11.755129,1.7141924,0.0,0.0,1016.31256,100.0,1.6395832,7.891573,11.823305,3.0685825,0.0,0.0,1016.45013,100.0,0.91041666
2025-05-08,6.363901,10.660474,2.0195494,0.0,0.0,1017.48755,100.0,-2.1041667,5.3228893,8.350943,1.8515191,0.0,0.0,1018.4375,100.0,1.1132501,6.4897056,9.062774,4.45481,0.0,0.0,1015.88324,100.0,0.07916673,6.4403167,10.364531,3.2371554,0.0,0.0,1015.7458,100.0,-1.1645833,6.0159307,9.320136,2.3621492,0.0,0.0,1016.47076,100.0,-2.9291666
2025-05-09,6.570211,10.628391,0.2353921,0.0,0.0,1020.9209,100.0,-2.720833,6.588861,11.286766,0.19467258,0.0,0.0,1021.0666,100.0,1.1695,5.437973,10.184163,-0.14621878,0.0,0.0,1020.02924,100.0,-2.5020833,5.4327106,10.026146,-0.5409174,0.0,0.0,1020.0749,100.0,-2.825,5.1925817,8.9794,-0.6919861,0.0,0.0,1020.2041,100.0,-3.7
2025-05-10,10.194503,18.119843,0.5121808,0.0,0.0,1020.4666,99.0,0.122916795,10.210065,16.758827,2.1568122,0.0,0.0,1020.554,100.0,4.2778335,8.099864,16.132618,-1.7610466,0.0,0.0,1020.7458,97.0,-0.23333336,8.870732,16.246555,-0.3396728,0.0,0.0,1020.37933,100.0,0.65833336,7.566948,12.289207,1.3320413,0.6,0.6,1019.96265,100.0,1.9500002
2025-05-11,10.860927,15.648373,6.1518307,0.0,0.0,1017.92487,99.0,2.475,10.518377,16.106277,5.0163193,0.0,0.0,1018.2459,100.0,5.6507506,9.639649,14.443857,3.9228773,0.0,0.0,1016.82086,100.0,2.172917,9.268285,13.00654,6.1404076,0.0,0.0,1017.6209,98.0,1.0395833,7.4555187,11.089923,3.2543612,0.1,0.1,1018.54584,100.0,0.95000035
2025-05-12,9.146844,15.959734,3.4367805,0.0,0.0,1016.5166,98.0,-1.9354167,9.1887455,15.869764,2.800346,0.0,0.0,1016.94165,100.0,1.8778332,8.212131,14.57373,1.8689909,0.0,0.0,1015.27496,96.0,0.49374998,8.2599,12.555374,2.803843,0.0,0.0,1016.2583,100.0,-1.3916668,7.587667,12.587763,2.6290865,0.0,0.0,1017.1082,100.0,-0.81874996
2025-05-13,10.563426,16.565065,2.8281097,0.0,0.0,1019.04987,10.0,-1.1666666,10.620574,17.516344,4.571725,0.0,0.0,1019.4292,39.0,3.082,8.953594,16.047869,1.5854135,0.0,0.0,1018.22076,87.0,-0.69166666,9.705986,16.354914,2.9074087,0.0,0.0,1018.39594,98.0,-1.5500001,8.915571,13.613106,2.6347365,0.0,0.0,1018.97485,100.0,-1.0937499
2025-05-14,13.201271,20.59567,4.406348,0.0,0.0,1014.8667,100.0,0.82083327,13.1146,18.662792,6.3947268,0.0,0.0,1014.9875,100.0,4.8986664,11.264099,18.714624,1.8507948,0.0,0.0,1015.50006,100.0,0.99583334,11.763797,19.80913,2.2821856,0.0,0.0,1014.95844,100.0,1.9854168,11.53802,17.882929,2.5712433,0.0,0.0,1013.7625,100.0,-0.29583326
2025-05-15,8.80937,13.541613,5.394149,1.1,1.1,1012.28766,100.0,1.2770835,7.9472733,11.873392,5.1251364,4.2,4.2,1013.08325,100.0,4.6090837,7.9570203,10.753429,3.2878532,0.2,0.2,1011.8875,100.0,0.84791684,7.945846,11.31775,2.4649553,1.6,1.6,1010.2708,100.0,2.0333335,5.8343425,11.648746,0.7431884,7.0999994,7.0999994,1010.00836,100.0,2.1041667
2025-05-16,7.412688,12.7065735,3.7800217,7.0,7.0,1015.5833,100.0,2.1354167,7.45445,11.938856,4.360077,0.4,0.4,1015.75415,100.0,4.4007497,5.083132,10.309694,1.8668804,3.2,3.2,1016.5291,100.0,2.6374998,5.862804,12.892975,0.9650469,0.3,0.3,1014.46246,100.0,2.45,5.831863,12.239742,0.79761314,0.90000004,0.90000004,1012.9668,100.0,2.9187498
2025-05-17,8.588305,11.892246,4.9326677,1.5,1.5,1012.53345,100.0,2.7520835,8.354487,11.688916,4.484439,2.1,2.1,1012.7375,100.0,5.577833,6.966894,11.748317,2.5073133,0.90000004,0.90000004,1013.4001,98.0,2.6354165,7.96678,12.586388,4.5100546,0.8,0.8,1011.35834,100.0,3.814583,6.928856,9.873638,5.0165358,11.499998,11.499998,1010.29156,100.0,6.25
2025-05-18,8.376975,11.769264,5.9937296,3.0,3.0,1012.77905,100.0,5.1375003,8.207238,11.601199,4.246711,3.1,3.1,1012.8584,100.0,6.463249,6.6752896,10.663396,4.088114,9.000001,9.000001,1013.80817,100.0,5.829167,7.8083243,11.70688,5.012289,10.000003,10.000003,1012.08746,100.0,5.0374994,5.638382,9.84404,2.335884,9.900001,9.900001,1011.0666,100.0,5.4500003
2025-05-19,9.728402,12.576469,6.6614475,0.1,0.1,1016.80426,100.0,7.2937503,9.928465,12.510252,7.00741,0.8000001,0.8000001,1017.01666,100.0,8.8861685,8.427257,12.303543,3.9432735,0.0,0.0,1017.24994,100.0,5.10625,8.771489,11.258345,6.191551,0.6,0.6,1015.55,100.0,7.0104175,7.052015,8.972527,4.4346867,3.8999991,3.8999991,1014.87085,100.0,6.9666667
2025-05-20,14.860397,19.168762,10.668163,0.1,0.1,1017.06665,100.0,9.8875,14.8465185,19.742832,8.308164,0.0,0.0,1017.19165,100.0,10.788251,11.899526,17.886532,5.9390974,0.0,0.0,1017.10004,100.0,6.9250007,13.581014,17.755154,8.964049,0.1,0.1,1017.2166,100.0,9.099999,12.131545,17.299267,8.078993,1.2000002,1.2000002,1017.125,100.0,9.460417
2025-05-21,15.9746065,21.855854,9.428329,3.1000001,3.1000001,1011.4792,100.0,9.589583,15.343148,21.294605,9.253497,1.2,1.2,1011.53345,100.0,10.309083,13.509488,22.073208,6.5996656,5.4,5.4,1012.00415,100.0,9.312501,15.191685,21.45801,8.563342,0.8,0.8,1012.27496,100.0,9.7541685,14.154263,20.855133,6.7056675,1.2,1.2,1012.1333,100.0,9.672917
2025-05-22,11.737,14.693281,7.3272743,5.0,5.0,1009.66675,100.0,8.974999,10.68544,13.408674,5.6512604,1.3000002,1.3000002,1009.78754,100.0,7.511167,10.340559,13.750544,7.0566444,11.000002,11.000002,1009.78326,100.0,9.7125,12.849911,17.341707,6.740077,12.000001,12.000001,1008.84186,100.0,11.118751,12.449212,17.504974,9.412722,11.6,11.6,1008.5208,100.0,11.297917
2025-05-23,7.8324075,12.791138,1.4082417,0.1,0.1,1014.8875,91.0,0.30625004,6.8332124,11.14371,0.35976744,0.6,0.6,1015.05426,53.0,1.70075,7.306019,10.875092,3.4130874,0.0,0.0,1015.38324,100.0,2.716667,7.678389,12.793362,3.135664,0.0,0.0,1014.4082,100.0,1.80625,7.7208877,11.694563,3.8657074,1.7,1.7,1014.3293,100.0,4.10625
2025-05-24,8.982131,13.3608055,1.4954782,0.0,0.0,1017.5874,100.0,-0.08958333,8.537272,13.7054825,1.0747089,0.3,0.3,1017.47076,100.0,3.057,7.435944,11.482785,1.2258496,0.0,0.0,1018.32916,98.0,0.62916666,8.507197,13.223007,2.1996284,0.0,0.0,1017.5459,100.0,1.7229167,8.546824,12.799601,3.7038655,0.6,0.6,1017.4626,100.0,3.9875002
2025-05-25,10.04357,14.126898,4.0886803,3.8,3.8,1015.0959,100.0,5.1854167,10.783672,14.986694,5.249999,4.5,4.5,1014.49164,100.0,7.6986675,8.260913,11.8314705,1.4336562,1.1,1.1,1016.21655,100.0,5.247916,10.664135,17.051691,2.8987522,0.9,0.9,1015.9124,100.0,4.0562496,10.775906,16.685482,2.5319033,0.0,0.0,1015.5334,100.0,4.920834
2025-05-26,14.235077,19.17047,10.158054,1.5,1.5,1014.87085,100.0,10.108335,14.375603,17.558172,9.580935,1.3000001,1.3000001,1014.89154,100.0,10.298667,12.538781,16.970924,8.72153,2.6999998,2.6999998,1015.72076,100.0,8.997917,14.512385,17.891174,10.784578,2.1999998,2.1999998,1014.64166,100.0,11.029167,13.340474,19.280018,9.015789,4.3999996,4.3999996,1014.02905,100.0,10.454166
2025-05-27,14.099612,17.852268,9.294119,0.2,0.2,1019.3459,100.0,7.1791673,14.832124,17.317423,11.739083,0.0,0.0,1019.0627,100.0,8.157001,12.278202,16.6031,6.791603,0.0,0.0,1020.21655,100.0,5.7291665,14.017989,19.169209,8.2642765,0.3,0.3,1019.0457,100.0,8.004167,14.280957,19.821098,7.5341635,0.1,0.1,1018.51666,100.0,8.122916
2025-05-28,13.330155,15.883076,10.898654,3.9999998,3.9999998,1015.1333,100.0,10.0625,13.865264,18.717796,11.272091,6.2,6.2,1014.5542,100.0,11.509083,11.934478,14.693743,8.723982,3.3,3.3,1016.97504,100.0,9.218751,13.2790985,17.512177,8.699048,2.9,2.9,1015.8459,100.0,9.531251,14.138465,19.518229,8.517423,4.8999996,4.8999996,1014.4917,100.0,10.714583
2025-05-29,12.416756,15.35339,9.6199875,2.0000002,2.0000002,1019.4124,100.0,7.5020833,12.3749895,15.311943,9.035079,1.2000002,1.2000002,1019.6291,100.0,8.909084,10.248045,13.537621,7.55674,1.9000001,1.9000001,1020.08734,100.0,7.6124997,11.525344,14.634743,8.432818,0.2,0.2,1017.5291,100.0,6.820833,11.467254,13.492529,9.943426,4.0,4.0,1016.1667,100.0,9.287501
2025-05-30,17.84781,23.72916,11.190869,0.90000004,0.90000004,1020.2251,100.0,11.162499,18.283613,23.722076,12.235649,1.2,1.2,1020.07495,100.0,12.571584,15.757649,20.814045,10.160426,0.2,0.2,1021.56256,100.0,10.037499,14.7525215,21.911192,9.10664,0.7,0.7,1021.304,100.0,9.866666,11.991984,18.845001,5.0713844,0.8000001,0.8000001,1020.84595,100.0,9.475
2025-05-31,21.59075,28.59166,13.310032,1.3000001,1.3000001,1018.85004,100.0,12.662499,22.078722,28.80188,14.738926,2.0,2.0,1018.91254,100.0,15.032001,20.053354,27.405207,10.290642,0.0,0.0,1019.48755,100.0,10.837502,20.377094,27.87043,12.106689,0.1,0.1,1019.77924,100.0,13.579169,19.317741,27.200663,11.691356,0.5,0.5,1019.47504,100.0,13.887501
2025-06-01,21.682846,28.01017,16.227234,1.2,1.2,1015.4583,100.0,14.191667,21.751127,27.052826,16.075981,0.6,0.6,1015.42487,100.0,15.838253,19.48951,26.21768,12.514557,6.8,6.8,1016.59174,100.0,14.1125,21.411392,29.069489,14.093203,1.4000001,1.4000001,1016.59576,100.0,14.581252,21.16191,27.564207,13.499962,0.8000001,0.8000001,1016.3709,100.0,14.820832
2025-06-02,19.138704,25.262287,14.616947,3.8999996,3.8999996,1015.33746,100.0,14.270835,18.847097,23.221212,12.989082,3.1,3.1,1015.35004,100.0,14.336167,19.127789,26.404617,14.928854,10.400001,10.400001,1015.75836,100.0,14.372916,21.473188,28.161388,15.190725,2.3,2.3,1015.39166,100.0,15.78125,21.732506,27.42377,16.251842,0.6,0.6,1015.09595,100.0,15.974999
2025-06-03,19.303522,23.349422,15.603048,0.4,0.4,1015.13745,100.0,13.027084,19.526068,23.8872,14.551586,0.3,0.3,1014.94574,100.0,12.852833,18.676674,23.828068,15.048107,1.8000002,1.8000002,1015.85406,100.0,13.53125,19.340002,23.354242,14.715948,2.1,2.1,1015.81244,100.0,15.533334,19.724468,22.666588,16.962791,5.6999993,5.6999993,1015.4209,100.0,15.708335
2025-06-04,21.763441,29.210808,15.848824,4.7,4.7,1011.4626,100.0,13.897916,21.35022,27.190937,14.989622,0.5,0.5,1011.3459,100.0,15.036168,21.889206,28.350262,14.480606,0.0,0.0,1011.56244,100.0,13.6624975,21.828783,27.381504,15.483681,0.1,0.1,1013.2459,100.0,16.03333,21.996248,28.150326,15.441219,0.0,0.0,1013.68335,100.0,15.014583
2025-06-05,18.278612,20.417547,14.7483425,5.4000006,5.4000006,1012.92084,100.0,14.558334,19.399622,23.393166,16.862957,1.4000001,1.4000001,1012.1501,100.0,14.088249,18.936613,25.388618,14.004406,3.6,3.6,1013.85834,100.0,13.349998,21.340553,27.204521,16.600285,16.5,16.5,1013.07916,100.0,14.960418,22.4534,27.168121,17.954084,2.0,2.0,1012.2166,100.0,15.056249
2025-06-06,18.31995,22.800426,12.9464,0.6,0.6,1013.0124,100.0,13.085415,18.468884,23.643883,13.957567,1.0,1.0,1012.196,100.0,13.490334,19.399185,24.809933,13.339554,1.3000001,1.3000001,1014.4959,100.0,12.662499,21.421576,27.251574,14.722342,0.0,0.0,1014.5459,100.0,14.160413,21.110102,25.9254,14.383745,0.0,0.0,1013.95013,96.0,13.735416
2025-06-07,17.047876,19.734472,13.985111,6.3,6.3,1013.0249,100.0,14.393749,17.43288,20.44092,13.919029,3.8999999,3.8999999,1012.27075,100.0,13.963249,17.5343,20.316437,14.469038,13.799999,13.799999,1014.2417,100.0,13.716667,20.638735,24.178768,17.800959,3.0000002,3.0000002,1013.90845,100.0,14.3875,20.505491,27.392532,17.746923,7.0,7.0,1013.65826,100.0,14.722917
2025-06-08,13.4686575,17.90194,9.24774,2.0,2.0,1012.96246,100.0,11.052085,14.321278,19.06566,10.210115,0.8,0.8,1011.94574,99.0,10.65075,12.267451,15.393013,8.877886,9.3,9.3,1014.9666,100.0,10.627083,15.39415,17.218878,10.528115,9.7,9.7,1014.61255,100.0,12.920834,15.237094,17.905468,11.931013,9.8,9.8,1013.44165,100.0,13.968751
2025-06-09,11.339291,16.167652,6.67237,0.0,0.0,1022.9958,100.0,5.6749997,11.643022,15.2153,7.307248,0.1,0.1,1022.5085,100.0,6.3007507,10.941555,16.289642,5.694951,0.0,0.0,1023.98315,90.0,5.2291665,12.090725,16.893856,7.263092,0.0,0.0,1023.13336,99.0,5.9708343,11.940099,15.753199,7.9439564,1.1,1.1,1021.98334,97.0,6.831249
2025-06-10,14.827014,20.823046,6.6307497,0.0,0.0,1018.40405,100.0,8.452085,15.019435,21.209156,7.785865,0.4,0.4,1018.2041,100.0,9.152835,15.1652975,23.523685,5.697296,0.0,0.0,1019.12506,100.0,8.031249,15.983501,22.825306,8.06999,0.0,0.0,1019.6541,100.0,9.441668,14.39391,19.497452,6.3189535,1.3,1.3,1020.0584,100.0,8.035417
2025-06-11,14.673699,18.664383,11.575541,0.2,0.2,1019.55414,100.0,7.6104164,13.423588,16.30612,10.536684,0.2,0.2,1019.86664,100.0,9.438251,14.851117,19.207315,11.458037,0.0,0.0,1019.35846,97.0,7.9187493,15.356406,18.801588,11.332275,0.1,0.1,1018.3626,100.0,7.827084,14.473198,17.44717,12.118095,2.1999998,2.1999998,1017.4917,100.0,9.904167
2025-06-12,15.996639,22.07262,8.033454,0.0,0.0,1022.66254,1.0,6.7104163,16.02044,23.16892,7.647298,0.0,0.0,1022.8293,3.0,8.942416,14.698222,21.169178,7.4784403,0.0,0.0,1022.1291,0.0,6.4062495,16.077751,23.863077,7.112398,0.0,0.0,1022.42096,3.0,6.9895825,14.59698,20.241566,7.6120844,0.0,0.0,1022.7292,53.0,7.4979167
2025-06-13,17.620476,24.487215,10.890816,0.0,0.0,1024.9166,0.0,6.2187505,18.624409,25.438904,11.532717,0.0,0.0,1025.25,5.0,10.182,17.039755,24.978708,8.85347,0.0,0.0,1024.2958,0.0,8.354167,16.60364,23.781755,10.698364,0.0,0.0,1025.0583,0.0,6.2312503,15.082786,20.571526,8.769082,0.0,0.0,1025.8832,100.0,6.216667
2025-06-14,20.114655,27.157507,11.316159,0.0,0.0,1022.61646,8.0,7.443751,19.556658,26.767517,10.680292,0.0,0.0,1022.9499,11.0,9.442417,18.155338,26.594616,9.736025,0.0,0.0,1022.52496,10.0,7.497917,18.567165,26.306005,11.067462,0.0,0.0,1023.3374,17.0,7.254166,18.198744,24.985888,9.635314,0.0,0.0,1024.0292,59.0,8.45625
2025-06-15,24.512186,34.944035,14.90781,2.0,2.0,1017.83746,100.0,11.6125,23.47168,34.119934,13.995623,8.0,8.0,1018.26666,100.0,14.859084,22.90847,33.329697,12.114969,1.9000001,1.9000001,1018.23315,100.0,10.960416,22.139277,29.129532,13.392384,0.0,0.0,1018.92084,79.0,8.597918,22.102194,30.07769,12.709402,0.0,0.0,1018.99585,54.0,9.083333
2025-06-16,17.419306,23.875591,14.500332,11.599999,11.599999,1022.66656,100.0,13.187499,16.377998,20.976978,13.562687,17.9,17.9,1022.9333,100.0,13.369499,16.480215,21.822636,12.570005,11.2,11.2,1022.81665,100.0,13.293751,17.340273,21.622736,13.758669,7.7999997,7.7999997,1020.39166,100.0,13.970836,18.356846,22.079332,14.799219,2.8,2.8,1019.48334,100.0,13.552083
2025-06-17,18.67493,24.531158,11.741754,0.0,0.0,1025.3959,100.0,10.129167,18.375626,24.325148,10.037007,0.0,0.0,1025.6459,99.0,11.981999,16.222857,20.760614,11.133384,0.0,0.0,1025.95,100.0,10.495834,17.19504,21.948132,10.683947,0.0,0.0,1024.6001,100.0,10.645835,17.533728,21.50676,12.269981,0.0,0.0,1024.3043,100.0,11.389584
2025-06-18,21.859749,29.16454,13.101646,0.0,0.0,1021.70416,100.0,11.239585,21.613531,27.352726,14.173437,0.0,0.0,1022.0042,100.0,13.534084,19.370373,27.175604,9.211116,0.0,0.0,1022.5042,100.0,11.560417,21.562284,29.606083,13.672266,0.0,0.0,1021.87915,100.0,12.072918,21.08612,28.018227,12.195059,0.0,0.0,1021.375,100.0,12.064584
2025-06-19,20.360926,25.272024,16.04083,0.0,0.0,1021.6125,92.0,9.710418,17.878859,21.553362,14.131821,0.0,0.0,1022.36664,100.0,10.7695,20.0214,26.369425,14.278255,0.0,0.0,1021.37085,39.0,12.145833,20.87374,26.346813,15.5601635,0.0,0.0,1020.0042,97.0,11.102084,19.957354,24.894337,14.827827,0.7,0.7,1019.6541,97.0,10.897919
2025-06-20,17.259485,22.274374,11.70707,0.0,0.0,1024.7501,21.0,5.5645833,15.887619,21.541254,8.255751,0.0,0.0,1025.3416,21.0,9.265333,16.538683,23.007202,10.909732,0.0,0.0,1024.4166,7.0,7.1187496,16.293432,21.22622,10.43833,0.0,0.0,1023.8291,37.0,5.33125,14.274524,17.973198,10.021707,0.0,0.0,1023.93756,100.0,4.8020835
2025-06-21,19.504715,26.570717,10.945697,0.0,0.0,1023.7959,92.0,5.3666673,19.00158,26.430714,10.646751,0.0,0.0,1023.99585,74.0,9.323667,16.630548,23.746332,8.702116,0.0,0.0,1023.87915,52.0,6.599999,17.84549,23.97613,9.466992,0.0,0.0,1024.2333,100.0,4.7312503,17.286577,24.773815,9.071025,0.0,0.0,1024.1459,39.0,5.202083
2025-06-22,22.307486,30.01102,13.160671,0.0,0.0,1019.23755,84.0,6.6395836,22.864706,30.186592,14.205248,0.0,0.0,1019.0166,100.0,10.317417,19.379446,28.706505,8.344892,0.0,0.0,1019.9458,65.0,6.55625,20.878586,27.593239,11.520704,0.0,0.0,1020.425,62.0,6.931251,21.066534,29.306202,11.195061,0.0,0.0,1019.7375,100.0,6.9125
2025-06-23,22.354752,29.873966,15.970264,1.1,1.1,1011.15424,100.0,11.983334,22.252441,30.270107,16.982805,0.6,0.6,1010.8916,100.0,12.832,21.315939,28.2793,13.247263,0.5,0.5,1012.83746,100.0,12.135417,22.880325,31.71273,15.335863,5.0,5.0,1012.63324,100.0,12.360416,22.489313,30.24075,15.62862,1.3,1.3,1011.66675,100.0,11.037499
2025-06-24,19.981716,24.66214,15.1017475,0.4,0.4,1013.01245,100.0,9.187501,18.452599,23.885647,12.83131,0.2,0.2,1013.10425,100.0,9.652833,19.532328,24.212734,14.545261,0.0,0.0,1014.35004,47.0,9.675001,21.012293,26.582956,14.55975,0.0,0.0,1013.3748,100.0,10.720836,19.051388,23.677765,14.535198,5.799999,5.799999,1012.91254,100.0,12.535416
2025-06-25,23.328947,28.537819,16.979107,0.70000005,0.70000005,1012.44586,87.0,11.752084,23.044733,28.4631,17.369656,0.0,0.0,1012.4126,72.0,13.577832,23.594572,29.213867,16.720303,0.0,0.0,1013.83307,94.0,10.558334,23.990644,29.96064,16.44373,0.0,0.0,1012.8875,99.0,11.377082,21.750906,26.814342,15.59919,0.1,0.1,1012.2834,100.0,13.939584
2025-06-26,25.564505,34.71404,18.826138,2.6,2.6,1013.5791,100.0,14.420833,24.780525,33.98362,18.143803,4.2999997,4.2999997,1013.65424,100.0,15.975753,25.541159,35.406662,18.385708,1.8000001,1.8000001,1014.27094,100.0,13.7625,26.986685,35.00837,19.642115,1.4000001,1.4000001,1013.6709,100.0,13.535417,26.014795,32.905468,17.785831,0.0,0.0,1013.79584,100.0,14.904166
2025-06-27,21.487658,27.570122,18.905058,0.1,0.1,1019.3167,100.0,12.247916,20.493202,24.406883,18.439713,0.6,0.6,1019.66656,100.0,14.267417,20.810192,25.502787,17.482376,4.3999996,4.3999996,1020.74585,100.0,15.408336,22.711912,26.710999,18.487164,0.5,0.5,1018.67914,100.0,14.972917,22.510862,26.496567,17.639482,2.4999995,2.4999995,1017.55005,100.0,15.758332
2025-06-28,22.992102,28.5662,17.18818,0.0,0.0,1023.2542,100.0,13.022916,23.092852,30.338306,16.361383,0.0,0.0,1023.33746,94.0,14.359084,21.185427,25.35468,16.814194,0.0,0.0,1024.4249,100.0,14.885417,21.03782,26.568922,15.566774,0.0,0.0,1023.14575,100.0,12.764585,19.6655,24.422903,14.862619,0.0,0.0,1022.75006,100.0,12.410417
2025-06-29,26.781893,31.670948,22.041298,0.0,0.0,1021.17505,43.0,13.85625,25.636755,30.595459,20.470047,0.6,0.6,1021.8708,52.0,16.50075,24.858072,30.432243,18.121378,0.0,0.0,1022.0,21.0,15.083333,25.267332,30.222527,19.041521,0.0,0.0,1020.61664,59.0,14.774999,24.282701,28.952148,18.329481,1.2,1.2,1019.9917,54.0,15.687501
2025-06-30,22.617805,26.290197,18.011105,0.0,0.0,1020.6541,22.0,5.070833,20.919893,24.50195,16.43082,0.0,0.0,1021.4751,16.0,8.934084,22.955462,29.260372,17.484152,0.0,0.0,1020.38324,97.0,12.604165,23.016722,27.06645,18.340736,0.0,0.0,1019.22504,9.0,9.25625,20.360998,22.916815,17.34305,0.0,0.0,1019.5833,62.0,8.185416
2025-07-01,23.488562,31.568832,14.056007,0.0,0.0,1019.0208,0.0,4.88125,22.85137,31.543602,13.149805,0.0,0.0,1019.36255,8.0,8.88825,21.686766,29.927265,12.825474,0.0,0.0,1019.21246,100.0,8.308333,21.897789,29.201488,14.106443,0.0,0.0,1019.68335,0.0,7.0166664,20.236357,26.627176,12.639921,0.0,0.0,1020.1917,0.0,4.9500003
2025-07-02,26.735817,35.091118,17.835419,0.0,0.0,1016.94574,1.0,7.8416667,27.033785,35.623505,18.36715,0.0,0.0,1017.0791,3.0,11.523667,23.463243,31.806614,13.875322,0.0,0.0,1017.55817,0.0,8.227083,23.917994,31.376362,14.234501,0.0,0.0,1018.5291,0.0,6.979166,24.31324,32.776443,13.778957,0.0,0.0,1018.64996,0.0,6.441667
2025-07-03,24.388138,30.18406,20.840057,1.6,1.6,1018.56256,94.0,12.602084,23.477211,27.714579,18.283766,0.2,0.2,1019.3459,100.0,14.554917,24.316557,33.61679,18.394306,3.6,3.6,1018.61664,100.0,14.239583,25.74946,34.971054,19.226862,0.1,0.1,1017.75836,100.0,12.597917,26.08574,34.260487,19.026604,0.0,0.0,1017.44995,89.0,10.5895815
2025-07-04,19.237991,23.641035,14.491915,0.0,0.0,1024.15,100.0,7.2895837,18.077646,22.43222,12.103786,0.0,0.0,1024.9082,100.0,9.036167,19.742302,22.893064,15.97735,1.0,1.0,1024.1044,100.0,12.924996,21.320196,25.475264,17.55396,0.0,0.0,1022.85834,100.0,13.039584,19.330011,22.904755,16.446964,1.8000001,1.8000001,1023.5457,100.0,12.841667
2025-07-05,21.594297,27.411488,13.288677,0.0,0.0,1017.60004,100.0,7.760416,21.346338,27.764122,13.876202,0.0,0.0,1017.70844,100.0,10.373668,20.287819,29.074104,11.560381,0.0,0.0,1018.4876,100.0,9.983334,20.947329,27.0675,12.650623,0.0,0.0,1019.4167,99.0,10.64375,20.361692,26.844746,13.264944,0.0,0.0,1019.38745,100.0,6.9458327
2025-07-06,23.176765,27.519848,17.961288,0.0,0.0,1009.05835,100.0,7.422918,21.92762,27.371645,14.825886,0.0,0.0,1009.175,100.0,8.725751,22.704498,31.412388,15.364447,0.3,0.3,1009.97076,100.0,10.858333,24.054285,30.810604,17.387367,5.2000003,5.2000003,1010.00006,100.0,12.735417,24.43461,30.970837,16.265207,0.0,0.0,1009.63763,100.0,8.45
2025-07-07,19.838167,22.848404,17.083158,1.2,1.2,1003.88745,100.0,11.189584,20.075716,22.504272,17.781826,1.7000003,1.7000003,1003.7708,100.0,12.796585,17.980188,20.662271,15.724541,9.100002,9.100002,1005.3916,100.0,13.614583,19.473675,22.794353,17.229893,8.000001,8.000001,1005.0501,100.0,16.00625,20.284672,24.686447,16.339598,8.1,8.1,1004.2708,100.0,16.185415
2025-07-08,14.345666,17.93998,12.605057,9.700001,9.700001,1008.5708,100.0,11.008334,14.802569,17.752346,12.8912735,2.6999998,2.6999998,1008.6833,100.0,11.013249,12.434651,16.214075,9.952881,11.900001,11.900001,1009.20416,100.0,11.077083,14.994675,17.940577,10.698414,10.799999,10.799999,1006.8208,100.0,13.527084,15.40087,19.037516,11.771782,23.800001,23.800001,1006.0334,100.0,14.047915
2025-07-09,14.219097,18.39575,10.976381,1.1,1.1,1015.78326,100.0,9.458333,14.986782,18.887066,11.627176,0.6,0.6,1015.8376,100.0,10.390333,11.90714,15.164913,8.052492,0.6,0.6,1016.7168,100.0,8.710417,13.505463,17.349888,10.304248,0.70000005,0.70000005,1013.32513,100.0,9.660417,13.215996,16.066757,11.55458,8.4,8.4,1011.8042,100.0,11.954166
2025-07-10,16.11324,20.51408,12.977535,0.3,0.3,1018.38324,100.0,10.464584,16.656878,20.301394,14.051384,0.6,0.6,1018.60004,100.0,11.425751,14.130992,18.770025,10.461903,3.8999999,3.8999999,1019.0708,100.0,10.370833,15.477559,19.28285,12.057123,0.0,0.0,1016.25415,100.0,9.964583,14.203488,17.535883,11.81311,1.3000002,1.3000002,1014.98737,100.0,11.506251
2025-07-11,17.157482,21.838787,12.953239,2.5000002,2.5000002,1015.7209,100.0,10.5,16.495285,20.466675,11.616403,0.90000004,0.90000004,1015.8293,100.0,11.598667,15.455598,20.970943,10.355626,0.3,0.3,1016.425,100.0,10.38125,16.744596,21.718725,11.374323,0.0,0.0,1014.7834,100.0,8.952084,16.019258,21.616825,11.554355,1.1,1.1,1014.21674,100.0,11.175
2025-07-12,15.574702,18.781185,13.258984,5.5,5.5,1012.17505,100.0,12.78125,16.005054,17.13128,15.246441,13.500001,13.500001,1011.77496,100.0,14.384083,16.279177,21.486313,11.368518,0.2,0.2,1012.9417,100.0,11.416668,17.615171,21.888163,13.590704,2.4,2.4,1012.98334,100.0,11.639585,16.161783,21.179518,12.503124,0.6,0.6,1012.7918,100.0,11.889584
2025-07-13,19.12172,24.454185,13.193241,0.8000001,0.8000001,1011.78326,100.0,13.514584,18.561922,23.954485,14.67716,10.999999,10.999999,1011.67084,100.0,15.523667,20.188093,27.250923,12.685091,0.2,0.2,1012.09174,100.0,12.070834,21.978464,28.31276,15.192114,1.7,1.7,1012.4917,100.0,12.6875,20.390852,26.416336,15.105785,0.1,0.1,1013.1667,100.0,14.143749
2025-07-14,22.106949,28.30006,15.038151,0.6,0.6,1014.0667,100.0,13.266666,22.112642,28.10107,15.95129,0.1,0.1,1014.14996,100.0,15.363251,21.071056,26.47517,15.628433,0.1,0.1,1015.196,100.0,12.308333,23.834497,29.882,16.8517,0.1,0.1,1014.0833,100.0,12.033333,22.887537,29.10355,16.375181,0.70000005,0.70000005,1013.82086,100.0,15.5354185
2025-07-15,21.288664,26.42482,17.623636,6.8999996,6.8999996,1016.2292,100.0,14.939583,20.733358,26.476795,16.086884,12.8,12.8,1016.30414,100.0,16.104916,20.257536,25.227558,16.300852,0.6,0.6,1017.2625,100.0,12.474999,23.74439,29.578842,20.078133,0.3,0.3,1015.4624,100.0,13.514584,22.425867,28.641403,18.336823,8.1,8.1,1014.86255,100.0,16.449999
2025-07-16,17.306301,22.054697,14.270971,1.2,1.2,1014.0168,100.0,12.133334,16.594961,20.385899,11.990587,2.6,2.6,1013.96265,100.0,12.669501,16.931797,20.504982,13.318605,10.0,10.0,1014.97504,100.0,10.720834,18.66598,22.726812,14.64982,2.9,2.9,1013.97064,100.0,11.5041685,18.78871,22.136929,14.994101,4.0999994,4.0999994,1013.16656,100.0,13.002083
2025-07-17,16.50136,20.759584,12.62982,9.0,9.0,1013.4375,100.0,11.787499,16.680128,21.714483,12.447702,5.7000003,5.7000003,1013.3833,100.0,13.077835,14.449351,19.126175,10.111292,0.6,0.6,1014.51666,100.0,10.314584,16.5323,19.999983,12.888941,3.6,3.6,1012.8874,100.0,12.5583315,16.2257,19.399652,12.256027,11.500002,11.500002,1012.2002,100.0,12.597916
2025-07-18,19.187399,23.603813,14.002327,3.1999996,3.1999996,1013.06256,100.0,14.710418,20.00738,23.642487,16.936451,2.0000002,2.0000002,1013.125,100.0,15.607001,17.177399,23.137615,13.001261,3.6999993,3.6999993,1014.06244,100.0,12.966667,18.99699,23.009283,14.609266,3.9999998,3.9999998,1012.87915,100.0,14.21875,18.403769,22.324999,14.310476,4.2999997,4.2999997,1012.9167,100.0,13.691667
2025-07-19,21.846819,27.547428,14.96294,0.0,0.0,1011.7126,58.0,14.787501,21.954742,28.117886,15.302795,0.0,0.0,1011.89166,97.0,15.10075,21.001362,27.761322,13.569048,0.1,0.1,1011.72504,99.0,13.297916,21.154871,26.124762,14.909222,0.0,0.0,1011.60834,79.0,14.337499,20.091505,24.695602,13.524012,0.70000005,0.70000005,1011.7126,40.0,14.268752
2025-07-20,24.986376,32.232487,16.585022,0.0,0.0,1007.5999,100.0,15.102085,25.664438,31.78854,18.635468,0.0,0.0,1007.85004,100.0,16.209082,23.626053,30.721645,16.126795,0.0,0.0,1008.09174,100.0,13.672916,23.548111,29.826752,15.042999,0.1,0.1,1008.3752,100.0,14.595834,23.16759,29.342113,15.571949,0.0,0.0,1008.4333,91.0,15.349998
2025-07-21,22.29689,27.541775,17.240177,10.9,10.9,1005.7334,100.0,15.302083,21.660559,26.22531,17.399605,19.3,19.3,1006.2083,100.0,17.032001,20.772745,30.103062,14.808315,6.0999994,6.0999994,1006.35004,100.0,14.48125,24.742517,32.649063,19.40476,8.7,8.7,1005.16656,100.0,15.9645815,25.219175,33.03878,17.448921,7.0999994,7.0999994,1005.25836,100.0,16.547918
2025-07-22,18.065088,21.125542,14.518932,0.2,0.2,1009.64996,97.0,12.920834,18.233196,22.320223,13.458965,0.2,0.2,1009.1668,99.0,13.902836,17.61211,22.528507,13.200197,0.0,0.0,1011.44165,49.0,11.977082,20.220919,25.52483,14.893616,0.90000004,0.90000004,1010.46246,67.0,13.800002,20.303293,24.147028,14.64134,7.4999995,7.4999995,1009.0959,100.0,14.554166
2025-07-23,19.087729,23.455357,14.838232,0.1,0.1,1012.14166,96.0,12.366669,19.46916,23.497068,15.120388,0.3,0.3,1011.6541,100.0,13.917416,19.146935,24.066532,13.984877,0.0,0.0,1013.4626,100.0,11.693749,20.49608,24.847387,14.925217,0.2,0.2,1013.0374,96.0,13.270832,19.952063,24.136415,14.605055,0.4,0.4,1012.3167,96.0,13.189584
2025-07-24,20.046644,26.294552,13.752388,2.3,2.3,1012.5376,100.0,11.647918,20.11841,26.017694,13.894661,4.4999995,4.4999995,1012.76685,100.0,14.067417,18.22777,21.44463,14.95182,1.1,1.1,1012.95,100.0,12.9104185,21.4486,25.730068,16.289337,2.2,2.2,1011.9751,100.0,14.708335,22.446806,27.162643,16.548096,3.3,3.3,1011.92084,100.0,15.10625
2025-07-25,21.408945,28.267239,16.297234,4.4,4.4,1014.4792,100.0,15.08125,22.520842,27.99532,18.176664,2.3999999,2.3999999,1014.6001,100.0,16.673666,20.222548,25.835653,14.647631,1.0,1.0,1014.70416,100.0,14.181251,22.367905,29.144451,16.665981,0.0,0.0,1013.75415,100.0,15.087498,22.954668,27.661873,18.186964,2.3,2.3,1013.6834,100.0,16.977081
2025-07-26,20.763384,24.795362,17.35233,1.7,1.7,1013.92505,100.0,15.208335,20.074953,23.72063,16.592615,1.2,1.2,1014.6042,100.0,16.494501,19.43745,23.734024,16.929413,4.1,4.1,1013.8874,100.0,15.377084,22.014336,24.680794,19.4272,3.5999997,3.5999997,1012.53754,100.0,16.472918,22.274199,25.315628,19.792957,1.2,1.2,1012.64166,100.0,16.827084
2025-07-27,19.416971,23.025318,16.640282,1.9000002,1.9000002,1010.85004,100.0,13.283332,19.988008,23.615585,17.34634,1.7000002,1.7000002,1011.2583,100.0,14.921585,17.840012,20.730822,15.118097,1.0000001,1.0000001,1011.0374,100.0,13.908333,18.80613,21.42689,17.19706,2.2,2.2,1008.78326,100.0,15.889585,19.041174,21.65551,17.283922,15.5,15.5,1008.1501,100.0,17.110418
2025-07-28,18.143696,23.55062,16.040287,3.9,3.9,1009.18756,100.0,13.791667,17.778715,20.341452,16.119175,1.8000002,1.8000002,1009.57086,100.0,14.979919,16.041735,20.846071,13.864281,5.7,5.7,1009.7332,100.0,13.2,18.619364,23.709064,15.319313,0.90000004,0.90000004,1007.05005,100.0,13.885417,17.57289,20.162033,15.4943905,29.800001,29.800001,1005.97095,100.0,15.339583
2025-07-29,16.804335,19.866585,13.98526,0.1,0.1,1014.55835,100.0,10.035417,16.817759,19.643248,14.838482,0.5,0.5,1014.63324,100.0,11.700749,14.607804,17.794203,11.836649,1.0,1.0,1015.43335,100.0,11.006249,17.001524,20.636396,14.086691,0.1,0.1,1013.11664,100.0,11.741668,17.056341,19.661465,14.346077,0.3,0.3,1012.31665,100.0,12.629167
2025-07-30,15.863986,19.93082,11.443987,1.8,1.8,1015.75,100.0,10.099999,16.480747,21.034002,11.472912,0.70000005,0.70000005,1015.44165,100.0,12.063251,14.771881,20.450018,9.326838,4.3999996,4.3999996,1016.825,100.0,10.983333,17.03586,21.498785,10.681154,0.0,0.0,1015.8042,100.0,10.414583,18.165709,23.029465,12.1845,0.3,0.3,1015.05414,100.0,11.939582
2025-07-31,16.46417,21.566051,12.582577,0.0,0.0,1014.9417,100.0,10.691667,16.143932,19.831167,12.992355,0.3,0.3,1014.69995,100.0,12.486168,15.447001,19.755222,11.344201,0.5,0.5,1016.45013,100.0,11.137501,17.513227,22.749165,12.285896,1.5,1.5,1015.46246,100.0,11.135417,17.569963,20.938002,13.851152,2.5,2.5,1014.5999,100.0,12.472917
2025-08-01,17.345205,21.637882,13.775459,4.7999997,4.7999997,1011.2959,100.0,12.556252,17.494408,21.458048,13.321945,5.7999997,5.7999997,1010.88745,100.0,14.090333,16.743399,21.959541,13.620251,0.3,0.3,1012.7666,100.0,12.6937475,18.858896,24.46922,13.699942,0.4,0.4,1012.49585,100.0,13.114583,17.827166,22.262293,13.009964,3.0000002,3.0000002,1012.0833,100.0,13.575
2025-08-02,18.163054,25.167336,13.571014,5.8,5.8,1011.39996,100.0,12.714584,18.088245,23.811348,13.125956,2.1999998,2.1999998,1011.4167,100.0,13.307002,16.270863,23.519735,10.902411,20.4,20.4,1011.8459,100.0,12.760418,19.829454,25.667028,13.7692795,4.2,4.2,1011.3042,100.0,13.318749,20.059404,25.619993,15.155792,2.6,2.6,1011.3499,100.0,14.495833
2025-08-03,17.223612,20.166916,14.421902,5.5999994,5.5999994,1015.9666,100.0,13.066666,17.3929,20.904194,14.868235,0.5,0.5,1015.9458,100.0,12.798668,14.963867,18.528847,11.927948,9.2,9.2,1016.8459,100.0,12.420834,17.736221,20.9189,14.815844,15.3,15.3,1014.95013,100.0,13.510417,18.003876,20.064186,16.508394,6.6,6.6,1014.5,100.0,14.616668
2025-08-04,15.345267,18.472443,12.490179,0.1,0.1,1019.39996,100.0,11.716668,16.77521,21.609936,13.041616,3.4999998,3.4999998,1018.6709,100.0,12.767417,13.992591,16.87959,9.582682,0.1,0.1,1020.86664,100.0,10.935417,16.052193,19.817698,12.393255,0.5,0.5,1019.68335,100.0,11.850001,17.668379,22.882689,12.651478,1.1,1.1,1018.7292,100.0,13.160416
2025-08-05,18.547932,26.16128,12.336481,3.3,3.3,1017.83746,100.0,13.981251,18.238762,26.08909,12.761147,6.6000004,6.6000004,1017.69586,100.0,14.938251,18.138329,26.306915,9.3945,0.4,0.4,1018.85834,100.0,13.391669,18.35993,25.293476,9.172895,0.3,0.3,1018.9709,100.0,13.306249,17.81004,23.44401,11.43223,1.2,1.2,1018.2834,100.0,12.602082
2025-08-06,15.9623575,19.882326,11.520068,0.0,0.0,1023.47095,100.0,9.131251,15.035859,19.647219,9.835491,0.0,0.0,1023.4792,100.0,9.992417,15.341702,20.511965,10.7661915,0.1,0.1,1023.9626,100.0,9.481251,16.25282,20.786692,10.050501,0.0,0.0,1022.91656,100.0,8.743749,16.609694,20.101755,12.812162,3.6,3.6,1022.575,100.0,10.947917
2025-08-07,18.472502,25.59785,9.850791,0.0,0.0,1020.31256,100.0,9.837501,17.726068,24.479307,9.52148,0.0,0.0,1020.65826,100.0,10.684085,17.550303,26.33386,8.624171,0.0,0.0,1020.1958,99.0,10.716667,17.481379,23.745432,10.267987,0.0,0.0,1021.77496,100.0,9.160415,17.741907,24.350042,9.443973,0.0,0.0,1022.35004,100.0,10.908334
2025-08-08,22.973106,29.830421,15.472689,0.0,0.0,1018.54156,100.0,9.416666,21.279253,27.521114,14.87941,0.2,0.2,1018.8874,100.0,12.5195,21.437017,30.359848,12.310387,0.0,0.0,1019.3667,22.0,12.139584,22.701452,30.250278,14.031364,0.0,0.0,1019.5459,100.0,12.154166,21.289473,29.103878,13.838837,0.0,0.0,1019.45825,100.0,13.133332
2025-08-09,23.661215,30.418507,16.84506,0.0,0.0,1020.47076,100.0,12.633332,23.06633,29.977512,17.027357,0.0,0.0,1020.7083,100.0,12.648667,23.605509,33.225784,14.366684,0.0,0.0,1020.3125,100.0,12.341667,26.047262,33.425793,18.389399,0.0,0.0,1020.32495,92.0,11.639584,23.01004,28.782345,16.685856,0.0,0.0,1021.26666,100.0,14.962502
2025-08-10,22.336395,26.626291,18.669617,0.0,0.0,1022.875,73.0,12.03125,20.286217,24.101954,15.98649,0.0,0.0,1023.6584,31.0,12.965333,23.13369,29.707542,17.630663,0.0,0.0,1022.2625,32.0,13.318748,25.358229,32.17164,19.526724,0.0,0.0,1021.0374,21.0,13.333332,22.924597,28.325,17.691484,0.0,0.0,1021.2375,33.0,14.185416
2025-08-11,19.678446,25.49984,12.929396,0.0,0.0,1025.35,0.0,7.729166,19.167704,25.841156,12.273235,0.0,0.0,1025.6708,0.0,10.2945,19.058079,25.37711,13.169207,0.0,0.0,1024.8624,25.0,8.8875,19.836298,25.969812,13.743649,0.0,0.0,1024.8793,0.0,8.672916,18.75062,23.811365,13.27396,0.0,0.0,1025.4418,44.0,9.560416
2025-08-12,21.218351,29.028198,12.437897,0.0,0.0,1020.7542,0.0,7.96875,21.008423,28.077457,13.060717,0.0,0.0,1021.0957,0.0,10.648667,19.556034,27.561045,11.310898,0.0,0.0,1020.6667,0.0,9.520834,21.035913,27.867142,13.5206375,0.0,0.0,1021.32086,0.0,7.443749,20.19013,27.493301,12.518497,0.0,0.0,1022.0459,0.0,9.870833
2025-08-13,25.433828,34.04982,15.42502,0.0,0.0,1017.22504,19.0,11.318751,24.076744,32.96812,14.356178,0.0,0.0,1017.70844,10.0,13.469501,24.442713,34.06407,13.705313,0.0,0.0,1017.2417,55.0,13.483334,24.782051,31.629898,17.062504,0.0,0.0,1018.1418,3.0,10.920833,24.120924,31.873383,14.567699,0.0,0.0,1019.03754,1.0,13.177083
2025-08-14,28.82566,36.463654,21.22432,0.0,0.0,1017.8918,65.0,13.660417,28.021362,36.068336,20.159338,0.0,0.0,1018.5625,46.0,15.752834,26.475014,33.905025,20.277412,0.0,0.0,1018.25836,54.0,14.918748,27.598028,33.7682,20.736664,0.0,0.0,1018.55835,10.0,11.014583,26.307894,33.728516,17.164051,0.0,0.0,1019.1042,0.0,14.412499
2025-08-15,29.391243,37.48953,21.712618,0.0,0.0,1018.50415,100.0,12.474999,28.76444,36.685055,22.012976,0.2,0.2,1019.2874,100.0,16.848665,25.939177,33.524693,17.001995,0.0,0.0,1019.25,25.0,11.835418,28.437904,35.68283,21.006664,0.0,0.0,1018.7542,6.0,11.514584,27.40476,34.799274,19.619438,0.0,0.0,1019.2832,5.0,15.48125
2025-08-16,23.722116,26.751064,19.207766,6.7999997,6.7999997,1018.85004,100.0,16.295835,23.223358,27.427399,19.296074,0.0,0.0,1019.5833,100.0,16.331999,23.517431,30.170074,20.042355,5.4,5.4,1018.56665,100.0,16.389585,25.84783,33.08105,20.507488,1.8,1.8,1016.25836,100.0,14.445834,25.033888,31.058758,19.976559,0.1,0.1,1016.47925,100.0,15.545834
2025-08-17,17.422264,21.797695,13.797098,0.0,0.0,1018.39594,45.0,11.020835,16.490723,19.418558,12.983131,0.0,0.0,1019.09985,29.0,11.123668,19.069288,22.842775,13.670649,0.1,0.1,1017.59174,100.0,11.525002,20.884245,25.169662,16.657827,0.0,0.0,1015.9375,100.0,11.179168,19.171711,21.78971,15.602846,0.0,0.0,1016.2708,100.0,10.156249
2025-08-18,17.369942,24.037424,10.712737,0.0,0.0,1019.6126,79.0,9.264583,16.709436,22.590973,9.351058,0.0,0.0,1020.09174,6.0,10.581999,16.586658,23.250263,9.412821,0.0,0.0,1019.29584,99.0,7.6375003,17.589245,23.898869,11.624492,0.0,0.0,1018.50824,100.0,8.487499,15.7887535,19.543875,12.233969,0.0,0.0,1019.196,100.0,9.170834
2025-08-19,19.418518,26.647213,12.117044,0.0,0.0,1015.5667,0.0,9.952085,19.47438,26.610617,11.992067,0.0,0.0,1015.83746,0.0,11.690334,18.259684,25.481987,11.1261835,0.0,0.0,1015.43335,0.0,8.672917,19.001915,25.259514,11.952255,0.0,0.0,1015.93335,2.0,9.152083,18.397757,24.68226,11.733432,0.0,0.0,1016.2251,52.0,9.69375
2025-08-20,20.995987,28.066956,13.472172,0.0,0.0,1009.13763,100.0,9.770834,21.09319,26.66869,15.816271,0.0,0.0,1009.72504,100.0,13.125751,20.611532,28.140049,12.235834,0.0,0.0,1008.9541,100.0,9.364583,21.545996,28.316685,14.083307,0.0,0.0,1008.95416,100.0,9.033335,20.758596,28.491158,12.483086,0.0,0.0,1008.92914,100.0,10.133332
2025-08-21,20.346125,25.443192,15.822727,0.2,0.2,1007.6248,100.0,12.345836,18.716047,23.970823,13.23978,0.0,0.0,1008.39166,100.0,12.036168,18.89067,21.123262,16.391302,2.7,2.7,1007.1042,100.0,11.558333,20.260809,23.335625,17.569044,0.7,0.7,1006.6707,100.0,12.6604185,19.368887,24.37791,14.772499,0.0,0.0,1007.6416,100.0,12.797916
2025-08-22,14.679334,18.380924,10.854115,0.0,0.0,1013.42487,100.0,5.2500005,13.461906,15.294083,10.0965605,0.0,0.0,1014.0916,100.0,7.273668,14.487389,17.133404,11.505146,1.6,1.6,1013.0625,100.0,7.627083,15.903272,19.537844,11.73175,0.5,0.5,1010.9917,100.0,8.868751,16.05747,19.673843,12.801432,0.0,0.0,1010.29584,100.0,7.466667
2025-08-23,12.385223,16.107412,10.342699,0.4,0.4,1015.7417,100.0,5.0437493,12.354291,14.734219,10.179979,1.3000001,1.3000001,1015.76245,100.0,7.723667,10.530298,13.727509,6.9268837,0.2,0.2,1016.65826,100.0,5.316666,12.08012,15.08662,8.048946,0.5,0.5,1015.2791,100.0,5.352083,13.140439,15.004536,10.660957,1.0,1.0,1013.8625,100.0,4.8354163
2025-08-24,12.129682,16.420248,5.903652,0.0,0.0,1019.6167,99.0,5.20625,11.531539,16.114256,4.6826363,0.1,0.1,1019.64166,100.0,6.5986676,11.761577,16.717566,6.3543386,0.0,0.0,1019.9583,100.0,5.4125,12.221652,18.57588,5.5133915,0.0,0.0,1019.38336,98.0,3.2458334,12.105297,17.989645,6.5329294,0.1,0.1,1018.4375,83.0,4.1020837
2025-08-25,14.742318,20.90049,7.8036184,0.0,0.0,1018.14996,100.0,4.76875,13.613575,20.16871,6.8554564,0.0,0.0,1018.30414,100.0,7.136166,13.59854,20.030128,6.9530888,0.0,0.0,1018.69586,100.0,5.13125,14.32066,19.69153,7.961215,0.0,0.0,1018.21655,87.0,3.7145834,13.388747,17.201344,8.198947,0.0,0.0,1017.89996,97.0,4.585417
2025-08-26,17.098848,24.423368,8.730043,0.0,0.0,1014.1584,100.0,4.604167,16.300291,24.14151,8.000191,0.0,0.0,1014.36255,100.0,8.192416,16.298294,25.06013,7.5717525,0.0,0.0,1014.3875,100.0,6.6249995,16.536089,23.782503,8.612427,0.0,0.0,1014.56665,100.0,4.2,15.496413,21.95474,7.4942513,0.0,0.0,1014.6668,69.0,4.9125
2025-08-27,20.271782,27.081413,12.68741,0.0,0.0,1012.17914,100.0,10.7,20.825258,27.448046,13.895216,0.3,0.3,1011.9001,100.0,12.027833,18.679113,27.231592,11.185501,0.2,0.2,1012.85406,100.0,11.091666,19.433594,25.251202,12.620525,0.0,0.0,1013.6331,100.0,9.733333,18.575848,26.035215,10.394721,0.0,0.0,1013.62915,100.0,8.464583
2025-08-28,23.321733,31.711285,16.559036,3.6,3.6,1006.60425,100.0,13.927085,23.303276,31.105923,16.72819,9.700001,9.700001,1006.89996,100.0,15.779919,21.229555,30.857445,13.433155,3.5,3.5,1007.04156,100.0,13.570834,22.79715,29.261795,16.670362,0.0,0.0,1008.1667,100.0,12.833335,22.760962,27.48705,16.04696,0.0,0.0,1009.3625,100.0,10.362499
2025-08-29,20.87599,24.332262,18.763737,17.900002,17.900002,1004.5667,100.0,16.247915,21.517736,24.37687,18.86776,10.200002,10.200002,1004.59155,100.0,17.484083,20.237469,23.697762,16.621397,4.7,4.7,1004.97076,100.0,14.708332,23.812637,28.899143,18.107172,4.8,4.8,1004.5749,100.0,15.470832,24.69555,28.381474,21.478941,0.0,0.0,1004.79596,100.0,10.26875
2025-08-30,19.198347,22.999744,15.39785,5.7,5.7,1008.3376,100.0,14.03125,19.866796,24.22023,16.277122,6.7000003,6.7000003,1008.36255,100.0,14.690331,17.74358,22.452171,14.627342,0.6,0.6,1009.2417,100.0,12.970834,21.0354,25.937613,16.96885,2.8000002,2.8000002,1007.82916,100.0,15.141664,21.75163,25.857359,16.92561,3.8,3.8,1007.55414,100.0,14.533333
2025-08-31,18.32707,24.030088,12.588631,0.0,0.0,1013.4167,78.0,12.2145815,18.43071,24.525723,11.802153,0.0,0.0,1013.3542,10.0,11.917416,16.756155,23.292027,10.855802,0.0,0.0,1013.8123,84.0,9.610416,18.176685,21.846601,15.214945,3.7,3.7,1012.68756,100.0,14.3625,19.005556,21.85474,16.989193,17.099998,17.099998,1012.30835,100.0,15.560416
2025-09-01,20.391363,27.09926,13.19626,0.0,0.0,1010.09576,100.0,13.879167,20.05395,26.726656,12.684971,0.0,0.0,1010.4666,100.0,13.779918,18.941332,26.780794,11.560278,0.0,0.0,1010.05835,52.0,11.552083,20.083973,25.790646,14.413675,0.0,0.0,1010.9583,94.0,14.591666,21.13569,27.422361,14.831104,0.2,0.2,1011.41656,27.0,15.864585
2025-09-02,18.254398,20.235191,15.613407,2.7999997,2.7999997,1010.5168,100.0,14.6125,18.807207,21.350887,16.241009,12.000001,12.000001,1010.67487,100.0,15.5945015,16.959162,19.381008,14.683031,5.3999996,5.3999996,1011.31244,100.0,12.900001,20.483833,24.78189,16.523523,0.9,0.9,1010.31244,100.0,15.0895815,21.116346,25.521797,15.494879,0.2,0.2,1010.09174,100.0,15.391666
2025-09-03,18.282644,23.684984,12.872408,0.0,0.0,1014.50006,100.0,12.822915,18.506311,22.671764,13.329395,0.0,0.0,1014.1375,100.0,13.267415,17.723185,25.065176,11.919182,0.0,0.0,1015.15826,97.0,10.202083,20.402933,25.61221,15.156946,0.0,0.0,1014.6958,100.0,13.35625,20.653204,24.078907,18.125048,3.6,3.6,1014.8084,100.0,15.435414
2025-09-04,21.108458,28.436646,13.955261,0.0,0.0,1014.69165,96.0,13.147915,20.923885,28.448837,13.549479,0.0,0.0,1014.72925,100.0,13.9486685,19.318098,27.731293,10.769341,0.0,0.0,1014.94586,77.0,9.427083,20.948881,27.002708,13.203718,0.0,0.0,1015.78326,7.0,11.862499,21.34487,28.225876,14.494448,0.0,0.0,1015.99585,16.0,14.985416
2025-09-05,18.295406,21.036545,14.8905945,9.499999,9.499999,1017.4751,100.0,13.327084,18.954687,21.373428,16.124712,3.1999998,3.1999998,1017.5459,100.0,14.702832,16.580116,20.172892,11.518344,8.8,8.8,1018.51666,100.0,12.1875,20.883997,26.336592,16.91295,0.6,0.6,1016.85425,99.0,13.056251,21.84906,27.38591,17.732317,1.0,1.0,1016.4749,100.0,15.979165
2025-09-06,15.968937,19.737959,12.450005,13.6,13.6,1024.4126,100.0,12.272916,17.104773,20.265474,13.896263,4.2,4.2,1024.4832,100.0,13.223667,14.17579,18.761229,9.8216,2.1,2.1,1024.7041,100.0,9.733333,16.327768,19.32986,13.372965,6.2,6.2,1023.1165,100.0,12.256251,16.351786,19.179966,13.693905,5.4999995,5.4999995,1022.63745,100.0,13.579169
2025-09-07,14.96703,20.186916,9.822351,0.0,0.0,1022.20013,47.0,10.766666,15.799998,21.528057,10.089422,0.0,0.0,1022.3918,36.0,10.769501,14.1290045,20.48819,8.256646,0.0,0.0,1021.5208,100.0,9.6625,15.203747,21.319487,9.764029,0.0,0.0,1021.93335,13.0,10.885417,14.665791,18.047453,11.991661,0.6,0.6,1022.81665,100.0,11.912501
2025-09-08,15.38272,20.723257,9.277208,0.0,0.0,1017.7583,97.0,11.241666,16.087337,21.679808,10.235449,0.0,0.0,1018.0,62.0,10.840333,15.325507,21.8103,10.021397,0.0,0.0,1017.28735,100.0,9.508333,16.484945,23.092594,10.368764,0.0,0.0,1016.87506,47.0,10.624999,16.829325,22.705519,12.478167,3.3999999,3.3999999,1017.5332,100.0,13.522918
2025-09-09,16.780207,23.547506,9.190397,0.2,0.2,1014.51666,100.0,12.185417,18.017563,24.218708,11.551599,0.0,0.0,1014.575,100.0,12.096583,16.077724,22.949778,8.584236,1.8,1.8,1014.2583,100.0,9.83125,17.81266,24.067924,11.02871,0.0,0.0,1014.25415,100.0,11.477082,17.325842,22.402637,12.307394,1.6,1.6,1014.97504,100.0,13.629167
2025-09-10,17.88608,22.389086,13.074938,14.9,14.9,1010.8874,100.0,14.583333,18.661537,22.445644,14.689741,13.1,13.1,1011.0916,100.0,14.8945,15.508666,19.882114,11.509971,10.6,10.6,1011.075,100.0,13.772918,18.38896,22.258558,16.846434,16.8,16.8,1011.70844,100.0,14.858334,19.08872,25.674408,13.374813,4.6000004,4.6000004,1012.39154,100.0,13.670834
2025-09-11,16.003716,20.91051,11.134389,0.2,0.2,1010.20825,100.0,12.84375,16.373163,20.519215,12.104261,0.6,0.6,1009.7043,100.0,13.1049185,15.3905115,20.717577,9.324005,0.3,0.3,1011.40405,100.0,11.46875,18.778858,22.980728,14.417788,28.7,28.7,1010.1917,100.0,14.066667,18.530825,21.483847,15.540482,14.700002,14.700002,1009.5125,100.0,14.591667
2025-09-12,14.4299345,18.32655,10.990833,0.1,0.1,1018.24994,100.0,10.887501,13.984452,18.174675,9.387871,0.6,0.6,1017.82916,100.0,11.109084,15.989167,21.024864,12.971575,1.2,1.2,1018.97504,100.0,11.241666,17.137533,21.71159,14.158134,8.3,8.3,1018.9124,100.0,13.237498,16.515142,19.540926,13.093546,0.6,0.6,1018.6458,100.0,13.256251
2025-09-13,14.459443,20.673195,9.853947,0.0,0.0,1020.5708,100.0,11.479167,14.098781,19.063961,7.6930532,0.0,0.0,1020.55005,100.0,11.009084,15.039784,18.855885,11.865004,0.2,0.2,1020.51666,100.0,11.950001,16.882189,21.325771,13.293549,4.9,4.9,1020.7043,100.0,13.735416,16.095022,20.795233,12.863176,10.400002,10.400002,1021.35004,100.0,13.981248
2025-09-14,13.622045,16.413622,10.091255,4.9999995,4.9999995,1015.94995,100.0,11.941667,14.003501,17.472466,9.895176,13.300001,13.300001,1015.81244,100.0,12.550751,13.3201685,16.36904,8.850935,7.499999,7.499999,1016.9499,100.0,10.781249,15.987148,20.325556,11.521802,18.300001,18.300001,1015.9624,100.0,13.091666,16.140686,18.228773,12.464167,14.700001,14.700001,1015.4624,100.0,13.95625
2025-09-15,15.886916,21.837465,8.649571,7.4,7.4,1014.3542,100.0,12.991668,15.745514,22.990147,8.322618,2.2,2.2,1013.54156,100.0,13.252833,15.910174,22.777075,8.400369,1.4000001,1.4000001,1016.2249,100.0,12.53125,15.695998,22.50734,8.726302,5.0,5.0,1017.36255,100.0,12.639584,15.013705,19.978085,9.20106,0.0,0.0,1016.77924,98.0,12.245833
2025-09-16,12.809621,17.020649,9.534996,0.0,0.0,1016.804,100.0,8.781251,13.118131,15.997198,10.411491,0.0,0.0,1015.7959,100.0,8.763248,13.1040535,16.404455,8.613117,0.3,0.3,1018.68744,100.0,8.983333,15.168408,18.694244,10.423321,6.6,6.6,1017.5374,100.0,10.677083,15.248219,17.635378,11.661489,5.1,5.1,1016.22076,100.0,12.03125
2025-09-17,11.413295,14.883369,8.599138,0.1,0.1,1021.37067,100.0,7.7645836,12.1902,16.236084,9.011463,0.1,0.1,1020.7625,100.0,8.867417,10.342309,13.821762,6.9944,0.3,0.3,1022.90424,100.0,6.320833,11.9491,15.416227,8.801396,0.0,0.0,1021.5623,98.0,7.714583,11.671726,15.372507,8.095094,1.1,1.1,1020.3791,100.0,8.635417
2025-09-18,16.374086,23.79399,9.412079,0.8000001,0.8000001,1022.81665,100.0,11.677082,16.793533,23.921251,9.387216,0.8,0.8,1022.479,100.0,12.707001,16.254248,23.958418,8.666883,0.0,0.0,1024.1958,100.0,10.327084,14.09966,19.536203,8.68787,0.0,0.0,1024.5126,100.0,10.95,12.486694,16.771223,7.6099358,0.0,0.0,1023.80005,100.0,10.056251
2025-09-19,19.535877,27.204311,13.121035,0.0,0.0,1025.3334,3.0,13.439583,19.562265,26.935297,12.87101,0.0,0.0,1025.2208,41.0,14.498669,17.423706,26.420843,8.469134,0.0,0.0,1026.2042,33.0,10.639583,18.834696,26.266808,11.681688,0.0,0.0,1026.196,14.0,13.999999,18.817923,25.566315,13.345633,0.0,0.0,1025.5042,65.0,14.479165
2025-09-20,20.868284,30.040085,11.291194,0.0,0.0,1019.8875,97.0,14.158336,19.460005,27.862526,11.039902,0.0,0.0,1019.9041,100.0,14.688251,19.245062,30.287727,9.855462,0.0,0.0,1020.3459,20.0,12.549999,19.612408,25.661135,13.786808,0.0,0.0,1022.58325,79.0,14.4875,20.055801,26.35359,13.796549,0.0,0.0,1022.32904,100.0,14.233334
2025-09-21,21.701643,29.193008,15.018164,0.0,0.0,1013.38745,100.0,15.787499,20.733713,28.63617,14.626154,4.6,4.6,1013.89594,100.0,16.28825,20.651962,29.2962,12.367371,0.0,0.0,1013.3,95.0,13.633331,20.176384,26.044437,15.307461,0.0,0.0,1014.99994,82.0,13.95625,21.456177,26.075853,17.928648,0.0,0.0,1015.1584,45.0,13.006249
2025-09-22,11.401731,17.781157,8.119469,2.5,2.5,1015.6833,100.0,10.116667,9.662042,12.429525,7.3961754,7.6,7.6,1016.9958,100.0,10.767417,13.950269,19.183908,9.504676,0.3,0.3,1013.7585,100.0,11.150001,19.088259,24.853096,14.594044,0.1,0.1,1011.98334,98.0,13.947918,16.708946,21.361937,11.283304,0.0,0.0,1013.9917,100.0,12.891666
2025-09-23,9.860341,11.85158,7.9171257,0.1,0.1,1021.6709,100.0,7.375,9.388104,12.388451,7.1927547,0.0,0.0,1022.3999,100.0,6.596583,9.360689,11.266373,7.2108965,0.1,0.1,1020.3459,100.0,7.3729157,10.976893,13.570213,8.51857,0.0,0.0,1019.1209,100.0,8.316668,9.250141,10.656152,8.383392,1.6999999,1.6999999,1020.86255,100.0,8.837499
2025-09-24,8.751598,10.535744,7.1111164,0.2,0.2,1021.96246,100.0,5.8666663,8.134473,11.811483,5.1992655,0.0,0.0,1023.42914,100.0,5.9549165,8.231713,9.404239,6.8281164,10.6,10.6,1020.00006,100.0,8.104167,7.606481,8.678606,5.9599943,7.1000004,7.1000004,1019.8791,100.0,7.7645836,7.9046025,8.73448,6.3891106,1.6000001,1.6000001,1022.929,100.0,7.895832
2025-09-25,6.8712497,8.068515,5.7521343,21.500002,21.500002,1021.7666,100.0,7.8895836,7.5141068,9.032413,5.8459272,18.600004,18.600004,1022.9668,100.0,8.315333,8.168003,10.495234,6.2054024,7.5000005,7.5000005,1019.73334,100.0,8.541667,7.511229,8.965266,6.005618,3.0,3.0,1020.8916,100.0,7.5354176,6.8377914,8.914995,5.0033884,7.3999996,7.3999996,1023.1584,100.0,7.2000003
2025-09-26,10.160105,12.915131,7.617695,2.1,2.1,1023.6335,100.0,9.787499,11.288319,14.219284,9.074039,2.4999998,2.4999998,1024.15,100.0,10.573668,9.38764,11.843908,8.218053,1.0,1.0,1022.0999,100.0,9.733333,10.07245,11.779396,8.154678,2.2,2.2,1024.4834,100.0,9.916665,9.647663,14.6476,5.5113697,0.1,0.1,1025.875,100.0,8.241666
2025-09-27,12.8089485,15.441992,10.4430895,0.1,0.1,1022.8416,100.0,10.429166,12.968036,16.453833,11.05504,0.70000005,0.70000005,1023.29156,100.0,11.402835,10.091072,13.912821,7.561452,0.0,0.0,1021.8957,100.0,9.397917,12.27684,15.05858,9.854351,0.1,0.1,1024.1917,100.0,9.735417,12.052509,16.57427,8.951012,0.2,0.2,1025.1503,100.0,10.295833
2025-09-28,13.467444,17.814417,8.722023,0.5,0.5,1021.98334,100.0,10.077083,13.589757,18.178305,7.8515005,0.4,0.4,1022.3958,100.0,10.221583,11.526011,16.85886,7.5245705,0.3,0.3,1021.4499,100.0,8.458332,11.66478,16.174433,7.3904305,1.1,1.1,1021.3,100.0,8.241668,9.573669,13.358376,5.8020334,0.1,0.1,1022.2542,100.0,6.6583333
2025-09-29,8.389417,12.273861,4.670396,0.0,0.0,1022.96246,100.0,5.86875,9.08179,13.41655,5.438264,0.1,0.1,1023.08344,80.0,5.534083,8.050986,12.024561,4.2117987,0.0,0.0,1022.09576,99.0,4.783334,7.5020185,11.593173,4.511688,0.5,0.5,1021.93756,83.0,5.4125004,6.623444,8.790497,5.4784193,3.5,3.5,1022.66254,100.0,6.583334
2025-09-30,6.4352207,10.390516,2.3710036,0.0,0.0,1025.504,100.0,4.3791666,7.07267,11.072939,2.8967953,0.0,0.0,1025.8457,100.0,4.4465833,5.616398,10.525886,1.292531,0.0,0.0,1024.5958,88.0,2.625,5.8756046,9.588118,2.2578654,0.0,0.0,1024.9333,100.0,4.0333333,5.9109025,9.169624,2.791123,2.6000001,2.6000001,1025.3417,100.0,5.8562503
2025-10-01,5.25366,9.047265,1.8197217,1.2,1.2,1030.0958,100.0,5.1354165,6.049902,9.17359,3.2884507,0.70000005,0.70000005,1030.6083,100.0,5.734083,3.3625565,6.432802,-0.54758215,0.6,0.6,1029.4459,100.0,3.1458333,5.113649,7.723221,3.2033901,0.2,0.2,1027.6626,99.0,4.6812496,5.361023,6.847665,4.255274,1.4000002,1.4000002,1027.8833,100.0,5.7937493
2025-10-02,5.77473,9.246856,2.6599808,0.70000005,0.70000005,1030.0751,75.0,4.7520833,6.04367,9.930176,2.402812,0.0,0.0,1030.4749,93.0,4.9257503,3.9881642,6.7205524,1.6137657,1.5,1.5,1029.7666,100.0,3.6333334,4.2670503,7.540312,0.95400953,0.3,0.3,1028.4791,98.0,2.2125003,3.930762,6.221446,1.3639059,0.0,0.0,1028.5416,98.0,2.2291667
2025-10-03,4.6772523,9.655328,-0.105778694,0.0,0.0,1025.7374,95.0,3.2145832,6.3621306,11.189482,2.739293,0.1,0.1,1025.3958,78.0,4.3695,2.926178,8.4865675,-2.3233418,0.0,0.0,1025.8959,100.0,0.45833334,3.0103514,8.886283,-2.2264965,0.0,0.0,1025.2833,0.0,0.24166663,2.3435402,7.094038,-2.6502833,0.0,0.0,1025.6708,71.0,0.79583335
2025-10-04,4.8798156,10.921669,-0.72970295,2.0,2.0,1009.9666,100.0,4.139583,3.908499,9.268207,-1.4599872,2.7,2.7,1009.5542,100.0,4.5778337,3.6943562,9.950531,-4.124291,1.1,1.1,1011.58344,100.0,2.55,3.590452,7.8607454,-2.8621964,1.9,1.9,1013.0874,100.0,2.0125,3.8248441,9.600613,-1.4721904,2.4,2.4,1012.56665,100.0,2.4604166
2025-10-05,6.4821,9.478731,4.116932,0.3,0.3,1010.6042,100.0,5.4562497,6.9565105,10.670914,3.5854936,0.1,0.1,1009.4458,100.0,5.9507504,5.562101,8.860412,4.095991,0.5,0.5,1013.0833,100.0,4.4083333,7.6070695,10.428445,5.236271,0.4,0.4,1011.66656,100.0,5.241667,7.023604,9.8854475,4.7530994,0.4,0.4,1010.35406,100.0,5.5937495
2025-10-06,7.3763504,9.244665,5.769929,5.2,5.2,1017.71655,100.0,7.081249,8.31374,9.941872,6.267706,3.1999996,3.1999996,1017.1042,100.0,8.442416,5.430128,7.422289,3.9349985,8.4,8.4,1019.62506,100.0,5.7479167,7.2371917,9.544981,5.2218285,1.8000001,1.8000001,1017.375,100.0,6.6354165,6.4967628,9.679777,3.8957987,5.2999997,5.2999997,1016.03326,100.0,7.4666667
2025-10-07,10.314665,12.851429,7.5946445,1.6,1.6,1023.6667,100.0,9.04375,11.347623,13.168478,9.061319,0.6,0.6,1023.6751,100.0,10.354917,8.18922,10.818158,5.7283287,1.9,1.9,1024.0707,100.0,8.093751,8.887569,11.569894,6.4596357,3.3,3.3,1021.9624,100.0,7.756251,8.116499,9.835668,7.1080637,3.0000002,3.0000002,1021.10846,100.0,8.704167
2025-10-08,12.70454,15.372925,9.497004,1.4000001,1.4000001,1021.9751,100.0,11.529167,13.377959,15.658339,11.40815,2.5,2.5,1021.96246,100.0,12.461167,11.556386,14.250505,9.660324,0.90000004,0.90000004,1022.4085,100.0,10.347918,10.2578535,15.823669,4.453142,0.0,0.0,1022.0041,100.0,7.9083333,9.319775,12.620241,6.1355896,0.1,0.1,1022.2541,100.0,8.089582
2025-10-09,12.1473875,14.233608,8.625219,1.6000001,1.6000001,1022.11664,100.0,10.954166,12.220233,14.143602,9.325037,0.5,0.5,1022.429,100.0,11.013251,11.02636,11.907499,9.50091,2.7000003,2.7000003,1022.3416,100.0,10.941666,12.645927,15.5051155,8.352054,1.4000001,1.4000001,1020.6375,100.0,11.064583,10.885047,12.952463,8.456534,2.3999999,2.3999999,1020.34186,100.0,10.566667
2025-10-10,9.709553,11.276894,7.7926826,0.4,0.4,1028.1959,100.0,8.370833,10.871598,11.78269,9.688579,0.4,0.4,1028.0375,100.0,9.557001,7.9197497,10.006256,5.0748253,0.2,0.2,1029.2458,100.0,7.6895843,9.156304,11.020697,7.215021,0.0,0.0,1026.7457,100.0,8.033334,9.16052,11.534243,7.2278957,1.1000001,1.1000001,1025.1333,100.0,8.414583
2025-10-11,11.265252,13.729204,8.899553,0.2,0.2,1030.7958,100.0,9.41875,11.883587,13.62002,9.939764,0.1,0.1,1030.7832,100.0,10.33825,9.279576,12.259222,6.2044353,0.0,0.0,1031.5792,100.0,7.8749986,11.212185,13.695362,9.246858,0.1,0.1,1029.1542,100.0,9.202084,10.684303,12.803862,8.98902,1.0,1.0,1027.7792,100.0,9.766666
2025-10-12,10.610331,12.668943,7.908839,0.0,0.0,1028.0043,100.0,8.395833,11.143516,12.701651,9.780799,0.3,0.3,1027.975,100.0,9.288251,8.728314,10.607988,6.1010466,0.0,0.0,1028.7125,100.0,7.2687507,9.7767,12.18252,7.674508,0.0,0.0,1027.1542,100.0,7.354168,11.061677,13.955051,8.923,0.6,0.6,1025.9125,100.0,8.712501
2025-10-13,10.505862,12.926872,6.9628124,0.5,0.5,1025.5249,100.0,8.535418,10.828235,12.958469,5.150157,1.1,1.1,1025.8042,100.0,9.317417,8.557376,11.617657,5.823743,1.1,1.1,1025.8417,100.0,7.754166,9.912619,13.569397,5.5412846,0.6,0.6,1024.3167,100.0,7.370833,8.154403,9.979721,3.6680622,1.2,1.2,1024.3917,100.0,6.7062507
2025-10-14,7.82375,11.788143,3.0280766,2.8,2.8,1024.2667,100.0,6.3916664,7.677774,11.906765,1.9287453,1.0,1.0,1024.2417,100.0,7.1840835,6.5529385,10.672518,2.9818544,0.0,0.0,1024.5626,100.0,4.6583333,6.7315307,10.793158,1.5902748,0.6,0.6,1023.84985,100.0,4.85,5.119846,8.070904,1.824863,1.2,1.2,1023.7334,100.0,5.1312494
2025-10-15,9.070543,10.274342,7.220846,1.3,1.3,1024.9415,100.0,7.7333336,10.40171,11.742828,8.852209,0.70000005,0.70000005,1025.004,100.0,8.60075,7.7156124,10.059455,4.725561,1.3000001,1.3000001,1025.0084,100.0,7.1354175,9.810965,12.210682,8.420096,0.3,0.3,1023.99164,100.0,8.20625,7.6556954,8.825035,6.1112337,1.0,1.0,1024.5209,100.0,7.268749
2025-10-16,8.63307,11.507328,5.4391565,0.0,0.0,1023.08746,100.0,7.2000003,9.960635,12.289398,6.9652357,0.3,0.3,1022.8582,100.0,8.617415,6.6489577,11.498731,1.7502909,0.1,0.1,1023.7,100.0,4.995834,8.572175,11.288888,4.518668,0.1,0.1,1023.6333,100.0,6.3333335,7.1394324,10.400105,4.2173805,0.0,0.0,1023.2332,100.0,5.672917
2025-10-17,8.901822,11.13917,6.7781963,0.70000005,0.70000005,1021.41254,100.0,7.4791665,9.1397295,11.021382,6.8714514,0.2,0.2,1021.27075,100.0,7.9695,8.582887,11.447864,6.1080036,0.1,0.1,1022.08325,100.0,6.133333,8.997858,11.006753,6.445181,0.1,0.1,1021.53326,100.0,7.2687507,7.4925804,10.651373,4.5149775,0.6,0.6,1020.69165,100.0,6.570833
2025-10-18,4.725567,6.8280735,1.3882508,0.6,0.6,1025.8125,100.0,3.0541666,4.211826,8.060044,-0.9574499,0.90000004,0.90000004,1026.075,100.0,3.3486664,4.143118,6.0914307,0.050333977,1.1,1.1,1025.6625,100.0,3.1645832,4.9929094,7.9715843,-0.16408682,0.0,0.0,1024.2626,100.0,2.7979167,4.2503734,5.935219,2.4090276,0.3,0.3,1023.18335,100.0,3.4875
2025-10-19,1.5611324,7.2638884,-3.5072742,0.0,0.0,1023.57916,100.0,0.74583334,0.89719486,5.0268135,-3.0418637,0.0,0.0,1023.65845,100.0,0.8444999,0.17063689,5.3125114,-4.426005,0.0,0.0,1023.4001,100.0,-0.46458343,2.241081,7.7047195,-2.6187415,0.0,0.0,1024.5084,100.0,1.0458333,3.4189851,7.229101,-0.4013114,0.0,0.0,1024.775,100.0,2.2791667
2025-10-20,3.9887886,9.996183,-1.4532678,0.0,0.0,1011.7083,100.0,2.9895833,2.4684298,7.7545033,-2.4868836,0.0,0.0,1011.9292,100.0,2.6215832,1.8286843,7.051161,-2.6041799,0.0,0.0,1011.7292,100.0,2.4395833,3.1419945,7.6906776,-0.9940648,0.0,0.0,1014.57495,100.0,0.75833327,2.879584,10.491486,-2.8531456,0.0,0.0,1015.5042,94.0,0.9791667
2025-10-21,8.967097,15.669943,3.950756,0.3,0.3,1004.31244,100.0,6.9166665,7.802137,14.449064,3.1927018,0.1,0.1,1004.16254,100.0,6.696583,7.409239,15.328026,1.494029,8.099999,8.099999,1005.3792,100.0,6.1937504,6.638656,10.833256,4.0038967,0.0,0.0,1007.72485,100.0,3.9395835,6.717031,10.485894,1.6874423,0.0,0.0,1007.7666,100.0,4.5499997
2025-10-22,8.729614,11.313838,6.3930597,2.2,2.2,1003.4124,100.0,8.724999,8.2297325,10.702458,5.0956774,3.1,3.1,1003.25006,100.0,8.91325,7.237613,11.858046,3.3252797,0.2,0.2,1004.1667,100.0,7.85,9.38075,13.409754,6.109193,0.3,0.3,1005.5291,100.0,8.122917,11.086655,14.483479,7.731394,0.0,0.0,1005.2332,100.0,8.245832
2025-10-23,9.834892,15.203131,7.3762903,4.1,4.1,995.39594,100.0,9.245833,10.785775,14.14901,8.10908,4.5,4.5,994.9875,100.0,11.03825,8.854409,15.775314,3.8599348,4.7,4.7,996.67914,100.0,8.210416,9.965785,16.41463,5.897622,12.2,12.2,998.00836,100.0,9.595834,12.728669,16.96256,8.975261,2.4,2.4,997.3918,100.0,10.610415
2025-10-24,4.5308366,7.0928736,2.051217,2.9,2.9,1001.34595,100.0,4.327083,5.5972123,7.587845,2.1838455,2.1,2.1,1000.10004,100.0,5.177833,3.1991985,5.128393,0.4276476,0.70000005,0.70000005,1004.0166,100.0,2.9666665,5.425959,7.396702,1.992033,5.7,5.7,1002.2126,100.0,4.5041666,6.1384645,10.5658,2.8307476,17.1,17.1,1000.04987,100.0,6.3520827
2025-10-25,4.051392,7.123145,1.6334639,3.3,3.3,1003.8333,100.0,3.625,4.288144,7.980567,1.8129911,1.1,0.6,1002.5833,100.0,4.467417,2.7077463,6.4908304,-0.58357024,1.0,0.70000005,1006.825,100.0,2.877083,3.211359,7.7113256,-0.7244625,0.7,0.7,1007.3499,100.0,3.25,3.0933378,6.2424393,-0.13724041,0.8,0.8,1006.1458,100.0,2.9937499
2025-10-26,3.2673483,5.443205,-0.30156088,1.5,1.5,1003.18335,100.0,3.41875,3.6870165,6.2877035,0.21908951,3.4999998,3.4999998,1001.8709,100.0,4.3528333,2.9285529,4.6863594,0.598197,0.2,0.2,1005.9458,100.0,2.1895833,4.311523,8.129367,1.9757485,0.3,0.3,1004.67505,99.0,3.2,4.3468213,7.3255653,2.131188,0.70000005,0.70000005,1003.125,100.0,4.1062503
2025-10-27,1.8817315,4.5048084,-0.36411095,3.1,3.1,1001.06665,100.0,2.5916665,2.8680124,6.016897,0.8352804,5.899999,5.599999,999.71674,100.0,3.3549166,0.6134817,2.5362597,-0.67365193,17.6,12.4,1004.6042,100.0,1.9145832,2.2194061,4.639105,0.42875385,2.6,2.6,1003.89996,100.0,2.3979168,1.5279007,3.0422997,-0.8179147,2.4,2.4,1002.125,100.0,2.44375
2025-10-28,4.5578113,7.368183,1.8727894,4.4,4.4,1007.9832,100.0,5.045833,5.7759285,8.624132,3.0913563,4.3999996,4.3999996,1006.7168,100.0,6.2590833,4.155029,7.67741,0.82678604,1.6000001,1.6000001,1011.0249,100.0,3.9958334,4.987887,8.05209,2.19036,0.4,0.4,1009.49176,100.0,4.2791667,3.732706,6.173279,0.9501486,6.7999997,6.3999996,1007.3708,100.0,4.3833337
2025-10-29,8.599889,12.4764595,6.240513,2.3,2.3,1010.6292,100.0,7.033333,8.292172,11.78907,5.228304,0.2,0.2,1010.07513,100.0,7.344501,7.384478,13.21451,3.3582544,0.1,0.1,1011.93335,100.0,5.502083,9.015625,13.005522,5.668741,0.0,0.0,1012.4543,100.0,6.43125,7.862606,11.39834,5.3464966,2.0,2.0,1012.2415,100.0,6.7729163
2025-10-30,6.741586,9.493777,2.952159,0.1,0.1,1008.50433,100.0,4.977083,5.963308,10.589676,1.9411397,0.3,0.3,1007.96246,100.0,5.1153336,6.516231,10.862469,0.94479465,0.0,0.0,1009.73334,100.0,4.6041665,7.4933286,13.887928,3.7394423,0.1,0.1,1009.9207,100.0,6.391668,9.229136,13.1007805,4.32736,0.2,0.2,1008.6626,100.0,7.1375003
2025-10-31,4.0211697,10.014219,-1.6912031,0.0,0.0,1018.8166,100.0,3.6708336,3.451333,8.20641,-0.21686983,0.0,0.0,1018.7541,100.0,3.090333,3.2195294,11.772076,-3.7565637,0.0,0.0,1018.71246,100.0,2.825,4.5552564,10.776381,-1.8557973,0.0,0.0,1019.64154,100.0,2.7958336,4.504368,10.395176,-0.08355188,0.0,0.0,1019.52496,100.0,3.21875
2025-11-01,6.5915756,11.338186,2.057407,0.2,0.2,1017.15405,100.0,6.2708335,5.2067404,10.055402,0.4268551,1.9000001,1.9000001,1017.32513,100.0,5.492417,5.6891804,12.032286,0.6441846,0.0,0.0,1017.0291,100.0,5.927084,10.083928,15.605789,3.8901863,0.5,0.5,1017.6541,100.0,8.239583,9.078512,17.602095,1.6792278,0.0,0.0,1017.85834,100.0,7.0166664
2025-11-02,9.085313,11.067646,7.328946,19.2,19.2,1014.0334,100.0,9.631251,8.799699,11.316923,6.7903814,7.8999996,7.8999996,1013.98755,100.0,9.048667,7.62275,9.551942,6.133666,15.4,15.4,1014.27075,100.0,8.397916,10.083764,12.261175,7.73713,5.0,5.0,1014.13763,100.0,10.008332,12.663879,14.848248,9.279924,0.2,0.2,1013.49585,100.0,10.806249
2025-11-03,5.9486213,8.0670185,3.1694794,2.8,2.8,1019.39996,100.0,5.5104165,6.4419994,8.186684,2.7176971,3.3,3.3,1018.9917,100.0,5.590334,4.4665127,6.6415462,1.599761,3.8,3.8,1020.82513,100.0,4.2416663,5.9515157,8.519464,2.404944,21.300001,21.300001,1018.52924,100.0,6.483333,7.311836,12.209045,5.620655,18.1,18.1,1016.82916,100.0,8.337501
2025-11-04,5.983936,11.512085,2.770021,0.0,0.0,1025.6292,100.0,5.6041675,5.020907,10.584322,1.6401148,0.0,0.0,1025.3959,100.0,5.5028343,4.078917,11.114892,-0.9051771,0.0,0.0,1026.2084,96.0,3.5979164,4.6633754,10.793693,-0.04083109,0.0,0.0,1026.8708,100.0,4.3458333,4.536617,9.496165,0.8844166,0.0,0.0,1026.4249,16.0,4.722917
2025-11-05,3.782449,9.014343,-0.26809645,0.0,0.0,1024.2208,100.0,4.0833335,2.8337877,7.1192837,1.2125177,0.0,0.0,1024.4667,100.0,4.034084,2.6192896,8.714826,-1.7161031,0.0,0.0,1023.8333,100.0,3.2854166,4.4936585,9.683973,0.052955627,0.0,0.0,1025.7958,100.0,4.3104177,4.139865,11.044182,-0.7196045,0.0,0.0,1025.7208,100.0,4.0020833
2025-11-06,3.964568,10.457138,-0.38007164,0.0,0.0,1017.2834,88.0,4.1729164,2.947841,8.776627,-0.9860048,0.0,0.0,1017.48334,100.0,3.7903335,3.0008981,8.331507,0.090358734,0.0,0.0,1016.625,100.0,4.00625,4.5441003,8.460982,1.0793734,0.0,0.0,1019.8376,0.0,4.6041665,4.1136336,10.713452,-1.6504955,0.0,0.0,1020.3542,93.0,3.4750001
2025-11-07,4.7536473,10.688891,0.7240758,0.0,0.0,1014.3792,2.0,4.5833335,3.5965645,8.737732,-0.23384237,0.0,0.0,1014.5542,96.0,4.098667,3.30985,9.38569,0.32169294,0.0,0.0,1013.9001,40.0,4.2833333,4.5488315,8.197104,1.5686417,0.0,0.0,1017.625,7.0,4.641667,5.0419183,11.6968,0.5575013,0.0,0.0,1017.90845,0.0,3.9229164
2025-11-08,3.6944191,8.839293,-0.10809612,0.3,0.3,1015.02075,100.0,3.9333334,3.0561082,6.695776,0.5851741,0.0,0.0,1015.3166,100.0,4.015333,2.3560302,7.604597,-1.68155,1.0,1.0,1014.8833,100.0,2.7437499,5.0866117,8.773737,2.4599438,4.9,4.9,1016.19165,100.0,5.0395837,2.9743786,6.9551287,-1.1103473,2.4,2.4,1016.625,100.0,3.3020833
2025-11-09,2.8572714,3.7598772,1.7594843,5.5000005,5.5000005,1017.2043,100.0,4.6479173,4.8260646,6.5956163,3.7326083,7.4,7.4,1016.92914,100.0,5.954916,2.5395868,4.239872,0.71772814,3.7999997,3.7999997,1018.0916,100.0,3.28125,4.330358,5.5668316,2.5565543,0.5,0.5,1017.2749,100.0,5.0854163,2.9957123,7.7264986,0.6067939,0.0,0.0,1016.8791,100.0,3.9750001
2025-11-10,5.2776513,8.907684,2.7684689,0.70000005,0.70000005,1016.6418,100.0,6.102083,5.680214,8.246351,4.358721,0.70000005,0.70000005,1016.5125,100.0,6.7132497,4.381267,7.9282045,2.0839186,0.2,0.2,1017.39996,100.0,4.8125005,4.675918,8.162296,1.2320328,0.1,0.1,1017.34595,100.0,4.816667,4.0043354,5.990016,1.7124081,0.5,0.5,1016.64996,100.0,4.9083333
2025-11-11,3.5038173,8.991647,-0.25125933,0.0,0.0,1017.26666,100.0,4.6499996,4.759916,9.32003,2.448329,0.0,0.0,1016.9458,100.0,5.346583,3.142887,8.64707,-1.1204715,0.0,0.0,1018.17926,100.0,3.9354165,3.0233486,5.5366516,0.8632555,0.1,0.1,1018.49994,100.0,4.4125,4.0453396,6.7544518,1.3555241,0.2,0.2,1017.5125,100.0,5.397917
2025-11-12,3.1427476,8.472421,-0.6453185,0.0,0.0,1019.9875,100.0,4.2,2.2240627,4.1250877,-0.021298885,0.0,0.0,1020.02075,100.0,3.8965833,3.0182831,9.2150955,-0.21401596,0.0,0.0,1020.4375,100.0,4.04375,1.7318815,3.349555,-0.042092323,0.0,0.0,1022.33746,100.0,3.6416667,3.284361,7.065401,1.4512339,0.0,0.0,1021.32495,100.0,5.016667
2025-11-13,3.8802168,8.783657,0.34120703,0.0,0.0,1018.3542,100.0,4.1729164,2.317663,5.3159447,0.4381051,0.0,0.0,1018.1709,100.0,4.023667,4.585838,13.408834,0.065981865,0.0,0.0,1018.38336,100.0,3.2500002,1.219728,2.3882585,0.10157633,0.0,0.0,1022.604,100.0,3.4479167,0.37517294,2.0154867,-1.4628434,0.0,0.0,1020.06244,100.0,3.5166667
2025-11-14,3.1114,8.98209,-0.7128134,0.0,0.0,1014.95416,100.0,3.1833332,1.4726858,4.6322346,-0.24280262,0.0,0.0,1015.03754,100.0,2.7819998,1.4261928,5.5725975,-1.131876,0.0,0.0,1015.54175,100.0,1.8374997,2.3451302,4.1454887,0.21518421,0.1,0.1,1019.06256,100.0,4.360417,1.2491355,4.2226048,-1.4193249,0.0,0.0,1016.9041,100.0,4.014583
2025-11-15,3.190379,5.096489,0.37770844,0.0,0.0,1014.5625,100.0,4.0395837,3.3648148,6.683509,0.32634544,0.4,0.4,1014.69574,100.0,4.484083,2.261604,6.724043,-0.90240383,0.3,0.3,1014.1873,100.0,3.3041666,5.1767273,6.3961782,4.3119755,0.4,0.4,1015.20013,100.0,6.15625,5.4398913,7.586603,3.7098503,0.6,0.6,1015.02094,100.0,6.331249
2025-11-16,5.1576824,9.601798,2.6398058,0.4,0.4,1009.24994,100.0,5.8458333,3.7686996,6.264387,1.9194231,0.0,0.0,1009.11255,100.0,5.4111657,5.352094,11.44837,1.7083235,2.9999998,2.9999998,1009.54565,100.0,5.7124996,5.454935,6.834669,3.5486507,0.3,0.3,1010.7126,100.0,6.004166,4.7549634,6.1666813,3.8384285,0.1,0.1,1010.12494,100.0,6.1708336
2025-11-17,1.9350864,6.0537643,-1.1025379,4.7,4.7,1006.68756,100.0,3.6916673,1.5368015,3.944233,-0.97630644,2.8999999,2.8999999,1006.9959,100.0,3.290333,2.5017486,6.511215,-3.1488945,6.0,5.9,1006.36664,100.0,4.3395834,3.681182,6.2832336,-0.91683483,12.9,12.9,1005.28326,100.0,5.1833344,3.0372324,6.5050726,-0.8866308,16.5,16.5,1004.68335,100.0,5.379167
2025-11-18,-2.1722136,-0.6720836,-4.5075746,0.0,0.0,1019.1707,100.0,-0.7854166,-1.3234913,0.80366135,-3.530234,0.0,0.0,1018.51666,100.0,0.05283333,-2.7346365,1.0844765,-6.836233,0.1,0.0,1020.05835,100.0,-2.20625,-1.0295447,1.6374187,-3.9421396,0.0,0.0,1018.8792,100.0,-1.6374999,-1.371604,0.35437918,-3.7548232,0.7,0.6,1018.05835,100.0,-0.75
2025-11-19,-3.609782,0.040125847,-6.4265347,0.0,0.0,1012.4751,100.0,-2.96875,-3.1509895,-0.25177264,-5.5649705,0.0,0.0,1011.7876,100.0,-1.5721664,-5.132921,-0.3999331,-7.7168818,0.0,0.0,1013.4416,100.0,-5.091666,-4.321784,-1.1511896,-6.7145824,0.0,0.0,1015.11255,100.0,-2.8958333,-3.549103,-1.0726058,-5.5424166,0.0,0.0,1014.5667,100.0,-3.2520835
2025-11-20,-2.453626,0.06302166,-4.1279583,0.3,0.1,1008.0584,100.0,-1.2645832,-2.5323272,0.6667619,-4.852998,0.4,0.3,1007.75836,100.0,-1.1263334,-3.6302576,-1.0836463,-6.5069127,0.0,0.0,1008.8542,100.0,-3.091667,-1.6239797,0.259418,-2.846808,0.4,0.4,1009.4375,100.0,0.33750007,-0.805072,0.8581257,-2.3916183,0.0,0.0,1008.86237,100.0,-0.36874998
2025-11-21,-4.867416,-3.0500214,-6.5993214,0.0,0.0,1020.40826,100.0,-3.7770832,-4.193645,-1.9707503,-6.844768,0.0,0.0,1020.7959,100.0,-3.3805,-5.419268,-3.5391555,-7.4691625,0.0,0.0,1019.4583,100.0,-4.1854167,-3.749442,-2.1250558,-5.7069902,0.2,0.0,1017.36255,100.0,-3.3708334,-3.992675,-1.7027261,-5.360407,0.9000001,0.0,1018.2915,100.0,-2.1291666
2025-11-22,-5.754084,-4.1299973,-7.967408,0.0,0.0,1027.8251,100.0,-5.6124997,-5.349951,-2.6198142,-7.764246,0.0,0.0,1027.8876,100.0,-5.0450835,-7.62544,-6.5081806,-9.364209,0.0,0.0,1027.8124,100.0,-6.885416,-5.399212,-2.9750586,-7.2967987,0.1,0.0,1024.7501,100.0,-5.2229166,-5.457786,-4.627285,-6.5762596,0.2,0.0,1024.9332,100.0,-3.1125
2025-11-23,-8.52959,-4.4507394,-12.253421,0.0,0.0,1019.50415,100.0,-8.339583,-9.113275,-6.9243245,-10.355597,0.0,0.0,1019.45,100.0,-6.776333,-8.638051,-4.1965113,-11.644477,0.0,0.0,1019.90845,100.0,-9.989583,-6.0779376,-2.1027732,-7.638419,2.2999997,0.10000001,1018.825,100.0,-5.3187494,-6.505841,-4.9812074,-7.248752,5.5,0.0,1018.67487,100.0,-3.5854168
2025-11-24,-3.7642508,-0.8610673,-8.236763,5.4,0.6,1003.87494,100.0,-3.3812501,-5.0301156,-1.9407952,-9.238797,4.2,0.0,1003.9832,100.0,-2.5638335,-4.200338,0.65226555,-7.935931,0.5,0.3,1004.25397,100.0,-6.0375004,-5.9763966,-2.1041842,-8.970074,2.0,0.0,1007.5667,100.0,-3.2979164,-4.9996457,-0.88492775,-8.935068,1.4000001,0.2,1006.8416,100.0,-3.1833334
2025-11-25,-2.9307623,-1.8306913,-3.966675,1.9000002,0.4,1004.3584,100.0,-0.4708333,-1.6587348,0.60985994,-2.8642683,1.1,0.6,1004.6084,100.0,0.4465833,-3.0411367,-1.9872429,-4.460309,7.6999993,1.2,1004.0083,100.0,-0.4729167,-1.5210462,0.6307106,-2.7361631,15.1,11.300001,1002.8625,100.0,1.2020832,-1.4102144,-0.26966643,-2.9359932,19.0,15.3,1003.3667,100.0,1.1416667
2025-11-26,-3.7556667,-3.157689,-4.2220273,6.7,0.5,1013.6333,100.0,-0.58125,-2.8122838,-1.5400152,-4.2542906,5.1999993,0.1,1013.94165,100.0,0.1590833,-4.0614734,-3.519887,-5.043213,1.6000001,0.2,1013.5208,100.0,-0.43750003,-3.2272139,-2.4685402,-4.3168325,2.6999998,1.1000001,1010.5166,100.0,-1.1437501,-3.7020414,-2.8864307,-4.161892,9.5,0.100000024,1009.7126,100.0,-0.76874995
2025-11-27,-2.9974911,-1.3120584,-5.0985565,0.4,0.2,1024.1583,100.0,-1.0416666,-2.626611,-0.5821905,-5.021725,0.0,0.0,1023.6333,100.0,-0.5888333,-4.4625163,-1.2045898,-9.227275,0.0,0.0,1025.1,100.0,-2.7375002,-2.7600849,-1.1661539,-5.37121,0.0,0.0,1023.5793,98.0,-1.9458332,-2.8085172,-0.82815814,-7.5960174,0.2,0.1,1022.59174,100.0,-1.1395832
2025-11-28,-4.860062,-1.4537303,-7.7269073,0.0,0.0,1022.4624,98.0,-2.9437497,-5.1816688,-1.9351411,-7.7798133,0.0,0.0,1021.9084,100.0,-2.6179996,-8.360376,-3.2191787,-12.783537,0.0,0.0,1023.7,100.0,-6.410417,-5.026567,-0.6833854,-7.894453,0.0,0.0,1023.38324,100.0,-3.90625,-9.183494,-5.254136,-11.663446,0.0,0.0,1023.13336,82.0,-6.775
2025-11-29,-2.0285375,-0.2177372,-4.772315,0.70000005,0.70000005,1016.73773,100.0,-0.027083283,-1.6595169,-0.21832705,-4.28246,4.8999996,4.8999996,1016.48755,100.0,0.682,-3.4391706,0.25793839,-10.255302,0.4,0.4,1017.10425,100.0,-2.0291665,-3.4222023,-0.65619874,-5.384737,0.0,0.0,1017.92914,100.0,-3.5583334,-5.137466,-1.9912889,-9.974091,0.0,0.0,1017.24164,100.0,-2.1291666
2025-11-30,-1.3812861,-0.0105314255,-2.6856742,0.1,0.1,1015.53754,100.0,1.2583334,-0.54384977,0.5572305,-0.969043,0.3,0.3,1015.29156,100.0,1.7778333,-2.5476892,0.13609171,-6.378293,0.0,0.0,1015.43335,100.0,-0.014583322,-0.97918135,3.299427,-3.790564,0.0,0.0,1016.0124,100.0,0.6395834,-3.8071592,-2.4546063,-5.1582994,0.0,0.0,1016.29584,100.0,-1.2833334
2025-12-01,0.07594031,3.4763403,-2.1425524,0.6,0.6,1020.1125,100.0,2.0895836,0.00076608855,2.4209876,-1.0970788,0.5,0.5,1019.99567,100.0,1.9569998,-1.5218652,2.4402413,-3.6466076,0.70000005,0.70000005,1020.6414,100.0,0.46875003,-0.64888656,1.4504547,-2.6596642,0.0,0.0,1020.94586,100.0,0.8875,-2.5676737,-1.1800141,-4.1821394,0.0,0.0,1020.4541,100.0,0.16458334
2025-12-02,-0.3304976,0.87020206,-1.1972735,0.0,0.0,1018.5376,100.0,1.6833333,-0.63580847,0.06335926,-1.2809391,0.0,0.0,1018.37915,100.0,1.909083,-2.195926,0.1814251,-3.9509015,0.0,0.0,1018.65826,100.0,0.9145832,-1.1483748,-0.14811325,-2.3966115,0.0,0.0,1020.57086,100.0,1.4458331,-2.3142478,-0.25842094,-4.2408843,0.0,0.0,1020.84576,100.0,0.10416669
2025-12-03,-1.163065,0.18074703,-2.668706,0.0,0.0,1017.9417,100.0,0.34583333,-1.9848126,-0.6821103,-2.7926693,0.0,0.0,1018.0501,100.0,0.59033334,-2.4766948,-0.6651375,-3.8770642,0.0,0.0,1017.48737,100.0,0.17291667,0.19207664,1.9972296,-1.7327061,1.7,1.7,1018.66254,100.0,2.6916666,-1.8818923,0.66653013,-4.1363745,0.0,0.0,1019.26666,100.0,0.3145833
2025-12-04,0.35114846,1.6061349,-1.1556997,0.0,0.0,1013.64166,100.0,1.6812501,-1.250842,0.4132948,-2.4486747,0.0,0.0,1013.95416,100.0,1.1090833,-1.770013,-0.46204424,-2.3613389,0.0,0.0,1013.44165,100.0,0.74375004,2.6080186,4.350972,1.8041949,1.9000001,1.9000001,1014.39166,100.0,4.6937504,-1.1137905,3.2899237,-4.163037,0.0,0.0,1015.2666,100.0,0.875
2025-12-05,1.6956614,2.618351,0.2247324,6.799999,6.799999,1011.3958,100.0,3.4770834,0.66214365,1.7114944,-0.8555496,5.599999,5.599999,1011.55414,100.0,2.5486665,-0.14799799,0.8037071,-1.2789888,4.3,4.3,1011.8542,100.0,1.8395834,4.378465,5.559738,3.4292178,10.200001,10.200001,1011.14154,100.0,6.056249,1.4171262,5.4278374,-1.5683618,3.1,3.1,1012.09576,100.0,3.4145834
2025-12-06,-1.8666755,0.07948017,-3.877057,0.0,0.0,1014.94604,100.0,0.30416664,-1.7278382,-0.7771926,-2.7041373,0.0,0.0,1014.65845,100.0,0.8945,-1.8928388,1.6632242,-5.0705895,0.0,0.0,1015.4124,100.0,-0.21250002,2.7332783,3.6222725,1.6378489,0.0,0.0,1015.5124,100.0,3.864583,3.139822,5.7614994,-0.39315867,0.8,0.8,1014.9084,100.0,4.9729166
2025-12-07,2.2482736,6.55031,-0.89393544,0.0,0.0,1014.30005,100.0,3.7020836,0.6783516,3.4911313,-1.6454232,0.0,0.0,1013.94995,100.0,2.7299166,0.99056023,6.295622,-1.9644074,0.0,0.0,1015.63336,100.0,2.1770833,0.9255807,2.90865,-1.5922058,0.0,0.0,1016.72504,100.0,2.6875002,2.727499,4.538953,0.8252983,0.0,0.0,1015.67084,100.0,4.8354173
2025-12-08,7.0501556,11.9105015,2.2879019,2.6000001,2.6000001,1016.5334,100.0,8.1125,3.79245,7.2252216,0.8506303,3.2999997,3.2999997,1015.87915,100.0,5.5445,5.381128,9.356083,0.44164848,3.8,3.8,1018.3208,100.0,6.6124997,2.5014284,4.1084785,0.84177685,1.9000002,1.9000002,1020.2043,100.0,4.3687496,2.9872913,4.4218254,1.5719113,0.0,0.0,1018.96246,100.0,5.022917
2025-12-09,8.877555,11.240525,6.7358236,0.0,0.0,1018.2375,100.0,9.429168,7.5881267,9.727444,6.3680716,0.0,0.0,1017.675,100.0,8.617415,6.4911957,13.052233,1.2941084,0.0,0.0,1019.48334,100.0,6.9937496,3.5936592,4.4629555,2.7663155,0.0,0.0,1021.8543,100.0,5.558333,5.547012,7.5847473,3.6654692,0.0,0.0,1020.04156,100.0,7.0625005
2025-12-10,5.8681684,8.9224415,3.3091125,0.0,0.0,1019.9792,100.0,6.0208325,5.8844433,8.223037,3.5309763,0.0,0.0,1019.44165,100.0,6.6695,1.6454643,9.855217,-2.5636358,0.0,0.0,1020.90424,100.0,3.1104164,1.589032,2.9123511,0.15427494,0.0,0.0,1022.52075,100.0,3.4875002,2.825929,5.2193813,0.32966423,0.0,0.0,1020.5083,100.0,5.0812497
2025-12-11,5.9571548,9.69011,1.9067454,0.3,0.3,1024.5751,100.0,6.535416,5.364824,9.122197,0.4864483,1.0,1.0,1024.1373,100.0,5.865333,2.9934309,7.451021,-1.7368023,0.1,0.1,1025.675,100.0,4.2374997,2.839297,8.658352,-0.79303265,0.1,0.1,1025.1168,100.0,3.9854167,2.6892993,6.424285,0.11254072,0.70000005,0.70000005,1024.0668,100.0,4.779166
2025-12-12,0.25356853,2.7081614,-1.9998541,0.0,0.0,1026.3625,100.0,2.1895835,-0.5410581,0.8105154,-2.0985055,0.0,0.0,1025.9917,100.0,1.1632499,1.4521674,4.3323603,-0.63738537,0.0,0.0,1026.5084,100.0,3.1854165,0.19390751,2.8686304,-2.8133688,0.0,0.0,1026.5292,100.0,2.0458333,1.2135822,3.3274474,-1.8021197,0.0,0.0,1025.4376,100.0,3.6145833
2025-12-13,-1.0663812,0.24559069,-2.5246081,0.0,0.0,1029.2959,100.0,1.1770833,-1.8892269,-0.45421267,-2.7292538,0.0,0.0,1029.2042,100.0,0.58199996,-1.5027913,0.22963333,-2.7857406,0.0,0.0,1029.8875,100.0,0.50833327,-0.6875443,0.11312103,-1.4500241,0.0,0.0,1029.5208,100.0,1.2541667,-2.4277842,-1.5311644,-3.5247064,0.0,0.0,1028.4458,100.0,0.6541666
2025-12-14,-0.39149806,1.1725116,-1.3684855,0.0,0.0,1029.2084,100.0,1.4729165,-1.3043078,0.3580761,-2.4403205,0.0,0.0,1028.8958,100.0,1.2736667,-2.3269055,-0.19647503,-3.4352827,0.0,0.0,1030.0748,100.0,-0.0625,-0.11801713,2.3223886,-1.2454185,0.0,0.0,1029.9001,100.0,1.2729167,-1.5120071,0.2924714,-2.6386166,0.0,0.0,1028.975,100.0,1.1041667
2025-12-15,-2.3463776,-0.8455992,-4.402454,0.0,0.0,1025.3083,100.0,-0.52708334,-2.068353,-0.9791517,-3.013555,0.0,0.0,1024.775,100.0,0.8340833,-4.794581,-2.1745486,-6.512363,0.0,0.0,1025.9083,100.0,-2.0625002,-2.922848,-1.0964642,-4.0201907,0.4,0.4,1027.55,100.0,-0.27083334,-3.5511887,-1.9824028,-5.1703186,0.0,0.0,1025.9625,100.0,0.0895833
2025-12-16,-3.5059083,-1.7960172,-4.6726356,0.0,0.0,1022.5999,100.0,-1.8479167,-3.9860904,-3.1860185,-4.7858434,0.0,0.0,1022.64166,100.0,-0.82425,-5.489399,-3.6093252,-6.5023823,0.0,0.0,1022.45,100.0,-2.55,-2.9296234,-1.9110308,-4.360335,0.0,0.0,1024.2374,100.0,-0.3874999,-2.4293475,0.7587595,-5.2722683,0.0,0.0,1023.09174,100.0,-0.81666666
2025-12-17,-2.5734468,-0.65966845,-4.0729876,0.0,0.0,1021.99585,100.0,-1.0145833,-3.8804615,-3.01303,-4.7389593,0.0,0.0,1021.91656,100.0,-1.1680001,-3.1586754,1.0710578,-5.7318754,0.0,0.0,1022.04156,100.0,-1.3895835,-1.9516978,-0.5230601,-2.7842212,0.0,0.0,1023.7251,100.0,0.41666666,-1.472921,-0.31446743,-3.3882914,0.0,0.0,1021.3667,100.0,-0.4666667
2025-12-18,-1.7070937,2.300982,-4.1464353,0.0,0.0,1026.4418,24.0,0.041666657,-2.2726023,-0.029861927,-4.8100615,0.0,0.0,1026.6666,100.0,0.115333326,-1.7280532,4.2301607,-4.5176635,0.0,0.0,1026.1917,100.0,-0.05833329,-1.089758,-0.289196,-2.0442955,0.0,0.0,1028.546,100.0,0.9229166,-1.2957245,0.857872,-2.6744618,0.2,0.2,1027.1249,100.0,1.4729167
2025-12-19,-2.5290973,-0.94433665,-3.633399,0.0,0.0,1026.2083,100.0,-0.19166668,-2.2728405,-1.2998114,-2.9727988,0.0,0.0,1026.0167,100.0,0.54033333,-3.1067069,1.9141626,-4.8481455,0.0,0.0,1026.1376,100.0,-0.45000002,1.2926501,2.9177165,-0.5875585,0.3,0.3,1026.8666,100.0,3.1583335,0.841338,3.7932692,-2.9480267,0.0,0.0,1025.9957,100.0,3.2416668
2025-12-20,-1.7532601,0.3256626,-3.5473635,0.5,0.5,1022.6499,100.0,0.6104166,-1.4382229,0.079845905,-2.9988253,2.0,2.0,1022.67505,100.0,0.89241666,-3.383131,0.67250156,-5.8719263,0.0,0.0,1022.74164,100.0,-1.2145833,-0.14499605,0.71014357,-1.2970903,0.0,0.0,1023.375,100.0,1.7937499,0.37288928,2.4693055,-1.128454,0.0,0.0,1022.325,100.0,2.9604168
2025-12-21,-1.7253336,0.5930834,-2.8265843,0.0,0.0,1019.825,100.0,0.59166664,0.11331785,0.66464376,-0.32243824,0.0,0.0,1019.90424,100.0,2.2924166,-3.2411215,-1.6652212,-4.1277747,0.3,0.3,1019.1541,100.0,0.28125,0.3510567,1.2004509,-0.73254776,0.0,0.0,1020.8708,100.0,2.3708334,0.47457448,2.14334,-1.7310619,0.0,0.0,1020.8833,100.0,2.7062502
2025-12-22,-1.0424649,0.04500866,-2.2357452,0.0,0.0,1017.52496,100.0,1.6020833,-0.029145846,0.61745596,-0.39543772,0.1,0.1,1018.00836,100.0,2.5382502,-3.8043118,-2.7826264,-4.652423,0.0,0.0,1015.8667,100.0,0.6499999,-0.7464377,0.5342064,-1.5568252,0.2,0.2,1019.47925,100.0,2.0666666,-0.34932196,1.6329336,-1.6265974,0.0,0.0,1020.8958,100.0,1.9458336
2025-12-23,-1.3156112,-0.040519714,-3.9090564,0.5,0.4,1019.7625,100.0,0.98958343,-1.5316807,-0.0653224,-4.244464,0.1,0.1,1020.77496,100.0,1.3215836,-2.4861505,-1.9296346,-3.2909625,0.9000001,0.9000001,1017.7168,100.0,0.74166673,-1.1405855,0.43011189,-3.8000612,1.7000002,1.7000002,1019.55414,100.0,1.0624999,-2.1245565,-1.066206,-4.2299943,0.3,0.3,1021.2959,100.0,0.42500004
2025-12-24,-6.4778075,-4.0412817,-9.051314,0.0,0.0,1028.8,100.0,-4.922917,-6.5658803,-4.3774557,-9.779043,0.0,0.0,1030.4501,100.0,-4.384667,-5.5331063,-3.0309315,-7.1769147,3.899999,0.19999999,1025.5831,100.0,-3.2333333,-5.806128,-4.079344,-7.8725896,0.4,0.1,1025.9208,100.0,-3.9604168,-6.810783,-4.270223,-9.650232,0.0,0.0,1029.0458,100.0,-4.6208334
2025-12-25,-8.075974,-5.9908524,-9.350992,0.0,0.0,1034.025,100.0,-7.6562505,-7.371486,-3.4957845,-9.737822,0.0,0.0,1034.65,51.0,-7.228418,-6.7626987,-5.467918,-8.098764,0.0,0.0,1031.7583,100.0,-4.9770837,-6.7908745,-4.4443207,-8.552986,0.0,0.0,1033.404,100.0,-6.608333,-8.302951,-6.6468244,-10.238626,0.0,0.0,1035.8708,100.0,-7.3041663
2025-12-26,-7.208822,-2.8825436,-10.236439,0.0,0.0,1033.875,100.0,-6.3000007,-5.232388,1.1218705,-7.909067,0.0,0.0,1033.6249,100.0,-4.5575833,-5.4262652,-1.2717018,-8.148642,0.0,0.0,1032.5332,100.0,-3.6166668,-4.5780287,0.76991224,-7.5610294,0.0,0.0,1032.4333,100.0,-4.9625,-6.3250165,-4.3934326,-7.5068913,0.0,0.0,1033.725,100.0,-5.883333
2025-12-27,-5.81593,-1.1671774,-9.0642605,0.0,0.0,1030.7999,100.0,-6.4291663,-5.082929,-0.5892277,-8.749737,0.1,0.1,1030.6417,100.0,-5.005499,-5.3000093,-1.8984437,-7.563018,0.0,0.0,1030.7583,100.0,-4.125,-4.0549383,-0.0645895,-6.7091284,0.0,0.0,1028.6084,77.0,-4.629166,-5.1372666,-3.5023246,-6.2982955,0.1,0.1,1028.6667,100.0,-3.6520832
2025-12-28,-3.9284306,-2.2455606,-6.017334,0.0,0.0,1029.2001,100.0,-2.4583333,-3.3168201,-1.2576597,-6.403186,0.2,0.2,1029.2749,100.0,-1.5409168,-5.0026393,-2.7764926,-7.9018564,0.0,0.0,1029.3458,100.0,-3.7333336,-4.246803,-3.1488738,-5.602444,0.0,0.0,1026.2333,100.0,-3.2333336,-4.7442775,-3.8356943,-5.563048,0.5,0.2,1024.9083,100.0,-3.0041666
2025-12-29,-5.0119,-2.0288088,-9.624298,0.2,0.2,1020.98334,100.0,-4.2125,-3.3853014,0.0671134,-7.390019,0.7,0.6,1020.425,100.0,-2.0805001,-7.4017506,-1.4228909,-12.718217,0.0,0.0,1021.78754,100.0,-8.727082,-4.672214,-1.0217576,-8.352827,0.0,0.0,1019.74994,100.0,-5.5291667,-5.979126,-3.685287,-9.131526,0.0,0.0,1018.63745,100.0,-5.377083
2025-12-30,-5.743176,-1.8736143,-7.791052,1.5,0.70000005,1021.27094,100.0,-4.9645834,-5.4928913,-2.174574,-7.2803593,1.8000001,0.4,1021.41254,100.0,-3.8867502,-6.762321,-3.9530962,-10.416862,1.3000001,0.1,1021.9458,100.0,-5.9499993,-5.8980327,-2.3602002,-8.906795,1.1,0.100000024,1018.34576,100.0,-5.964583,-6.796101,-3.1441317,-9.491974,2.3999999,0.0,1016.24164,100.0,-5.8604164
2025-12-31,-6.895024,-3.8626742,-9.272856,1.6000001,0.1,1019.28754,100.0,-5.3999996,-4.9840198,-1.3879254,-8.004061,3.3999999,0.4,1018.54584,100.0,-3.409667,-9.159123,-5.9061246,-11.605799,2.1000001,0.0,1021.7415,100.0,-7.6354165,-7.1268945,-4.275914,-9.148671,1.8000001,0.0,1018.34576,100.0,-6.2187505,-8.099217,-5.5274477,-9.66056,2.4,0.0,1016.18335,100.0,-6.589584
2026-01-01,-4.678777,-3.2693102,-6.010231,0.3,0.2,1007.80817,100.0,-2.0833333,-3.3179653,-1.2312474,-4.718492,0.6,0.4,1006.3625,100.0,-0.6305,-6.077396,-4.684868,-7.027849,0.1,0.0,1011.2083,100.0,-4.5604167,-4.0519104,-2.9198613,-5.729244,0.2,0.2,1009.4834,100.0,-2.4458334,-5.475197,-4.158393,-6.715899,0.6,0.0,1007.31683,100.0,-2.3145833
2026-01-02,-5.4317837,-3.8237693,-6.5464687,0.2,0.0,997.44995,100.0,-3.2458336,-4.4470162,-2.9179,-6.1831727,1.4,0.0,995.85815,100.0,-2.772167,-6.03606,-5.3465195,-7.1089926,2.1000001,0.0,1001.3376,100.0,-4.2062497,-4.7376494,-2.1358955,-6.495305,0.0,0.0,1000.6541,100.0,-4.147917,-6.22755,-4.8541574,-7.8198314,0.5,0.0,998.56665,100.0,-3.3625
2026-01-03,-6.9514546,-6.0523043,-8.037803,3.1000001,0.0,1002.6167,100.0,-5.46875,-6.234644,-5.2414794,-7.6475725,0.4,0.0,1001.05,100.0,-4.445084,-7.8992105,-6.0872784,-10.084476,0.0,0.0,1005.6584,100.0,-6.4583335,-5.977856,-3.3243442,-8.0211735,0.0,0.0,1004.425,95.0,-6.254166,-7.072527,-5.1951933,-8.266069,0.0,0.0,1002.4917,78.0,-5.460417
2026-01-04,-7.1986337,-5.343889,-8.973892,0.0,0.0,1009.75006,100.0,-5.4125,-6.845713,-4.3627014,-8.286497,1.4000001,0.0,1008.5374,100.0,-4.7867494,-9.040087,-6.764192,-12.21443,0.0,0.0,1012.7124,100.0,-8.333333,-7.305063,-3.918797,-9.288412,0.0,0.0,1011.9207,30.0,-8.091666,-7.7635937,-5.1137133,-9.950155,0.0,0.0,1010.42084,100.0,-6.8458323
2026-01-05,-8.210898,-4.629506,-11.958471,0.0,0.0,1015.17914,97.0,-9.26875,-8.984527,-6.167347,-10.855563,0.0,0.0,1014.86664,92.0,-8.403418,-12.1818495,-8.728081,-16.436438,0.0,0.0,1016.02924,100.0,-11.552083,-7.8828044,-4.9458914,-11.194054,0.0,0.0,1015.80414,100.0,-8.50625,-8.470759,-5.10217,-12.817118,0.0,0.0,1015.8542,100.0,-9.679166
2026-01-06,-9.285168,-6.4001703,-12.754385,0.0,0.0,1017.1084,100.0,-9.377084,-11.373069,-7.824728,-14.564224,0.0,0.0,1016.93335,99.0,-10.41175,-11.268573,-7.6949625,-17.144249,0.0,0.0,1017.7209,100.0,-11.083333,-8.305393,-6.2444654,-10.789147,0.0,0.0,1016.4292,100.0,-9.724999,-7.6152196,-5.6324506,-10.187842,0.2,0.0,1015.9749,100.0,-8.541666
2026-01-07,-8.555461,-7.543957,-9.967484,0.0,0.0,1017.5457,100.0,-8.83125,-10.594252,-8.245229,-14.396449,0.0,0.0,1017.3125,100.0,-8.845083,-10.513438,-8.43276,-15.743055,0.0,0.0,1018.04175,100.0,-9.704165,-9.268823,-6.611232,-11.231165,0.0,0.0,1017.0125,100.0,-9.935416,-9.342183,-8.5322275,-10.0731945,0.0,0.0,1017.0457,100.0,-8.333333
2026-01-08,-9.866884,-5.7415633,-14.346206,0.0,0.0,1012.5168,100.0,-9.114583,-12.0032015,-7.986416,-16.56641,0.0,0.0,1012.5793,100.0,-10.176333,-13.589004,-5.6070642,-20.86296,0.0,0.0,1013.1916,100.0,-12.133334,-9.924193,-6.265061,-14.30128,0.0,0.0,1013.02075,100.0,-11.349998,-9.89231,-8.319555,-10.699848,0.1,0.0,1012.4417,100.0,-8.402083
2026-01-09,-8.572498,-7.11559,-9.909023,4.4,0.0,1003.22925,100.0,-5.991667,-8.345166,-7.2378397,-11.286043,5.3999996,0.0,1003.54175,100.0,-5.7367496,-7.4769206,-1.0365922,-12.850123,5.2999997,0.0,1002.60425,100.0,-4.8541665,-9.936427,-8.356367,-12.450213,3.0,0.1,1006.3457,100.0,-8.979166,-11.211915,-7.82222,-16.003902,0.0,0.0,1006.6875,100.0,-11.485416
2026-01-10,-9.868736,-7.499193,-14.020222,2.4999998,0.0,1006.7708,100.0,-7.4250007,-10.241542,-6.2081947,-16.213188,3.4000003,0.0,1007.50415,100.0,-7.851333,-7.0201936,-1.6794465,-16.12336,1.6,0.1,1004.99176,100.0,-4.79375,-9.333045,-7.7031517,-13.914039,1.4000001,0.0,1006.07495,100.0,-7.722916,-11.473473,-7.3931246,-15.802714,1.8000003,0.0,1006.8958,100.0,-9.904166
2026-01-11,-11.987727,-10.00046,-14.427652,0.0,0.0,1022.45825,100.0,-10.025001,-11.893085,-8.850834,-17.455063,0.1,0.0,1022.4583,100.0,-10.847165,-13.821987,-11.622834,-20.002277,0.2,0.0,1023.67926,100.0,-11.739583,-11.514717,-9.806929,-13.025915,0.0,0.0,1019.3376,100.0,-9.560416,-10.016002,-9.225107,-10.985685,1.5000001,0.1,1016.27496,100.0,-7.1958327
2026-01-12,-12.102927,-6.150101,-15.924173,1.6000001,0.2,1021.17487,100.0,-9.495834,-13.934384,-9.328877,-18.849516,1.0000001,0.3,1020.81665,100.0,-12.3117485,-13.624459,-4.202051,-22.696838,3.6,0.19999996,1021.54156,100.0,-11.660415,-12.082231,-8.549658,-16.341202,0.1,0.0,1022.2959,100.0,-12.654166,-12.202122,-9.252284,-16.577118,0.2,0.0,1020.83344,100.0,-10.577083
2026-01-13,-1.3377103,0.7209859,-4.598742,4.0,4.0,1015.70416,100.0,0.6479166,-2.8564117,1.8186035,-8.674737,3.6,3.6,1015.7,100.0,-1.1346666,-0.9763007,1.6214962,-4.00085,4.6,4.3999996,1016.4041,100.0,0.9479167,-5.996277,-3.8304288,-8.263535,5.1,2.8999999,1018.52924,100.0,-3.364583,-6.8878307,-4.213097,-10.55724,5.6,0.1,1017.4959,100.0,-3.7958333
2026-01-14,-1.3053569,-0.10569239,-2.4404125,0.2,0.2,1017.1584,100.0,1.4312501,-0.4236962,1.887703,-1.4946952,0.9000001,0.9000001,1016.7625,100.0,1.8986667,-1.343989,1.6233225,-3.7093644,0.0,0.0,1017.9834,100.0,0.525,-4.620739,-3.4812007,-5.772199,0.2,0.2,1021.00836,100.0,-1.9104165,-4.8311563,-2.910779,-6.0598707,2.2,2.2,1019.24585,100.0,-0.9520832
2026-01-15,-0.39866745,2.8092241,-3.0057483,0.8,0.8,1018.7876,100.0,1.6979166,0.54924273,1.6374602,-0.41139436,0.70000005,0.70000005,1018.83344,100.0,2.38825,-1.4389621,3.3255138,-4.8234186,0.0,0.0,1018.8708,100.0,0.35,-4.400047,-2.8566976,-6.4164057,0.0,0.0,1022.26666,100.0,-2.2208335,-3.360136,-1.911737,-5.3931,0.3,0.3,1021.0583,100.0,-0.27916664
2026-01-16,-2.5465062,0.55677414,-5.1483016,0.0,0.0,1022.4375,100.0,-0.48125002,-1.5565017,0.15485,-2.5038614,0.0,0.0,1022.47485,100.0,1.1903332,-4.8777337,-2.653572,-6.2191696,0.0,0.0,1022.5833,100.0,-1.3874999,-2.360148,-1.3525548,-3.3056903,0.0,0.0,1024.6333,100.0,-0.008333321,-2.8743982,-0.44910908,-5.2042193,0.0,0.0,1024.4417,100.0,0.0062499642
2026-01-17,-1.3428789,0.415792,-3.031946,0.0,0.0,1025.7792,100.0,0.8604167,-0.7416377,0.12509823,-1.6652918,0.0,0.0,1025.925,100.0,1.9299167,-4.0921836,-2.0370486,-5.319645,0.0,0.0,1025.046,100.0,-0.30625007,-2.1812704,-0.3965881,-3.9593263,0.1,0.1,1028.3124,100.0,0.47708344,-4.0682616,-0.03450775,-6.1741858,0.0,0.0,1029.121,100.0,-1.6770831
2026-01-18,-3.6612768,-0.65852857,-6.304689,0.0,0.0,1028.7208,42.0,-2.7541666,-3.3721488,-0.78350973,-5.9855113,0.0,0.0,1029.0542,100.0,-2.0013335,-7.37252,-4.818815,-10.516237,0.0,0.0,1027.8875,100.0,-2.9708335,-4.7423897,-2.2030158,-7.140272,0.0,0.0,1033.3208,100.0,-3.2187502,-6.745407,-4.4267397,-12.047426,0.0,0.0,1034.029,100.0,-4.6125
2026-01-19,-6.5100465,-3.0700836,-8.536374,0.0,0.0,1029.1791,10.0,-6.6124997,-7.0014834,-4.1550016,-9.017225,0.0,0.0,1029.6,6.0,-6.0325837,-11.622312,-8.63072,-13.6158285,0.0,0.0,1029.1416,100.0,-7.287501,-9.050586,-7.4164305,-10.496019,0.0,0.0,1035.6666,100.0,-6.402084,-10.154252,-5.7057266,-12.594693,0.0,0.0,1035.0958,6.0,-7.8541675
2026-01-20,-8.198119,-4.258315,-10.486218,0.0,0.0,1026.8833,16.0,-8.272917,-9.904129,-6.6623783,-12.481758,0.0,0.0,1027.025,100.0,-7.8554993,-11.591515,-7.961867,-13.427246,0.0,0.0,1026.5583,100.0,-8.610415,-10.186301,-7.7432537,-11.8251705,0.0,0.0,1031.525,100.0,-7.918751,-8.310747,-2.4774492,-11.423458,0.0,0.0,1030.1792,0.0,-7.145834
2026-01-21,-8.765201,-4.1777673,-11.185569,0.0,0.0,1015.5542,58.0,-8.814583,-11.008439,-8.019634,-14.061072,0.0,0.0,1015.80426,100.0,-8.186749,-11.763377,-8.288103,-13.86862,0.0,0.0,1015.6751,100.0,-9.164582,-8.777989,-5.4751997,-10.876583,0.0,0.0,1018.1291,100.0,-8.352084,-8.151989,-2.5867865,-11.8952675,0.0,0.0,1016.85004,2.0,-7.5708327
2026-01-22,-9.075199,-7.280197,-10.981586,0.0,0.0,1004.8833,100.0,-9.218749,-11.177049,-7.1931257,-14.895094,0.0,0.0,1005.01666,100.0,-9.053416,-11.502032,-9.299614,-12.856159,0.0,0.0,1004.9292,100.0,-9.50625,-8.049145,-6.059627,-10.67294,0.0,0.0,1005.625,100.0,-7.477083,-8.172454,-3.4252684,-12.831864,0.0,0.0,1005.3374,100.0,-8.264585
2026-01-23,-8.636384,-6.662901,-10.147699,0.0,0.0,1005.28345,100.0,-8.681251,-9.403021,-8.200085,-10.629427,0.0,0.0,1005.4751,100.0,-7.349249,-10.0349,-7.8773255,-11.645601,0.1,0.0,1005.05835,100.0,-8.272916,-4.7490053,-3.265851,-6.6803565,0.0,0.0,1004.94586,100.0,-3.2749999,-6.330641,-3.6759038,-8.139955,0.1,0.1,1005.99585,100.0,-5.0499997
2026-01-24,-6.0749917,-3.8980129,-7.798683,0.0,0.0,1006.7375,100.0,-4.9979167,-6.1474643,-3.8902032,-8.5895605,0.0,0.0,1007.04584,100.0,-3.907584,-6.1734624,-3.9346075,-8.617408,0.0,0.0,1006.05005,100.0,-3.7749999,-2.9115088,-1.5292912,-3.7409213,0.90000004,0.8000001,1006.1667,100.0,-0.17916667,-4.9717584,-3.6018238,-6.6829667,0.8000001,0.8000001,1007.8874,100.0,-2.6499999
2026-01-25,-2.5570698,-0.7501683,-4.8075285,1.6,1.6,1002.36237,100.0,-0.15833344,-1.8115072,0.35630703,-4.164371,2.6,2.6,1002.89594,100.0,0.41533327,-3.6491134,-0.12578583,-5.2931366,0.8,0.8,1001.4582,100.0,-0.7166667,-1.1751524,0.5791397,-3.0244756,3.6999998,3.6999998,1003.625,100.0,1.9749999,-2.8270185,-0.09974527,-5.233734,2.3999999,2.3999999,1005.3042,100.0,-0.16250001
2026-01-26,-1.9527618,1.0621519,-5.0201693,4.1,3.1999998,998.2166,100.0,0.13333334,-2.7636812,0.67056656,-5.284473,6.699999,5.5,997.9043,100.0,-0.23466666,-2.3142924,0.72816706,-5.9813395,0.4,0.3,999.63336,100.0,-0.23958333,-0.59088945,1.2412553,-3.7828362,3.9,3.9,1000.57086,100.0,1.7687502,-0.6973457,1.8571382,-3.1829991,1.8000001,1.8000001,1000.0793,100.0,1.7854166
2026-01-27,-3.0865984,0.14115286,-4.902295,0.0,0.0,1003.09174,100.0,-2.1395833,-3.0058024,-1.239939,-3.9475646,0.5,0.1,1002.9751,100.0,-1.7700833,-1.4349351,3.1518931,-4.7784705,0.1,0.1,1002.77496,100.0,-0.7395833,-1.8470482,2.6136894,-4.7375455,0.0,0.0,1003.73334,100.0,-0.52916664,-2.3824255,0.1685934,-4.1691465,0.0,0.0,1003.5417,100.0,-0.75416666
2026-01-28,-3.5090532,-1.9384956,-5.3244724,0.3,0.0,998.0708,100.0,-1.2666667,-2.8234723,-1.0128136,-4.290487,0.2,0.0,998.6375,100.0,-0.7534167,-4.0022364,-2.7160351,-5.144839,0.0,0.0,996.94995,100.0,-1.25,-2.3244994,-0.02243805,-3.2562277,0.1,0.1,997.93744,100.0,0.24999999,-2.2094126,-0.7950218,-3.7045918,0.0,0.0,999.3377,100.0,-0.09374999
2026-01-29,-3.886959,-3.4907095,-4.364909,5.899998,0.099999994,999.7832,100.0,-1.1041667,-3.6818936,-2.5848858,-5.051705,3.7000003,0.2,1000.62506,100.0,-1.0471667,-2.2243755,-0.4595728,-3.6356452,8.0,1.0000001,998.26666,100.0,0.085416675,-2.8545053,-1.9999692,-3.6485107,7.599999,3.9,999.0041,100.0,-0.041666675,-4.390018,-3.6428535,-5.0549684,2.4,0.0,1000.804,100.0,-1.1145833
2026-01-30,-3.381839,-2.5751157,-3.7783177,0.2,0.0,1003.9375,100.0,-0.90833336,-2.2831554,-1.6001248,-3.0140111,0.4,0.0,1004.18756,100.0,-0.37633336,-2.801036,-0.29398036,-4.091152,0.0,0.0,1003.125,100.0,-1.4479165,-2.7831166,-1.8754888,-3.3147817,1.8000001,0.0,1003.7583,100.0,-1.3458333,-4.746672,-4.0954413,-5.6323957,0.2,0.0,1004.3084,100.0,-1.9708332
2026-01-31,-4.6127734,-3.7518065,-6.2277694,0.0,0.0,1008.6082,100.0,-2.3645833,-2.9551861,-2.1059506,-5.055537,0.0,0.0,1008.84576,100.0,-1.2263334,-3.709411,-2.5024142,-4.7734747,0.0,0.0,1007.67926,100.0,-1.8312497,-4.5240417,-2.968766,-7.7347717,0.4,0.0,1008.375,100.0,-3.2041667,-8.983336,-5.589837,-12.804895,0.0,0.0,1010.6125,100.0,-7.647917
2026-02-01,-7.0671926,-6.254925,-8.023169,0.0,0.0,1014.3332,100.0,-5.993749,-5.2237625,-4.6586156,-6.6169195,0.0,0.0,1014.3835,100.0,-3.8700836,-3.5564845,-1.4038463,-5.160668,0.0,0.0,1012.90015,100.0,-2.3999999,-8.39619,-7.01255,-9.422789,0.6,0.0,1014.8709,100.0,-7.641666,-12.662926,-11.325889,-13.848741,0.0,0.0,1017.2041,100.0,-12.856252
2026-02-02,-6.5960045,-4.7215023,-8.540852,0.0,0.0,1010.74164,100.0,-4.564584,-5.9034944,-3.6906102,-7.9932723,0.0,0.0,1011.19165,100.0,-4.0221663,-6.871483,-4.8326764,-8.320045,0.0,0.0,1009.76666,100.0,-3.9312506,-6.9815936,-4.5140357,-8.876468,0.8,0.40000004,1011.8584,100.0,-4.6874995,-10.538817,-8.605318,-11.704319,0.1,0.0,1014.7249,100.0,-11.970834
2026-02-03,-4.936832,-3.7560694,-5.841055,0.90000004,0.0,1008.3042,100.0,-2.5708332,-4.5286336,-3.9937284,-5.2507114,1.8,0.1,1008.7166,100.0,-1.7971668,-6.268238,-4.68798,-8.018638,0.3,0.0,1007.18335,100.0,-2.2854168,-5.356502,-3.8060856,-6.4816375,0.5,0.0,1010.6209,100.0,-1.9895834,-9.7386465,-5.731848,-12.428789,0.70000005,0.1,1013.8125,100.0,-10.056251
2026-02-04,-3.3061926,-0.9132552,-5.6829777,0.6,0.6,1005.55,100.0,-1.1437502,-2.3699293,-0.39047718,-4.568979,1.2,0.9000001,1005.9124,100.0,-0.21175003,-5.456896,-3.8724413,-7.1699553,0.6,0.6,1004.63763,100.0,-1.7499996,-2.610914,-0.930671,-4.0417757,3.8,3.8,1007.1958,100.0,-0.24999996,-4.019962,0.28263664,-6.669352,0.4,0.2,1008.39996,100.0,-2.9395835
2026-02-05,-1.0538493,1.510437,-2.8454475,0.70000005,0.70000005,996.34985,100.0,1.7166668,0.5653707,2.0030036,-1.0754287,2.2999997,2.1999998,996.64996,100.0,2.5424168,-2.4441164,0.37392426,-4.74038,0.70000005,0.70000005,995.52924,100.0,1.3083334,-0.003581981,2.0337234,-1.6005435,1.7000003,1.7000003,997.5916,100.0,2.4229167,-3.1595232,-1.2983141,-5.0464563,1.8000002,1.8000002,999.80005,100.0,-0.51458335
2026-02-06,-0.12654233,2.4828835,-2.409614,0.0,0.0,994.9583,100.0,1.8791667,0.823392,2.1935616,-0.36740446,0.1,0.1,995.11237,100.0,2.707,-1.5436338,0.53250647,-3.362427,0.0,0.0,994.91254,100.0,0.98958343,1.1573435,3.0653882,-0.5386882,0.90000004,0.90000004,995.15424,100.0,3.7312498,0.028305074,4.061659,-3.0169902,1.0,1.0,995.8208,100.0,1.8854166
2026-02-07,-0.25489488,2.0439653,-3.3746958,0.4,0.4,1004.8584,100.0,1.6645833,0.26741862,1.2665696,-1.1333945,1.2,1.2,1004.82916,100.0,2.1924167,-0.030655295,4.66728,-3.242898,0.0,0.0,1005.0125,100.0,1.5875,0.7927303,4.406747,-1.9188287,0.0,0.0,1004.43756,100.0,1.8625001,-0.050099522,0.66184044,-0.7574754,3.8,3.8,1004.17914,100.0,2.2812498
2026-02-08,-0.13252698,1.2532439,-1.9373138,1.3000001,1.3000001,1010.12915,100.0,1.9395832,-0.037724685,1.5038357,-1.8834596,1.1,1.1,1010.45825,100.0,2.0382497,0.03743735,2.434997,-2.2783825,0.1,0.1,1009.6667,100.0,2.08125,0.026441475,3.0328016,-2.782318,0.3,0.3,1009.43335,100.0,1.9541665,-1.8495067,-0.47415233,-3.208172,2.6,1.9000003,1010.1418,100.0,0.9875002
2026-02-09,-1.4143447,0.045066833,-2.9387856,0.0,0.0,1011.44586,100.0,0.34375,-0.60078174,0.6982913,-2.2250562,0.0,0.0,1011.72504,100.0,0.8361666,-0.9096794,0.6251478,-2.7161276,0.0,0.0,1010.62494,100.0,0.96458346,-1.6497498,-0.9784031,-2.389781,1.5,1.5,1011.69995,100.0,0.28958333,-4.7032914,-3.2173483,-6.082422,0.1,0.0,1013.4793,100.0,-2.9187498
2026-02-10,-0.4174409,3.0561056,-2.3235526,0.0,0.0,1003.6292,100.0,0.40833333,-0.7653858,1.9424849,-2.891366,0.0,0.0,1003.4915,100.0,0.5924166,-0.70317894,5.249139,-3.2225418,0.0,0.0,1003.8542,100.0,0.62083334,-0.72468656,0.15092373,-2.6103616,0.5,0.5,1005.97906,100.0,1.6979166,-2.3416526,2.138307,-8.732023,0.3,0.3,1006.0916,100.0,-0.8020833
2026-02-11,0.7027833,3.657487,-1.8431377,3.9999998,3.9999998,990.6707,100.0,2.4687498,-0.27132002,1.3346133,-1.9224818,0.90000004,0.90000004,990.4666,100.0,2.07575,-0.25922835,5.676853,-4.770877,3.4,3.4,992.2375,100.0,1.8645831,-1.0949306,1.3989449,-3.0517673,0.5,0.5,994.60846,100.0,1.6333333,-0.12000396,1.8940692,-2.3388913,0.0,0.0,993.71246,100.0,1.2583333
2026-02-12,3.672427,8.881378,0.17015457,1.0000001,1.0000001,983.69165,100.0,5.1666665,3.051156,7.4044743,0.39308453,1.6000001,1.6000001,983.04584,100.0,4.7007504,2.834121,9.5818815,-0.9235759,0.7,0.7,985.50836,100.0,3.5979168,2.6105795,4.877902,-0.3979621,4.9,4.9,986.6125,100.0,4.43125,4.1853747,9.037457,1.2931452,1.4000001,1.4000001,985.825,100.0,5.26875
2026-02-13,2.1461327,4.76548,-0.3174305,5.3,4.2,991.5625,100.0,3.8854163,2.176256,5.8153305,-0.6254258,0.5,0.5,991.07916,100.0,3.5757496,1.396355,4.272092,-2.8103395,0.2,0.2,993.24567,100.0,1.4541668,2.7101974,5.9479218,-0.3982687,0.2,0.2,992.33746,100.0,3.2916667,2.9710763,5.7064285,1.6896563,2.5999997,2.5999997,991.05414,100.0,4.295833
2026-02-14,-2.6057532,-0.78200936,-5.1108828,0.8,0.2,1004.00006,100.0,-0.7125001,-2.8958633,0.64289474,-5.7199078,0.1,0.1,1004.90405,100.0,-0.3555001,-2.419462,1.3815928,-5.601524,4.0,1.3,1002.17084,100.0,-0.15208335,-0.20220022,3.0633173,-3.0253668,5.1000004,4.4,1001.5083,100.0,1.7916665,-1.1602145,1.9430442,-4.709307,7.7,1.5,1003.13336,100.0,1.5749999
2026-02-15,-6.105562,-4.9927073,-8.312338,0.3,0.0,1016.97076,100.0,-6.4604173,-6.0123057,-4.2890763,-8.320543,0.2,0.0,1017.27075,100.0,-6.7575836,-7.309566,-5.8211226,-8.931948,1.6000001,0.0,1016.67487,100.0,-6.3250003,-6.4329586,-3.3488133,-8.198019,1.5,0.0,1014.7959,100.0,-5.7374997,-7.693085,-4.8499002,-9.746154,4.3999996,0.0,1015.00415,100.0,-4.9916663
2026-02-16,-6.7338333,-3.0521655,-9.305838,1.7,0.0,1001.2791,100.0,-6.2625003,-7.50395,-4.309757,-9.275684,2.2,0.0,1001.4292,100.0,-5.9429994,-6.05897,-0.56259847,-11.304125,6.2000003,0.49999997,1001.5249,100.0,-4.2416673,-8.482703,-4.9544444,-11.122099,4.1,0.0,1004.85834,100.0,-7.129168,-9.990336,-6.209509,-14.617078,0.70000005,0.0,1005.36664,100.0,-7.679167
2026-02-17,-2.9232662,0.71131945,-5.873455,5.7,1.5000001,1003.5542,100.0,-0.85416657,-2.517597,0.7991066,-7.4461317,4.9999995,0.2999999,1003.2625,100.0,-1.1471666,-3.5221717,-1.4711804,-7.1656475,2.6999998,0.19999999,1004.6335,100.0,-1.74375,-4.050116,-0.09676838,-6.5515003,2.3,0.0,1004.3167,100.0,-2.358333,-5.091638,-3.0474386,-6.979967,1.9,0.0,1003.88745,100.0,-2.6708333
2026-02-18,-3.2776082,-0.54051805,-5.684822,6.0,0.3,1012.55414,100.0,-1.6041666,-2.7836504,-0.40558577,-5.276436,0.6,0.0,1012.3542,100.0,-1.5200834,-4.6875997,-2.2101097,-7.5994945,0.1,0.0,1013.8416,100.0,-3.9458332,-3.8479044,-0.75623775,-6.904378,0.8000001,0.100000024,1012.52515,98.0,-2.6375,-4.2196774,-1.2835255,-8.108423,2.0,0.0,1011.7375,100.0,-2.0
2026-02-19,-5.4137845,-1.618845,-8.016266,0.0,0.0,1011.57495,100.0,-4.0937505,-6.2085023,-1.9586027,-9.906981,0.0,0.0,1012.4583,100.0,-4.0554996,-6.224485,-4.080655,-9.294899,1.6999999,0.0,1009.57916,100.0,-3.3000002,-5.6256866,-2.6511908,-8.449305,0.2,0.0,1011.2041,100.0,-4.0604167,-5.968944,-4.1051216,-7.849175,0.0,0.0,1013.2874,100.0,-3.791667
2026-02-20,-6.365002,-2.5287411,-9.186441,0.0,0.0,1023.05,100.0,-7.6000004,-8.661481,-3.2186112,-13.975336,0.0,0.0,1023.35834,100.0,-8.913834,-7.186113,-4.5601225,-9.352394,1.4000001,0.0,1022.27924,100.0,-6.5854163,-7.242361,-4.9671526,-8.898243,0.0,0.0,1020.8374,100.0,-8.697917,-10.078121,-8.117741,-13.123497,0.0,0.0,1023.17084,100.0,-7.9729156
2026-02-21,-0.33634248,5.2150965,-6.2316813,1.0,0.70000005,1021.3416,100.0,0.71249986,-1.3548495,4.204711,-9.115635,1.2,0.6,1020.5833,100.0,-0.12841666,-2.1485069,3.6601658,-10.396629,0.3,0.3,1023.45825,100.0,-0.8854168,-5.9523425,-1.6681409,-10.153446,1.1,0.1,1024.1918,100.0,-5.1333337,-7.9596066,-3.303097,-13.531341,2.7,0.0,1023.0916,100.0,-5.4458327
2026-02-22,3.8374126,6.424591,-1.0978048,4.7999997,4.7999997,1018.71246,100.0,6.15625,2.7173672,7.195818,-2.2259955,4.2000003,4.2000003,1017.7625,100.0,4.7903333,2.0576856,4.977479,-2.0941274,2.7999995,2.7999995,1021.50415,100.0,3.8020828,-0.8080198,3.3626523,-4.3498955,3.1,3.1,1021.4167,100.0,1.4229168,-1.7638769,0.48721313,-4.17369,6.5,6.5,1019.9458,100.0,2.0395834
2026-02-23,5.65023,8.568915,3.2988758,11.700001,11.700001,1013.8708,100.0,5.308334,4.4510036,8.133959,0.9740772,8.4,7.7000003,1013.2168,100.0,4.0507507,3.946328,6.612545,1.5675707,11.600001,11.600001,1016.2708,100.0,4.55,4.520534,8.730579,1.5019665,2.6999996,2.6999996,1014.59174,100.0,4.8312507,2.9593115,8.020742,-0.7984905,8.7,8.7,1012.87897,100.0,4.5916667
2026-02-24,3.3324683,5.9903708,0.56253004,0.3,0.3,1018.55835,100.0,2.770833,2.525612,5.653364,-0.97313356,1.6,0.90000004,1018.28326,100.0,2.9465837,1.9350656,5.0422583,-1.4273956,2.1,2.1,1019.1917,100.0,2.279167,2.4341776,5.496126,-0.61794424,0.4,0.4,1017.325,95.0,1.9083333,0.617228,3.9444466,-2.8793209,14.500001,10.300002,1016.5208,100.0,2.0375
2026-02-25,3.1727695,10.369187,-2.354128,0.0,0.0,1024.8541,97.0,2.6958334,3.7695243,10.137639,-1.5164974,0.0,0.0,1024.5791,88.0,2.7486668,1.1810664,8.270673,-4.9328437,0.0,0.0,1025.3793,100.0,0.92083335,2.1747398,9.148649,-3.3755448,0.0,0.0,1025.0999,100.0,1.5895834,0.6411584,2.7037344,-2.0961673,0.2,0.2,1025.3958,100.0,1.5520834
2026-02-26,3.7041874,10.785079,-2.3021483,0.0,0.0,1025.9249,100.0,3.2312498,1.3543707,6.0241404,-2.269874,0.0,0.0,1025.9418,100.0,2.5778334,2.131032,12.230791,-4.869454,0.0,0.0,1026.0792,100.0,1.5812498,0.76711124,5.393038,-4.3589783,0.0,0.0,1028.7334,100.0,0.82500005,-0.7041852,4.959326,-6.059108,0.0,0.0,1028.3751,98.0,-0.93541646
2026-02-27,6.0430017,14.585262,-0.60454774,0.0,0.0,1023.40826,100.0,5.410417,3.8443928,10.87028,-0.03287697,0.0,0.0,1023.48334,100.0,4.3195004,4.2893233,15.199007,-2.8923573,0.0,0.0,1023.7,94.0,3.2958333,1.9320987,8.041088,-3.8216572,0.0,0.0,1026.6293,63.0,1.33125,1.9404522,8.171428,-2.7158546,0.0,0.0,1025.4624,93.0,1.35
2026-02-28,5.107473,11.422603,-0.8694103,0.0,0.0,1022.22095,76.0,4.208333,3.165141,9.533548,-1.7952836,0.0,0.0,1022.2542,100.0,3.5486667,3.024233,11.463254,-3.430142,0.0,0.0,1022.60004,100.0,3.0395832,3.4509175,8.817867,-1.5094271,0.0,0.0,1024.4375,54.0,1.6208334,3.9400024,10.517167,-1.0265565,0.0,0.0,1023.8166,27.0,2.1187499
2026-03-01,3.967125,7.3275204,0.39238644,0.3,0.3,1025.9791,100.0,4.0104165,3.9398491,7.0169544,1.2585559,0.1,0.1,1025.6918,100.0,2.8278332,2.1414063,5.934263,-0.9436259,1.4000001,1.4000001,1026.5334,100.0,2.979167,3.8944895,10.056735,-1.4004538,0.90000004,0.90000004,1026.0,100.0,2.6083333,5.2211432,12.126102,0.04036808,0.4,0.4,1025.275,100.0,2.7770834
2026-03-02,-0.0105494065,5.215225,-4.806174,0.0,0.0,1027.7084,100.0,0.9541667,1.0128752,6.384696,-2.35223,0.0,0.0,1027.6042,100.0,0.49866667,1.4806647,8.023381,-2.1955903,0.0,0.0,1027.2709,100.0,1.0375,3.9421957,9.278707,-2.0913846,0.2,0.2,1026.9332,100.0,2.1020832,4.381987,8.33826,0.16847944,0.70000005,0.70000005,1027.4209,100.0,3.2395837
2026-03-03,0.42228207,8.256179,-5.4105296,0.0,0.0,1028.4167,100.0,0.31250003,2.1385322,9.168724,-2.4506586,0.0,0.0,1028.1041,98.0,-0.5221667,2.0937436,10.020048,-3.981621,0.0,0.0,1027.7,100.0,0.93750006,4.6803946,10.9799,-1.891721,0.0,0.0,1027.7706,73.0,2.7104168,3.3507917,11.598065,-3.7320948,0.0,0.0,1028.0792,16.0,1.6854167
2026-03-04,2.267282,9.750717,-4.0584197,0.0,0.0,1028.0709,100.0,1.3270833,3.4367406,12.058521,-1.7600396,0.0,0.0,1027.9166,60.0,0.9924166,1.9302338,8.984591,-4.183245,0.0,0.0,1027.9957,98.0,1.4895831,5.529352,11.942566,-0.20813465,0.2,0.2,1027.2333,84.0,3.8833332,4.7321124,12.18572,-0.5466337,0.2,0.2,1026.9708,100.0,3.716667
2026-03-05,2.2280905,8.525648,-3.7013323,0.0,0.0,1027.2875,99.0,1.4770832,3.2776077,8.962519,-0.11125755,0.0,0.0,1027.2001,1.0,0.029916683,2.5888212,10.064523,-3.8025134,0.0,0.0,1026.6083,5.0,0.8812499,4.2620616,10.218561,-1.5426946,0.0,0.0,1027.0582,19.0,1.1895832,1.7830439,6.927163,-3.2867138,0.0,0.0,1028.0126,100.0,0.11249999
2026-03-06,2.8671486,10.094472,-4.0448446,0.0,0.0,1025.3751,1.0,0.7,3.9497538,10.827785,-2.6095967,0.0,0.0,1025.4918,0.0,-0.65341675,3.0864868,10.58315,-3.3693306,0.0,0.0,1024.5917,0.0,0.28541672,4.643127,11.772816,-2.2312002,0.0,0.0,1025.8834,0.0,-0.5437501,2.3704236,11.048849,-3.8856852,0.0,0.0,1026.9957,100.0,-1.2
2026-03-07,4.9491534,12.765097,-2.395624,0.0,0.0,1026.0333,9.0,2.41875,5.452272,12.4174,-0.21744633,0.0,0.0,1026.3124,19.0,1.6424166,4.244288,12.273518,-2.1858263,0.0,0.0,1025.4542,7.0,2.26875,6.381761,11.858385,1.0112648,0.0,0.0,1026.7041,0.0,0.62708336,3.8410819,13.096199,-2.3206785,0.0,0.0,1027.6542,0.0,-1.2770834
2026-03-08,4.5035086,10.135684,-1.6171656,0.0,0.0,1027.1958,100.0,1.4479166,4.432264,10.982219,-0.9680846,0.0,0.0,1027.4457,100.0,0.011166632,3.9576442,10.309813,-1.8809199,0.0,0.0,1026.3834,100.0,-0.035416674,6.2293925,13.229586,-0.4179077,0.0,0.0,1027.6376,100.0,-0.89583343,1.4145507,9.939412,-4.9983454,0.0,0.0,1029.221,92.0,-1.63125
2026-03-09,6.167933,13.027449,-0.7038784,0.0,0.0,1023.3875,100.0,2.30625,4.7680364,11.444928,-1.0228081,0.0,0.0,1023.7124,100.0,0.907,5.8774333,12.977451,0.6661892,0.0,0.0,1023.12085,100.0,1.0875,5.6092186,10.170842,0.91078377,0.0,0.0,1026.475,100.0,-1.8000002,3.4291592,11.234058,-4.4596386,0.0,0.0,1027.5499,77.0,-1.3729168
2026-03-10,6.8807893,13.8577385,1.1675878,2.1,2.1,1019.51666,100.0,3.0604165,6.2171683,12.501265,-0.71015906,0.0,0.0,1019.41656,100.0,3.0361664,5.6057067,12.345949,-0.4497807,0.4,0.4,1019.94165,100.0,1.7083331,6.147669,11.150466,1.1530485,0.0,0.0,1022.01263,100.0,0.52708334,6.2320805,10.590898,2.1293359,0.2,0.2,1021.925,98.0,1.4520832
2026-03-11,7.109409,13.39315,1.5975637,1.2,1.2,1018.3125,100.0,4.839583,6.901982,12.949129,1.0016203,0.0,0.0,1017.87915,99.0,4.0611663,5.2031493,12.45159,-1.0477505,0.0,0.0,1019.0042,100.0,2.8604164,7.6568356,13.141861,2.1533136,0.0,0.0,1020.1042,90.0,2.2875001,7.8293414,12.477251,3.2330742,0.0,0.0,1019.8791,85.0,2.872917
2026-03-12,6.305387,9.266263,3.7342253,3.3,3.3,1021.2708,100.0,5.983333,6.1123824,10.415602,1.9682503,1.6000001,1.6000001,1020.91266,100.0,4.5299163,4.6152387,8.419971,1.4287395,5.9,5.9,1021.95013,100.0,5.0270834,7.091925,12.100958,2.5042062,1.1,1.1,1021.3625,100.0,4.48125,7.42619,12.671707,2.6919374,0.2,0.2,1021.09174,98.0,5.1291666
2026-03-13,5.2742743,12.211769,-0.99118686,0.0,0.0,1015.0457,30.0,2.7395833,4.172454,10.919378,-2.3275619,0.0,0.0,1014.425,82.0,1.7528332,4.3791704,12.042534,-1.225327,0.0,0.0,1015.9707,100.0,2.60625,6.680189,12.258499,0.6152611,0.0,0.0,1017.0999,95.0,3.4291668,7.034082,12.087004,2.133247,0.0,0.0,1017.4543,100.0,4.64375
2026-03-14,6.998362,12.754087,2.3940191,0.1,0.1,1001.52075,100.0,3.4666665,5.2147217,12.291498,0.3773899,0.0,0.0,1002.08746,100.0,3.3590832,5.21275,12.049543,-1.6749301,0.0,0.0,1001.62915,100.0,1.6708336,7.280506,11.018436,3.3225741,0.0,0.0,1004.22504,100.0,1.8708334,8.493364,12.099398,5.1124926,0.0,0.0,1005.73755,23.0,1.1104165
2026-03-15,4.250296,5.6767626,2.2494025,0.5,0.5,1012.32916,100.0,3.622917,3.5798404,5.362255,1.873622,1.1,1.1,1012.7166,100.0,4.0257497,3.3634574,7.0997324,0.6391301,0.2,0.2,1012.42914,100.0,2.5166667,7.2170653,11.8197365,3.3462172,0.4,0.4,1011.0251,97.0,3.895833,8.298881,13.099966,3.9309855,0.0,0.0,1010.69586,100.0,2.216667
2026-03-16,2.6961184,4.7278185,-0.34595394,1.8000001,1.8000001,1016.125,100.0,1.822917,2.644274,4.475335,-0.20270729,2.5,2.3,1015.5833,100.0,2.3965836,1.9320663,4.616481,-1.4435089,0.9000001,0.9000001,1017.47095,100.0,0.6374999,4.0129905,6.327284,-0.09508133,1.6,1.6,1016.57086,100.0,3.2229168,3.691016,6.30445,1.9277396,0.0,0.0,1016.0876,100.0,3.1333334
2026-03-17,1.4343764,5.731328,-3.3209705,0.4,0.4,1023.9751,36.0,-0.36666667,1.4561954,6.46791,-3.3176003,0.8,0.8,1023.95844,62.0,-1.0430001,-0.5073934,4.1450377,-5.1278443,0.2,0.2,1024.0791,95.0,-1.9583334,0.68487597,3.702199,-2.0098777,0.8000001,0.8000001,1022.7834,100.0,0.44999996,1.8876424,3.963459,-0.7903333,5.799999,4.6999993,1022.5166,100.0,1.53125
2026-03-18,3.305588,10.364326,-2.6171553,0.0,0.0,1027.7374,100.0,0.70625,3.2366636,11.045908,-3.410922,0.0,0.0,1028.2916,100.0,-0.17424999,2.7974122,8.467144,-3.435391,0.0,0.0,1026.0791,100.0,-0.047916654,4.437633,9.950042,0.2477212,0.0,0.0,1025.4542,100.0,1.3979167,3.511306,8.282295,-1.3851261,0.0,0.0,1027.4415,100.0,0.7520835
2026-03-19,4.846397,9.891864,-0.3419168,0.0,0.0,1025.4917,100.0,0.8166666,4.8714695,10.556937,-0.036170006,0.0,0.0,1025.6625,100.0,1.0778333,2.8759387,8.389852,-3.4409804,0.0,0.0,1024.7373,100.0,-1.9833332,4.467859,9.361452,-0.41872,0.0,0.0,1024.2333,54.0,-1.0874999,3.4968252,8.32028,-2.259677,0.0,0.0,1025.0834,98.0,-0.49999997
2026-03-20,3.6975167,8.8638115,-1.2660179,0.3,0.3,1020.5293,100.0,1.5270834,3.168564,9.35043,-0.7977123,0.2,0.2,1020.66266,100.0,1.5299164,3.4462306,7.9605265,-2.3645968,0.0,0.0,1020.06244,100.0,-0.39791667,4.4623137,10.590845,-1.4290755,0.0,0.0,1019.10834,99.0,-0.2333333,3.5181892,8.185258,-1.5841854,0.1,0.1,1019.82495,100.0,-0.22291662
2026-03-21,3.7857406,5.9980745,2.0777154,0.6,0.6,1018.3708,100.0,2.71875,2.6015334,6.687419,-1.038899,2.1999998,1.9,1018.9458,100.0,2.76325,2.6551206,3.949934,-0.40186262,0.9000001,0.9000001,1017.67084,100.0,2.2562501,3.6530669,6.3328304,1.6529713,2.6,2.6,1017.88324,100.0,2.7333333,3.6221635,7.522374,0.9105854,1.2,1.2,1018.57916,100.0,0.18124998
2026-03-22,3.9833863,9.26325,-2.5756695,0.0,0.0,1018.3958,100.0,0.40208337,3.9957907,10.1961565,-1.9055097,0.0,0.0,1018.54584,93.0,-1.37425,1.9393716,6.16206,-2.0173206,0.3,0.3,1017.5332,63.0,0.09375,4.434416,9.193192,-1.0931082,0.0,0.0,1018.30817,100.0,-0.12916668,3.8292828,9.555487,-2.046447,0.0,0.0,1019.4792,100.0,-0.72499996
2026-03-23,5.733429,11.528996,-1.491214,0.0,0.0,1017.80005,100.0,0.44791672,5.0854993,12.4362545,-0.59258294,0.0,0.0,1018.0501,100.0,0.50491667,3.5273197,10.930251,-3.7345414,0.0,0.0,1017.4375,100.0,-0.7562497,5.8316383,12.14057,-0.33405995,0.0,0.0,1017.5459,86.0,0.58125,5.2917447,11.793592,-1.5561225,0.0,0.0,1017.9209,63.0,-1.1541666
2026-03-24,5.964403,12.490116,-1.0317895,0.0,0.0,1019.6792,100.0,-0.4333333,5.0307126,11.700421,-0.39064503,0.0,0.0,1019.22925,100.0,-0.77008337,4.7740364,10.928938,-2.3575015,0.0,0.0,1020.44165,100.0,-0.48124996,6.6646485,12.12961,0.32956648,0.0,0.0,1019.571,100.0,0.5541666,6.3194847,11.901514,0.66251993,0.0,0.0,1019.38745,100.0,-1.1145834
2026-03-25,5.42489,9.743122,2.2398596,1.2,1.2,1005.07916,100.0,0.83125,4.8573184,8.782147,2.1524282,1.6,1.6,1004.3044,100.0,2.5965831,4.5805225,10.238358,0.8805475,1.7,1.7,1006.6042,100.0,0.039583385,6.157106,12.491409,-0.06768131,0.8,0.8,1006.6833,100.0,1.1354166,5.799989,10.224916,0.4849577,1.0,1.0,1006.15814,100.0,-1.0937498
2026-03-26,0.730372,2.6359863,-1.0935268,1.6000001,1.6000001,1009.10406,100.0,-0.9645834,0.5279595,2.4518385,-1.4055703,0.3,0.3,1009.54987,100.0,-0.078416705,-1.3401967,0.56085014,-2.9369152,7.6999993,5.6000004,1008.59576,100.0,-0.95625,0.7947208,4.088373,-1.4389012,6.5,6.5,1005.5168,100.0,1.6687499,0.66060495,6.607148,-2.3749804,23.1,21.8,1005.70416,100.0,3.3791668
2026-03-27,-0.90392,2.6931653,-4.6278067,0.0,0.0,1020.15826,100.0,-4.4479165,-1.1537316,2.0711489,-4.9863596,0.0,0.0,1020.79584,100.0,-3.0200832,-2.195542,1.2330265,-5.2708526,0.0,0.0,1019.1123,100.0,-5.114583,-0.84674984,1.1217885,-2.806369,0.8,0.8,1015.52924,100.0,-1.8333331,-0.9962798,0.27660656,-2.137958,3.5000002,3.5000002,1015.7249,100.0,0.15
2026-03-28,1.141388,6.20173,-4.129483,0.0,0.0,1019.29584,100.0,-5.2374997,0.6074674,7.568557,-5.292537,0.0,0.0,1019.4041,100.0,-3.643,-1.2880213,2.8525658,-5.7923565,0.0,0.0,1019.5916,100.0,-5.4499993,-0.4317169,2.0046535,-3.1344454,0.0,0.0,1016.96674,100.0,-2.36875,-0.56242263,4.017598,-3.2116647,3.3999996,1.8000002,1016.57495,100.0,0.39583328
2026-03-29,1.3411002,4.163059,-0.5071125,1.0000001,1.0000001,1023.55005,100.0,-0.11041667,1.207863,4.3763227,-1.5401845,0.70000005,0.70000005,1023.76245,100.0,0.9757498,-0.93347937,1.6864223,-2.8675003,1.4000001,1.4000001,1023.7917,100.0,-1.3541669,0.5798827,2.8457055,-2.4603329,3.7999997,3.7999997,1020.41675,100.0,1.20625,0.064961694,2.0511732,-2.0808332,0.2,0.2,1020.071,100.0,1.9250001
2026-03-30,0.06678601,2.7409687,-2.365662,0.90000004,0.90000004,1016.4041,100.0,-0.7104166,0.17299592,2.9408603,-2.2230272,2.2,1.9000001,1015.80414,100.0,0.5445,-0.93487436,1.989543,-2.9610224,0.4,0.4,1017.7583,100.0,-1.7937499,2.1928096,5.089492,-0.7951448,0.6,0.6,1016.70844,100.0,0.33541667,2.7332623,5.59515,0.07538414,0.3,0.3,1015.79584,100.0,0.67708325
2026-03-31,0.5014277,3.5856733,-2.2372346,0.2,0.2,1021.44995,100.0,-0.4083333,0.8198568,4.225871,-1.4634349,0.6,0.6,1021.65826,100.0,0.9299166,-1.707871,0.8318577,-4.0525646,2.1000001,1.3000001,1021.46674,100.0,-1.7458334,0.47618178,2.3339615,-1.3000784,1.1,1.1,1018.4124,100.0,0.32499996,0.4423411,1.7833776,-1.3097587,11.099998,11.099998,1017.8501,100.0,2.627083
2026-04-01,2.4943502,7.129718,-0.8447783,0.1,0.1,1024.3125,100.0,-0.13125001,2.340337,5.9907465,-2.0992787,0.0,0.0,1024.8666,100.0,1.5340832,0.16512787,4.194586,-4.1500897,0.3,0.3,1023.95,100.0,-1.4791666,2.1570816,6.7433634,-2.9396,0.2,0.2,1022.30005,100.0,-0.38958338,2.3290346,5.748823,-1.7695849,0.1,0.1,1022.25836,100.0,0.6375
2026-04-02,3.646351,9.314413,-2.292098,0.0,0.0,1016.93756,87.0,-1.0229167,2.1158538,9.486276,-3.915681,0.0,0.0,1017.33746,98.0,-0.09925002,2.016578,5.5894756,-0.9516876,0.6,0.6,1016.8665,100.0,-0.23958333,4.4394484,9.712948,0.53189564,0.4,0.4,1014.1043,100.0,1.6041666,4.0270953,8.097528,-1.0480149,0.0,0.0,1014.51666,100.0,1.0791665
2026-04-03,4.950949,9.8769,-2.1343894,0.1,0.1,1016.30817,100.0,0.0062500187,4.137346,9.189132,-2.7682087,0.3,0.3,1016.2166,100.0,1.8444997,2.9362528,8.133143,-3.9281898,0.0,0.0,1017.03345,100.0,-0.72708344,4.7086105,9.592576,-1.1502562,0.0,0.0,1015.52075,91.0,-0.18333332,4.9178104,9.887405,-0.7979603,0.0,0.0,1015.14996,95.0,1.1458334
2026-04-04,7.957695,11.857975,3.7806883,0.5,0.5,1018.6167,100.0,4.15,7.3003163,11.379444,2.4444256,2.4,2.4,1018.06665,100.0,5.2903337,5.7072353,8.667228,2.480217,0.3,0.3,1020.6584,100.0,4.1083336,7.217959,11.674717,1.6905203,0.0,0.0,1019.2583,100.0,4.3104167,6.3511314,11.961441,0.71955633,0.4,0.4,1018.0,100.0,4.44375
2026-04-05,11.895219,18.069706,5.2342186,0.0,0.0,1017.73334,100.0,5.402083,10.348519,17.090109,2.6800408,0.3,0.3,1017.2375,100.0,6.85075,10.628905,17.580717,2.9659433,0.0,0.0,1019.8166,100.0,6.0104165,12.14827,18.756548,5.106127,0.0,0.0,1019.80414,100.0,6.441666,10.037825,15.611452,3.0742702,0.0,0.0,1018.93756,100.0,6.458334
2026-04-06,7.2258434,9.662738,4.294956,0.1,0.1,1024.4667,100.0,-2.4645832,5.5898438,9.188366,1.7231688,0.1,0.1,1024.7626,99.0,0.3340833,7.270269,10.793217,3.9125128,0.0,0.0,1024.4833,100.0,0.33541653,7.793753,13.270153,3.4008718,0.1,0.1,1023.1667,100.0,-1.05625,7.1043496,11.960474,2.6009665,1.6,1.6,1021.91656,100.0,0.28124964
2026-04-07,4.9730153,10.009503,0.3053007,0.0,0.0,1025.7416,29.0,-5.6312504,3.0512145,8.281298,-2.8821597,0.0,0.0,1026.2291,54.0,-1.6950833,4.984165,11.160643,-0.63032365,0.0,0.0,1025.2666,86.0,-3.0583332,4.290577,9.399233,-0.7780428,0.0,0.0,1024.1874,62.0,-5.5291667,3.0881367,7.6049366,-0.73651266,0.0,0.0,1023.17487,92.0,-4.5645833
2026-04-08,4.3801246,10.033641,-1.6319127,0.0,0.0,1027.9167,27.0,-4.6666665,3.2575397,9.386206,-2.8082554,0.0,0.0,1028.2709,20.0,-2.4617503,3.2556264,9.682274,-2.2519383,0.0,0.0,1027.3541,58.0,-4.6,2.9139957,7.7549534,-2.296691,0.0,0.0,1026.5667,83.0,-4.535416,0.6374703,3.1212645,-2.5521383,0.0,0.0,1026.8916,100.0,-2.1770833
